"collection_name","product_authority","constant_keys","observed_operations","source_file_count","source_files","evidence_locations","evidence_sha256","current_reviewed_source_count","unreviewed_source_files","review_status","ownership_model","rules_status","index_status","findings"
"_health","MenuList/shared","DB_COLLECTIONS.HEALTH | FUNCTIONS_DB_COLLECTIONS.HEALTH","constant definition | reference","2","functions/src/constants/database.ts | functions/src/schedulers/aiProviderHealth.ts","functions/src/schedulers/aiProviderHealth.ts:85 | functions/src/constants/database.ts:0","f96713c17f0f573f3c64de41639f7f3350f265a5d8d0b21c6fd53de86cf81b0b","2","","in-progress","MenuList internal Admin-only provider-health state. The daily maintenance task is the sole producer and exact-replaces `_health/aiProvider_gemini` with one bounded success or failure shape after the Gemini smoke check. No browser, public DTO, cache, Redux, SWR, local-storage, billing, queue or webhook consumer exists.","No explicit client rule path exists, so the root default deny blocks every browser read/write. The sole producer uses the MenuList Admin SDK from the scheduled Functions runtime after fixed-model provider execution.","One deterministic exact-document replacement only; no collection query, composite index or TTL policy is required.","AUDIT-AI-PROVIDER-HEALTH-MERGE-001 | AUDIT-COLLECTION-HEALTH-RETIRED-PRODUCER-METADATA-001"
"_system","MenuList/shared | SignalDesk","DB_COLLECTIONS.SYSTEM | FUNCTIONS_DB_COLLECTIONS.SYSTEM | SIGNALDESK_FUNCTIONS_COLLECTIONS.SYSTEM","constant definition | read/query | reference | transaction/batch","6","functions-signaldesk/src/constants/database.ts | functions/src/billing/reconcileSubscriptions.ts | functions/src/constants/database.ts | functions/src/decisionBlocksScoring.ts | functions/src/monitoring/publishVerification.ts | functions/src/schedulers/menulistMaintenanceScheduler.ts","functions/src/billing/reconcileSubscriptions.ts:477 | functions/src/decisionBlocksScoring.ts:492 | functions/src/decisionBlocksScoring.ts:568 | functions/src/monitoring/publishVerification.ts:258 | functions/src/schedulers/menulistMaintenanceScheduler.ts:320 | functions/src/schedulers/menulistMaintenanceScheduler.ts:352 | functions/src/schedulers/menulistMaintenanceScheduler.ts:404 | functions/src/schedulers/menulistMaintenanceScheduler.ts:405 | functions/src/schedulers/menulistMaintenanceScheduler.ts:2737 | functions/src/constants/database.ts:0 | functions-signaldesk/src/constants/database.ts:0","521d693d1c307a27199095223e7337e07b988a21b46eb961b4f810d128afde40","5","functions/src/schedulers/menulistMaintenanceScheduler.ts","in-progress","Separate Admin-only coordination families in the MenuList and SignalDesk Firebase projects. MenuList owns per-task maintenance leases/state, one platform-daily lease and one paged subscription-reconciliation cursor. SignalDesk owns product-bound scheduler leases/state plus transactional target-lifecycle and AI-detail backfill cursors; SignalDesk rows require pId SD","No explicit client path in either product ruleset; unmatched browser reads/writes are denied. Every observed producer/consumer uses its product-local Admin SDK","Every _system operation is an exact document read/write/delete or transaction; no query, composite index, single-field exemption or TTL policy is required","AUDIT-SCHEDULER-LEASE-OWNERSHIP-001 | AUDIT-COLLECTION-CATALOG-CONSTANT-SCOPE-001 | AUDIT-BILLING-RECONCILIATION-ENTITLEMENT-RECOVERY-001 | AUDIT-BILLING-RECONCILIATION-CURSOR-CLEANUP-001"
"agencyClientLinks","CampaignCue","CAMPAIGNCUE_COLLECTIONS.AGENCY_CLIENT_LINKS","constant definition | security-rule","2","firestore-campaigncue.rules | src/constants/campaigncue/database.ts","firestore-campaigncue.rules:99 | src/constants/campaigncue/database.ts:0","1b77c197b8bed5ebbc524e82a8abed48db8c48521c3a7d1dc628d8976947e876","2","","reviewed","Reserved CampaignCue workspace subcollection identity only; no current producer, consumer, query, route, job or deployed document contract exists","Only active durable CampaignCue workspace members with exact CC/tenant/store scope may read if a future server producer creates rows; every client write is denied and the dedicated emulator rejects same-scope nonmembers","No active query, composite index or TTL policy exists or is justified","AUDIT-CAMPAIGNCUE-FIREBASE-RULES-001 | AUDIT-CC-CLIENT-WORKSPACE-MEMBERSHIP-001"
"ai","Answerlattice | MenuList/shared","ANSWERLATTICE_FUNCTIONS_DB_COLLECTIONS.AI | DB_COLLECTIONS.AI | FUNCTIONS_DB_COLLECTIONS.AI","constant definition | delete | read/query | reference | security-rule | transaction/batch | write","15","firestore-answerlattice.rules | firestore.rules | functions-answerlattice/src/answerlattice/chatIntelligence.ts | functions-answerlattice/src/constants/database.ts | functions/src/analytics/feedbackIntelligence.ts | functions/src/analytics/weeklyNarrative.ts | functions/src/constants/database.ts | scripts/verification/test-answerlattice-chat-analytics-rules.ts | scripts/verification/test-answerlattice-chat-analytics-scheduler.ts | src/app/api/analytics/weekly-narrative/generate-local/route.ts | src/components/templates/answerlattice/weeklyDigest/AnswerlatticeWeeklyDigest.tsx | src/components/templates/platform/chatManagement/WeeklyDigest.tsx | src/constants/database.ts | src/lib/analytics/dal.ts | src/lib/answerlattice/workspaceLifecycleServer.ts","firestore-answerlattice.rules:235 | firestore.rules:925 | functions-answerlattice/src/answerlattice/chatIntelligence.ts:41 | functions-answerlattice/src/answerlattice/chatIntelligence.ts:348 | functions/src/analytics/feedbackIntelligence.ts:229 | functions/src/analytics/weeklyNarrative.ts:305 | scripts/verification/test-answerlattice-chat-analytics-rules.ts:33 | scripts/verification/test-answerlattice-chat-analytics-rules.ts:36 | scripts/verification/test-answerlattice-chat-analytics-rules.ts:39 | scripts/verification/test-answerlattice-chat-analytics-rules.ts:66 | scripts/verification/test-answerlattice-chat-analytics-rules.ts:68 | scripts/verification/test-answerlattice-chat-analytics-rules.ts:69 | scripts/verification/test-answerlattice-chat-analytics-rules.ts:70 | scripts/verification/test-answerlattice-chat-analytics-rules.ts:71 | scripts/verification/test-answerlattice-chat-analytics-rules.ts:72 | scripts/verification/test-answerlattice-chat-analytics-scheduler.ts:213 | scripts/verification/test-answerlattice-chat-analytics-scheduler.ts:214 | src/app/api/analytics/weekly-narrative/generate-local/route.ts:294 | src/components/templates/answerlattice/weeklyDigest/AnswerlatticeWeeklyDigest.tsx:126 | src/components/templates/platform/chatManagement/WeeklyDigest.tsx:64 | src/lib/analytics/dal.ts:148 | src/lib/analytics/dal.ts:157 | src/lib/answerlattice/workspaceLifecycleServer.ts:837 | src/constants/database.ts:0 | functions/src/constants/database.ts:0 | functions-answerlattice/src/constants/database.ts:0","c7cc54d4de2bcaa49681abe95a173776d47172b04270ca20b2571118fa717006","4","firestore.rules | functions-answerlattice/src/answerlattice/chatIntelligence.ts | functions/src/analytics/feedbackIntelligence.ts | functions/src/analytics/weeklyNarrative.ts | scripts/verification/test-answerlattice-chat-analytics-rules.ts | scripts/verification/test-answerlattice-chat-analytics-scheduler.ts | src/app/api/analytics/weekly-narrative/generate-local/route.ts | src/components/templates/answerlattice/weeklyDigest/AnswerlatticeWeeklyDigest.tsx | src/components/templates/platform/chatManagement/WeeklyDigest.tsx | src/constants/database.ts | src/lib/analytics/dal.ts","inventory-only","","rule path observed","",""
"aiCreditTransactions","MenuList/shared","AI_OPERATIONS_COLLECTIONS.AI_CREDIT_TRANSACTIONS","constant definition","1","src/constants/database.ts","src/constants/database.ts:0","fddd5a9a9dbec62725ba4b595a152ae47da01f7e83692aa19afaf94c6953b086","0","src/constants/database.ts","in-progress","Reserved legacy MenuList AI-operation collection name only; no active reader, writer, query, route, job or persisted contract references this standalone collection","No explicit client rule path; root default deny applies. Any future activation requires a new scoped ownership and runtime-validation review","No active query, document or retention path exists; no index or TTL policy is justified",""
"aiHelpCenterFeedback","MenuList/shared","DB_COLLECTIONS.AI_HELP_CENTER_FEEDBACK","constant definition | security-rule | write","3","firestore.rules | scripts/verification/test-tenant-store-scoped-rules.ts | src/constants/database.ts","firestore.rules:1109 | scripts/verification/test-tenant-store-scoped-rules.ts:245 | src/constants/database.ts:0","9d51af8b808a2e595b380e46698ae18d06f3f0ae26177aea31c66dcdefb1c12e","1","firestore.rules | src/constants/database.ts","in-progress","Reserved dormant MenuList help-feedback collection name only; no active application reader, writer, query, route, job, retention owner or persisted contract exists","The dedicated Firestore rule now denies every client read and write. Any future activation requires an explicit tenant/store ownership contract, validated producer and consumer, retention policy and emulator coverage","No active query or retention path exists; no composite index, field exemption or TTL policy is justified","AUDIT-AI-HELP-CENTER-FEEDBACK-DORMANT-WRITE-001"
"aiImagePromptCache","MenuList/shared","DB_COLLECTIONS.AI_IMAGE_PROMPT_CACHE | FUNCTIONS_DB_COLLECTIONS.AI_IMAGE_PROMPT_CACHE","cache/derived-state | constant definition | read/query","5","functions/src/constants/database.ts | functions/src/schedulers/menulistMaintenanceScheduler.ts | scripts/verification/verify-ai-accounting-hardening.js | src/constants/database.ts | src/lib/ai/imageGenerationPromptCache.ts","functions/src/schedulers/menulistMaintenanceScheduler.ts:1123 | scripts/verification/verify-ai-accounting-hardening.js:188 | src/lib/ai/imageGenerationPromptCache.ts:100 | src/constants/database.ts:0 | functions/src/constants/database.ts:0","16ff78adc8198ab84d39931975544ddae3558d6202150406acbedb9511b47ce1","2","functions/src/schedulers/menulistMaintenanceScheduler.ts | scripts/verification/verify-ai-accounting-hardening.js | src/constants/database.ts","in-progress","MenuList global server-only content-addressed image cache. The batch image route derives the SHA-256 key from exact model, normalized non-reference one-image generation config, schema version and raw prompt but persists only bounded prompt length and generated-media metadata. Fresh hits validate version/path/MIME/size/magic bytes, then copy bytes into a new requesting tenant/store-owned media object; they never reuse another store's URL. Writes use immutable versioned cache source objects plus one transaction-serialized active document. No browser, public DTO, Redux, SWR or local-storage consumer can address the cache directly.","No explicit Firestore or Storage cache match exists, so both root default-deny rules block every browser read/write. The Next.js server route uses Admin SDK after the owning batch-generation auth/scope pipeline; the maintenance Function uses Admin SDK only. Raw prompts are never persisted.","Exact SHA-256 document reads/writes use no composite. The hourly cleanup performs one bounded `expiresAt <= now` ordered query using the automatic single-field index, probes at most 26 rows, deletes at most 25 exact immutable source objects and conditionally deletes transaction-current matching expired documents. Coordinated deletion intentionally replaces Firestore TTL because Storage bytes must be removed first.","AUDIT-AI-PROMPT-CACHE-CLEANUP-RACE-001 | AUDIT-AI-PROMPT-CACHE-STAGED-SOURCE-ORPHAN-001"
"aiMenuManagerProposals","MenuList/shared","DB_COLLECTIONS.AI_MENU_MANAGER_PROPOSALS","cache/derived-state | constant definition | index definition | reference | security-rule | write","7","firestore.indexes.json | firestore.rules | scripts/verification/test-ai-menu-manager-emulator.ts | scripts/verification/test-ai-menu-manager-rules.ts | scripts/verification/verify-ai-menu-manager.js | src/constants/database.ts | src/database/aiMenuManager/server.ts","firestore.indexes.json:3141 | firestore.rules:133 | scripts/verification/test-ai-menu-manager-emulator.ts:268 | scripts/verification/test-ai-menu-manager-emulator.ts:303 | scripts/verification/test-ai-menu-manager-emulator.ts:322 | scripts/verification/test-ai-menu-manager-emulator.ts:384 | scripts/verification/test-ai-menu-manager-emulator.ts:390 | scripts/verification/test-ai-menu-manager-emulator.ts:403 | scripts/verification/test-ai-menu-manager-emulator.ts:412 | scripts/verification/test-ai-menu-manager-rules.ts:179 | scripts/verification/verify-ai-menu-manager.js:1666 | scripts/verification/verify-ai-menu-manager.js:421 | scripts/verification/verify-ai-menu-manager.js:1651 | src/database/aiMenuManager/server.ts:62 | src/constants/database.ts:0","7530b1c146d5de1fa434e70f6390ee2b264590d3c8e50c87b0e071943075c8f3","3","firestore.indexes.json | firestore.rules | scripts/verification/verify-ai-menu-manager.js | src/constants/database.ts","in-progress","MenuList server/Admin-only, exact tenant/store/project-scoped AI Menu Manager proposal and operation ledger. The protected command route derives selected-store scope from the authenticated session, checks MANAGE_MENU, builds a deterministic proposal ID from tenant/store/project/action/idempotency/patch identity, and transactionally writes one canonical proposal plus its compact session pointer. Protected action/completion routes independently re-establish store permission and persisted tenant/store/project/action identity before transaction-current approval, execution locking or terminal receipt settlement.","The dedicated /aiMenuManagerProposals/{proposalId} path denies every browser read and write. The authenticated rules emulator proves a valid owner cannot create a proposal row. Admin reads and mutations normalize exact document identity, closed proposal/card/patch/directive/receipt state, tenant/store/project scope and session linkage before use. The collection remains conservatively in-progress because the complete current shared rules file has not yet regained a whole-file current review fingerprint.","Exact deterministic document references serve create/retry/read/mutation. Inbox hydration reads at most 25 deduplicated IDs from the already scoped compact session with getAll and rechecks every proposal/session/card scope; it performs no proposal collection query. Native expiresAt TTL is declared for the 45-day creation retention contract. The current shared index file changed after its last full-file review, so its complete current contract remains a review blocker rather than being falsely closed from this relevant-range inspection.","AUDIT-AI-MENU-PROPOSAL-HYDRATION-SCOPE-001 | AUDIT-AI-MENU-PROPOSAL-TRANSACTION-001 | AUDIT-AI-MENU-COMMAND-RETRY-IDENTITY-001 | AUDIT-AI-MENU-PROPOSAL-RUNTIME-SHAPE-001"
"aiMenuManagerRules","MenuList/shared","DB_COLLECTIONS.AI_MENU_MANAGER_RULES","constant definition | read/query | security-rule | write","4","firestore.rules | scripts/verification/test-ai-menu-manager-rules.ts | scripts/verification/verify-ai-menu-manager.js | src/constants/database.ts","firestore.rules:137 | scripts/verification/test-ai-menu-manager-rules.ts:182 | scripts/verification/test-ai-menu-manager-rules.ts:187 | scripts/verification/verify-ai-menu-manager.js:1667 | scripts/verification/verify-ai-menu-manager.js:1667 | src/constants/database.ts:0","f8686be31f1537d082fde28e043295aeeb917a020d878a548af4a5d6054eabc8","1","firestore.rules | scripts/verification/verify-ai-menu-manager.js | src/constants/database.ts","in-progress","Reserved MenuList server/Admin-only AI Menu Manager rule-ledger namespace. No active reader, writer, query, route, job, DTO or retention owner exists; current AI Menu Manager runtime uses compact sessions and server-backed proposals instead","The dedicated rule path denies every client read and write. The authenticated rules emulator proves a valid current owner cannot create or read a rule-ledger document","No active query or retention path exists, so no composite index, field exemption or TTL policy is justified","AUDIT-AI-MENU-MANAGER-RULES-LEDGER-DENY-COVERAGE-001"
"aiMenuManagerSessions","MenuList/shared","DB_COLLECTIONS.AI_MENU_MANAGER_SESSIONS","constant definition | index definition | read/query | reference | security-rule | transaction/batch | write","8","firestore.indexes.json | firestore.rules | scripts/verification/test-ai-menu-manager-emulator.ts | scripts/verification/test-ai-menu-manager-rules.ts | scripts/verification/verify-ai-menu-manager.js | src/constants/database.ts | src/database/aiMenuManager/index.ts | src/database/aiMenuManager/server.ts","firestore.indexes.json:2065 | firestore.indexes.json:3135 | firestore.rules:115 | scripts/verification/test-ai-menu-manager-emulator.ts:29 | scripts/verification/test-ai-menu-manager-emulator.ts:211 | scripts/verification/test-ai-menu-manager-emulator.ts:348 | scripts/verification/test-ai-menu-manager-rules.ts:76 | scripts/verification/test-ai-menu-manager-rules.ts:77 | scripts/verification/test-ai-menu-manager-rules.ts:78 | scripts/verification/test-ai-menu-manager-rules.ts:81 | scripts/verification/test-ai-menu-manager-rules.ts:86 | scripts/verification/test-ai-menu-manager-rules.ts:92 | scripts/verification/test-ai-menu-manager-rules.ts:98 | scripts/verification/test-ai-menu-manager-rules.ts:102 | scripts/verification/test-ai-menu-manager-rules.ts:106 | scripts/verification/test-ai-menu-manager-rules.ts:110 | scripts/verification/test-ai-menu-manager-rules.ts:114 | scripts/verification/test-ai-menu-manager-rules.ts:118 | scripts/verification/test-ai-menu-manager-rules.ts:122 | scripts/verification/test-ai-menu-manager-rules.ts:138 | scripts/verification/test-ai-menu-manager-rules.ts:169 | scripts/verification/test-ai-menu-manager-rules.ts:175 | scripts/verification/test-ai-menu-manager-rules.ts:178 | scripts/verification/test-ai-menu-manager-rules.ts:191 | scripts/verification/test-ai-menu-manager-rules.ts:195 | scripts/verification/verify-ai-menu-manager.js:1654 | scripts/verification/verify-ai-menu-manager.js:1651 | src/database/aiMenuManager/index.ts:210 | src/database/aiMenuManager/index.ts:210 | src/database/aiMenuManager/server.ts:55 | src/database/aiMenuManager/server.ts:309 | src/constants/database.ts:0","f1f9f5e219d8b9b2d060a4e86fff683b6a559f72bc86b43eec32996da252e74f","4","firestore.indexes.json | firestore.rules | scripts/verification/verify-ai-menu-manager.js | src/constants/database.ts","in-progress","MenuList tenant/store/project-scoped compact AI Menu Manager session truth. Browser direct access first derives the current tenant from the authenticated NextAuth session, proves selected-store membership, synchronizes Firebase Auth claims and builds a deterministic tenant/store/date/project document ID. The client transaction stores capped conversation messages, pending cards/operations, recent receipts, counters and expiry. Guarded server fallback may write the same compact session beside an Admin-only proposal when direct rules deny access.","Create/read/update require an authenticated platform or exact tenant/store admin and deterministic document identity; create refuses overwrite, update freezes tenant/store/project/session/date scope, and delete is denied. Current runtime normalization independently binds every top-level and nested operation/card/receipt to canonical session, tenant, store and project truth. Real rules and Admin emulators pass. The collection remains conservatively in-progress because the complete shared rules file and changed aggregate verifier lack current whole-file review evidence.","Normal browser access is one exact document read or one transaction read/write. Cross-day server recovery is a tenant/store/project/hasPending equality query ordered by updatedAt descending and limited to one, supported by the declared composite. Native expiresAt TTL covers the 35-day rolling retention contract. Current shared index whole-file review remains stale, so this row is not falsely closed from relevant-range inspection.","AUDIT-AI-MENU-SESSION-IDENTITY-001 | AUDIT-AI-MENU-CLIENT-SESSION-CONCURRENCY-001 | AUDIT-AI-MENU-SESSION-RUNTIME-SHAPE-001 | AUDIT-AI-MENU-CLIENT-TERMINAL-RETRY-001"
"aiSearchHistory","Answerlattice | MenuList/shared","ANSWERLATTICE_FUNCTIONS_DB_COLLECTIONS.AI_SEARCH_HISTORY | DB_COLLECTIONS.AI_SEARCH_HISTORY | FUNCTIONS_DB_COLLECTIONS.AI_SEARCH_HISTORY","cache/derived-state | constant definition | delete | index definition | read/query | reference | security-rule | transaction/batch | write","29","firestore-answerlattice.indexes.json | firestore-answerlattice.rules | firestore.indexes.json | firestore.rules | functions-answerlattice/src/answerlattice/answerlatticeNightly.ts | functions-answerlattice/src/answerlattice/dataRetention.ts | functions-answerlattice/src/answerlattice/frictionAggregation.ts | functions-answerlattice/src/answerlattice/supportBoardSync.ts | functions-answerlattice/src/constants/database.ts | functions/src/constants/database.ts | scripts/verification/test-answerlattice-chat-analytics-rules.ts | scripts/verification/test-answerlattice-chat-session-rules.ts | scripts/verification/test-answerlattice-content-feedback-emulator.ts | scripts/verification/test-answerlattice-search-cache-emulator.ts | scripts/verification/test-answerlattice-support-board-contracts.ts | scripts/verification/test-answerlattice-widget-escalation-emulator.ts | scripts/verification/test-answerlattice-workspace-lifecycle-contracts.ts | scripts/verification/verify-answerlattice-feedback-boundary.js | scripts/verification/verify-answerlattice-runtime-truth.js | src/app/api/answerlattice/widget-activity/route.ts | src/app/api/widget/feedback/route.ts | src/app/api/widget/guidance-outcome/route.ts | src/constants/database.ts | src/database/aiSearchHistory/index.ts | src/database/aiSearchHistory/server.ts | src/database/chatSessions/index.ts | src/lib/answerlattice/widgetEscalationServer.ts | src/lib/answerlattice/workspaceLifecycleContracts.ts | src/lib/answerlattice/workspaceLifecycleServer.ts","firestore-answerlattice.indexes.json:70 | firestore-answerlattice.indexes.json:110 | firestore-answerlattice.indexes.json:121 | firestore-answerlattice.indexes.json:131 | firestore-answerlattice.indexes.json:434 | firestore-answerlattice.indexes.json:460 | firestore-answerlattice.indexes.json:482 | firestore-answerlattice.indexes.json:2053 | firestore-answerlattice.rules:349 | firestore.indexes.json:61 | firestore.indexes.json:101 | firestore.indexes.json:112 | firestore.indexes.json:122 | firestore.indexes.json:1969 | firestore.indexes.json:1980 | firestore.indexes.json:1990 | firestore.indexes.json:3129 | firestore.rules:823 | functions-answerlattice/src/answerlattice/answerlatticeNightly.ts:1040 | functions-answerlattice/src/answerlattice/answerlatticeNightly.ts:1049 | functions-answerlattice/src/answerlattice/answerlatticeNightly.ts:1500 | functions-answerlattice/src/answerlattice/answerlatticeNightly.ts:1510 | functions-answerlattice/src/answerlattice/dataRetention.ts:590 | functions-answerlattice/src/answerlattice/frictionAggregation.ts:325 | functions-answerlattice/src/answerlattice/frictionAggregation.ts:335 | functions-answerlattice/src/answerlattice/supportBoardSync.ts:483 | functions-answerlattice/src/answerlattice/supportBoardSync.ts:509 | scripts/verification/test-answerlattice-chat-analytics-rules.ts:29 | scripts/verification/test-answerlattice-chat-analytics-rules.ts:75 | scripts/verification/test-answerlattice-chat-analytics-rules.ts:85 | scripts/verification/test-answerlattice-chat-analytics-rules.ts:88 | scripts/verification/test-answerlattice-chat-session-rules.ts:133 | scripts/verification/test-answerlattice-chat-session-rules.ts:139 | scripts/verification/test-answerlattice-chat-session-rules.ts:154 | scripts/verification/test-answerlattice-chat-session-rules.ts:155 | scripts/verification/test-answerlattice-chat-session-rules.ts:160 | scripts/verification/test-answerlattice-content-feedback-emulator.ts:335 | scripts/verification/test-answerlattice-content-feedback-emulator.ts:335 | scripts/verification/test-answerlattice-content-feedback-emulator.ts:338 | scripts/verification/test-answerlattice-content-feedback-emulator.ts:338 | scripts/verification/test-answerlattice-content-feedback-emulator.ts:369 | scripts/verification/test-answerlattice-content-feedback-emulator.ts:369 | scripts/verification/test-answerlattice-content-feedback-emulator.ts:370 | scripts/verification/test-answerlattice-content-feedback-emulator.ts:370 | scripts/verification/test-answerlattice-search-cache-emulator.ts:136 | scripts/verification/test-answerlattice-support-board-contracts.ts:55 | scripts/verification/test-answerlattice-widget-escalation-emulator.ts:55 | scripts/verification/test-answerlattice-widget-escalation-emulator.ts:55 | scripts/verification/test-answerlattice-widget-escalation-emulator.ts:88 | scripts/verification/test-answerlattice-widget-escalation-emulator.ts:88 | scripts/verification/test-answerlattice-widget-escalation-emulator.ts:106 | scripts/verification/test-answerlattice-widget-escalation-emulator.ts:106 | scripts/verification/test-answerlattice-widget-escalation-emulator.ts:120 | scripts/verification/test-answerlattice-widget-escalation-emulator.ts:120 | scripts/verification/test-answerlattice-widget-escalation-emulator.ts:130 | scripts/verification/test-answerlattice-widget-escalation-emulator.ts:130 | scripts/verification/test-answerlattice-workspace-lifecycle-contracts.ts:6 | scripts/verification/verify-answerlattice-feedback-boundary.js:338 | scripts/verification/verify-answerlattice-runtime-truth.js:10067 | scripts/verification/verify-answerlattice-runtime-truth.js:8207 | scripts/verification/verify-answerlattice-runtime-truth.js:8339 | src/app/api/answerlattice/widget-activity/route.ts:141 | src/app/api/answerlattice/widget-activity/route.ts:157 | src/app/api/widget/feedback/route.ts:242 | src/app/api/widget/guidance-outcome/route.ts:172 | src/database/aiSearchHistory/index.ts:12 | src/database/aiSearchHistory/server.ts:18 | src/database/chatSessions/index.ts:49 | src/lib/answerlattice/widgetEscalationServer.ts:117 | src/lib/answerlattice/workspaceLifecycleContracts.ts:32 | src/lib/answerlattice/workspaceLifecycleContracts.ts:64 | src/lib/answerlattice/workspaceLifecycleServer.ts:20 | src/constants/database.ts:0 | functions/src/constants/database.ts:0 | functions-answerlattice/src/constants/database.ts:0","0f5b61b6e9c319ea0ad13a191631ccdea9e7cc7b073c6ede066941f2bd308027","11","firestore.indexes.json | firestore.rules | functions-answerlattice/src/answerlattice/answerlatticeNightly.ts | functions-answerlattice/src/answerlattice/frictionAggregation.ts | functions-answerlattice/src/answerlattice/supportBoardSync.ts | scripts/verification/test-answerlattice-chat-analytics-rules.ts | scripts/verification/test-answerlattice-chat-session-rules.ts | scripts/verification/test-answerlattice-search-cache-emulator.ts | scripts/verification/test-answerlattice-support-board-contracts.ts | scripts/verification/verify-answerlattice-runtime-truth.js | src/app/api/answerlattice/widget-activity/route.ts | src/app/api/widget/feedback/route.ts | src/app/api/widget/guidance-outcome/route.ts | src/constants/database.ts | src/database/aiSearchHistory/index.ts | src/database/aiSearchHistory/server.ts | src/database/chatSessions/index.ts | src/lib/answerlattice/widgetEscalationServer.ts","inventory-only","","rule path observed","",""
"analytics","MenuList/shared","DB_COLLECTIONS.ANALYTICS | FUNCTIONS_DB_COLLECTIONS.ANALYTICS","cache/derived-state | constant definition | delete | index definition | read/query | reference | security-rule | transaction/batch | write","21","firestore.indexes.json | firestore.rules | functions/src/aggregateCustomerAnalytics.ts | functions/src/analytics/dashboardSummaryAggregation.ts | functions/src/analytics/healthSignalsComputation.ts | functions/src/analytics/obpAnalyticsAggregation.ts | functions/src/constants/database.ts | functions/src/intelligence/shared/analyticsAggregator.ts | functions/src/ownerBusinessAssistant/buildOwnerBusinessAnalyticsIndex.ts | scripts/verification/test-analytics-admin-write-emulator.ts | scripts/verification/test-analytics-rules.ts | scripts/verification/test-analytics-settlement-emulator.ts | scripts/verification/test-intelligence-snapshot-replacement-emulator.ts | scripts/verification/test-owner-action-receipt-transaction-emulator.ts | scripts/verification/verify-analytics-write-boundary.js | scripts/verification/verify-menulist-api-tenant-safety.js | src/app/api/analytics/owner-action/mark-done/route.ts | src/constants/database.ts | src/database/analytics/index.ts | src/database/ownerDashboard/index.ts | src/lib/analytics/serverWrite.ts","firestore.indexes.json:1850 | firestore.indexes.json:3159 | firestore.indexes.json:3164 | firestore.indexes.json:3169 | firestore.indexes.json:3174 | firestore.indexes.json:3179 | firestore.rules:789 | functions/src/aggregateCustomerAnalytics.ts:63 | functions/src/analytics/dashboardSummaryAggregation.ts:11 | functions/src/analytics/healthSignalsComputation.ts:148 | functions/src/analytics/obpAnalyticsAggregation.ts:762 | functions/src/analytics/obpAnalyticsAggregation.ts:797 | functions/src/analytics/obpAnalyticsAggregation.ts:798 | functions/src/analytics/obpAnalyticsAggregation.ts:800 | functions/src/analytics/obpAnalyticsAggregation.ts:920 | functions/src/analytics/obpAnalyticsAggregation.ts:1030 | functions/src/analytics/obpAnalyticsAggregation.ts:1031 | functions/src/analytics/obpAnalyticsAggregation.ts:1076 | functions/src/analytics/obpAnalyticsAggregation.ts:1087 | functions/src/intelligence/shared/analyticsAggregator.ts:213 | functions/src/ownerBusinessAssistant/buildOwnerBusinessAnalyticsIndex.ts:430 | functions/src/ownerBusinessAssistant/buildOwnerBusinessAnalyticsIndex.ts:431 | scripts/verification/test-analytics-admin-write-emulator.ts:8 | scripts/verification/test-analytics-admin-write-emulator.ts:8 | scripts/verification/test-analytics-rules.ts:39 | scripts/verification/test-analytics-rules.ts:60 | scripts/verification/test-analytics-rules.ts:63 | scripts/verification/test-analytics-rules.ts:64 | scripts/verification/test-analytics-rules.ts:65 | scripts/verification/test-analytics-rules.ts:70 | scripts/verification/test-analytics-rules.ts:74 | scripts/verification/test-analytics-settlement-emulator.ts:63 | scripts/verification/test-analytics-settlement-emulator.ts:63 | scripts/verification/test-analytics-settlement-emulator.ts:92 | scripts/verification/test-analytics-settlement-emulator.ts:92 | scripts/verification/test-analytics-settlement-emulator.ts:102 | scripts/verification/test-analytics-settlement-emulator.ts:102 | scripts/verification/test-analytics-settlement-emulator.ts:120 | scripts/verification/test-analytics-settlement-emulator.ts:120 | scripts/verification/test-analytics-settlement-emulator.ts:124 | scripts/verification/test-analytics-settlement-emulator.ts:124 | scripts/verification/test-analytics-settlement-emulator.ts:142 | scripts/verification/test-analytics-settlement-emulator.ts:142 | scripts/verification/test-analytics-settlement-emulator.ts:150 | scripts/verification/test-analytics-settlement-emulator.ts:150 | scripts/verification/test-analytics-settlement-emulator.ts:151 | scripts/verification/test-analytics-settlement-emulator.ts:151 | scripts/verification/test-analytics-settlement-emulator.ts:159 | scripts/verification/test-analytics-settlement-emulator.ts:159 | scripts/verification/test-analytics-settlement-emulator.ts:169 | scripts/verification/test-analytics-settlement-emulator.ts:169 | scripts/verification/test-analytics-settlement-emulator.ts:170 | scripts/verification/test-analytics-settlement-emulator.ts:170 | scripts/verification/test-analytics-settlement-emulator.ts:179 | scripts/verification/test-analytics-settlement-emulator.ts:179 | scripts/verification/test-analytics-settlement-emulator.ts:180 | scripts/verification/test-analytics-settlement-emulator.ts:180 | scripts/verification/test-analytics-settlement-emulator.ts:195 | scripts/verification/test-analytics-settlement-emulator.ts:195 | scripts/verification/test-analytics-settlement-emulator.ts:200 | scripts/verification/test-analytics-settlement-emulator.ts:200 | scripts/verification/test-analytics-settlement-emulator.ts:201 | scripts/verification/test-analytics-settlement-emulator.ts:201 | scripts/verification/test-analytics-settlement-emulator.ts:224 | scripts/verification/test-analytics-settlement-emulator.ts:224 | scripts/verification/test-analytics-settlement-emulator.ts:230 | scripts/verification/test-analytics-settlement-emulator.ts:230 | scripts/verification/test-analytics-settlement-emulator.ts:242 | scripts/verification/test-analytics-settlement-emulator.ts:242 | scripts/verification/test-analytics-settlement-emulator.ts:243 | scripts/verification/test-analytics-settlement-emulator.ts:243 | scripts/verification/test-analytics-settlement-emulator.ts:251 | scripts/verification/test-analytics-settlement-emulator.ts:251 | scripts/verification/test-analytics-settlement-emulator.ts:267 | scripts/verification/test-analytics-settlement-emulator.ts:267 | scripts/verification/test-analytics-settlement-emulator.ts:268 | scripts/verification/test-analytics-settlement-emulator.ts:268 | scripts/verification/test-analytics-settlement-emulator.ts:275 | scripts/verification/test-analytics-settlement-emulator.ts:275 | scripts/verification/test-analytics-settlement-emulator.ts:276","4d39156fcea018da32d74c3dd3c0ab9f2e9a1c0bf54d5e80f2ac20cf98d1fc8b","9","firestore.indexes.json | firestore.rules | functions/src/aggregateCustomerAnalytics.ts | functions/src/analytics/dashboardSummaryAggregation.ts | functions/src/analytics/obpAnalyticsAggregation.ts | functions/src/intelligence/shared/analyticsAggregator.ts | functions/src/ownerBusinessAssistant/buildOwnerBusinessAnalyticsIndex.ts | scripts/verification/test-analytics-settlement-emulator.ts | scripts/verification/test-intelligence-snapshot-replacement-emulator.ts | scripts/verification/verify-analytics-write-boundary.js | scripts/verification/verify-menulist-api-tenant-safety.js | src/constants/database.ts","inventory-only","","rule path observed","",""
"analyticsDeliveryReceipts","MenuList/shared","DB_COLLECTIONS.ANALYTICS_DELIVERY_RECEIPTS","constant definition | index definition | read/query | security-rule | transaction/batch | write","6","firestore.indexes.json | firestore.rules | scripts/verification/test-analytics-rules.ts | scripts/verification/verify-analytics-write-boundary.js | src/constants/database.ts | src/lib/analytics/serverWrite.ts","firestore.indexes.json:3147 | firestore.rules:799 | scripts/verification/test-analytics-rules.ts:78 | scripts/verification/verify-analytics-write-boundary.js:380 | src/lib/analytics/serverWrite.ts:177 | src/constants/database.ts:0","fbe6f5e08430d614b7f011617494903baa86ed03400a3e42eaa4c7293528c8fe","2","firestore.indexes.json | firestore.rules | scripts/verification/verify-analytics-write-boundary.js | src/constants/database.ts","inventory-only","","rule path observed","",""
"analyticsSummaries","CampaignCue","CAMPAIGNCUE_COLLECTIONS.ANALYTICS_SUMMARIES","constant definition | read/query | reference | security-rule | transaction/batch | write","3","firestore-campaigncue.rules | src/constants/campaigncue/database.ts | src/lib/campaigncue/server.ts","firestore-campaigncue.rules:66 | src/lib/campaigncue/server.ts:1114 | src/lib/campaigncue/server.ts:1599 | src/lib/campaigncue/server.ts:1662 | src/lib/campaigncue/server.ts:2765 | src/lib/campaigncue/server.ts:3106 | src/lib/campaigncue/server.ts:3241 | src/lib/campaigncue/server.ts:3539 | src/constants/campaigncue/database.ts:0","d0f0ada08068926ae3857aa8ab8b60b67375037e852da286bf8e4084936eaaa8","3","","reviewed","Dedicated CampaignCue workspace-nested compact analytics summary, keyed by the deterministic dashboard document. Exact CC workspace bootstrap create-only seeds it; campaign/action transactions increment bounded counters atomically with their durable effects; analytics and decision-authority reads strictly project exact workspace identity and malformed rows fall back to an observable safe seed","Direct browser reads require a current active exact-CC workspace containing the authenticated user with an admitted human role. Client creates, updates and deletes are denied; all mutations use the dedicated Admin SDK after current MenuList store/session and CampaignCue membership admission","Runtime uses one exact dashboard document read/write only; no composite index, pagination or TTL policy is required","AUDIT-CAMPAIGNCUE-FIREBASE-RULES-001 | AUDIT-CC-ACTION-TRANSACTION-001 | AUDIT-CC-PERSISTED-RECORD-BOUNDARY-001 | AUDIT-CC-READ-COST-TRUTH-001"
"answerlattice_aiCapacityReservations","Answerlattice | MenuList/shared","ANSWERLATTICE_DB_COLLECTIONS.ANSWERLATTICE_AI_CAPACITY_RESERVATIONS | ANSWERLATTICE_FUNCTIONS_DB_COLLECTIONS.ANSWERLATTICE_AI_CAPACITY_RESERVATIONS | DB_COLLECTIONS.ANSWERLATTICE_AI_CAPACITY_RESERVATIONS","constant definition | delete | index definition | read/query | reference | transaction/batch | write","12","firestore-answerlattice.indexes.json | firestore.indexes.json | functions-answerlattice/src/answerlattice/aiCapacityReservationRecovery.ts | functions-answerlattice/src/constants/database.ts | scripts/verification/test-answerlattice-billing-rules.ts | scripts/verification/test-answerlattice-support-search-accounting-emulator.ts | scripts/verification/test-answerlattice-workspace-lifecycle-contracts.ts | scripts/verification/verify-answerlattice-runtime-truth.js | src/constants/answerlattice/database.ts | src/lib/answerlattice/aiAccounting.ts | src/lib/answerlattice/workspaceLifecycleContracts.ts | src/lib/answerlattice/workspaceLifecycleServer.ts","firestore-answerlattice.indexes.json:1917 | firestore.indexes.json:2920 | functions-answerlattice/src/answerlattice/aiCapacityReservationRecovery.ts:96 | scripts/verification/test-answerlattice-billing-rules.ts:91 | scripts/verification/test-answerlattice-billing-rules.ts:208 | scripts/verification/test-answerlattice-billing-rules.ts:213 | scripts/verification/test-answerlattice-billing-rules.ts:215 | scripts/verification/test-answerlattice-billing-rules.ts:213 | scripts/verification/test-answerlattice-support-search-accounting-emulator.ts:204 | scripts/verification/test-answerlattice-support-search-accounting-emulator.ts:298 | scripts/verification/test-answerlattice-support-search-accounting-emulator.ts:317 | scripts/verification/test-answerlattice-workspace-lifecycle-contracts.ts:6 | scripts/verification/verify-answerlattice-runtime-truth.js:10067 | src/lib/answerlattice/aiAccounting.ts:467 | src/lib/answerlattice/aiAccounting.ts:767 | src/lib/answerlattice/aiAccounting.ts:803 | src/lib/answerlattice/workspaceLifecycleContracts.ts:32 | src/lib/answerlattice/workspaceLifecycleContracts.ts:45 | src/lib/answerlattice/workspaceLifecycleServer.ts:20 | src/constants/answerlattice/database.ts:0 | functions-answerlattice/src/constants/database.ts:0","ac9862203915d247a7ed49214eaae802d7da09d76bbec685bcb81c73f11a264f","10","firestore.indexes.json | scripts/verification/verify-answerlattice-runtime-truth.js","in-progress","Answerlattice server/Admin-only root recovery pointer for a deterministic nested reserved AI operation. The app transaction writes exact AL product, positive numeric tenant/store scope, canonical operation ID/hash, exact subscription ID/action/units and a bounded recovery timestamp only after atomically debiting the exact subscription buckets. The existing hourly Answerlattice master scheduler re-reads current pointer, nested operation and subscription evidence in one transaction, restores exact credits within the same billing period and ceiling, marks the nested operation refunded and deletes the pointer. Settlement and request failure delete the pointer transactionally; malformed or conflicting evidence remains fail-closed for operator repair","Dedicated and shared Answerlattice Firestore rules provide no client match, so root default deny protects reads, queries and writes. Focused emulator tests prove billing users, owners, managers and foreign-tenant users cannot access the collection; only trusted Admin app/Functions code participates","Recovery uses the automatic single-field recoveryAt index with a due-time inequality, limit 50 and transaction-current due-time recheck. No composite index is required; remote deployment of the new Function remains blocked by Firebase CLI authentication","AUDIT-ANSWERLATTICE-SUPPORT-SEARCH-RESERVATION-001 | AUDIT-ANSWERLATTICE-AI-RECOVERY-OBSERVABILITY-001 | AUDIT-COLLECTION-CATALOG-RUNTIME-REGISTRY-CONSUMER-001"
"answerlattice_aiOperations","Answerlattice | MenuList/shared","ANSWERLATTICE_DB_COLLECTIONS.ANSWERLATTICE_AI_OPERATIONS | ANSWERLATTICE_FUNCTIONS_DB_COLLECTIONS.ANSWERLATTICE_AI_OPERATIONS | DB_COLLECTIONS.ANSWERLATTICE_AI_OPERATIONS","constant definition | delete | read/query | reference | security-rule | transaction/batch | write","14","firestore-answerlattice.rules | firestore.rules | functions-answerlattice/src/answerlattice/aiCapacityReservationRecovery.ts | functions-answerlattice/src/answerlattice/aiOperationAccounting.ts | functions-answerlattice/src/constants/database.ts | scripts/verification/test-ai-operation-log-scope-boundary.ts | scripts/verification/test-answerlattice-functions-ai-accounting-emulator.ts | scripts/verification/test-answerlattice-support-search-accounting-emulator.ts | scripts/verification/verify-answerlattice-runtime-truth.js | src/app/api/answerlattice/ai-operations/route.ts | src/constants/answerlattice/database.ts | src/lib/ai/operationLog.ts | src/lib/answerlattice/aiAccounting.ts | src/lib/answerlattice/workspaceLifecycleServer.ts","firestore-answerlattice.rules:125 | firestore.rules:479 | functions-answerlattice/src/answerlattice/aiCapacityReservationRecovery.ts:134 | functions-answerlattice/src/answerlattice/aiOperationAccounting.ts:471 | scripts/verification/test-ai-operation-log-scope-boundary.ts:40 | scripts/verification/test-answerlattice-functions-ai-accounting-emulator.ts:13 | scripts/verification/test-answerlattice-functions-ai-accounting-emulator.ts:13 | scripts/verification/test-answerlattice-support-search-accounting-emulator.ts:77 | scripts/verification/test-answerlattice-support-search-accounting-emulator.ts:226 | scripts/verification/test-answerlattice-support-search-accounting-emulator.ts:238 | scripts/verification/test-answerlattice-support-search-accounting-emulator.ts:245 | scripts/verification/test-answerlattice-support-search-accounting-emulator.ts:302 | scripts/verification/test-answerlattice-support-search-accounting-emulator.ts:320 | scripts/verification/verify-answerlattice-runtime-truth.js:2549 | src/app/api/answerlattice/ai-operations/route.ts:126 | src/app/api/answerlattice/ai-operations/route.ts:291 | src/lib/ai/operationLog.ts:56 | src/lib/ai/operationLog.ts:128 | src/lib/answerlattice/aiAccounting.ts:463 | src/lib/answerlattice/aiAccounting.ts:714 | src/lib/answerlattice/aiAccounting.ts:797 | src/lib/answerlattice/aiAccounting.ts:903 | src/lib/answerlattice/aiAccounting.ts:1156 | src/lib/answerlattice/workspaceLifecycleServer.ts:818 | src/constants/answerlattice/database.ts:0 | functions-answerlattice/src/constants/database.ts:0","e137d9a8b8142c23001f3277e0bf4e6812a9b3929fff37a16a3f5a2fbad1f048","12","firestore.rules | scripts/verification/verify-answerlattice-runtime-truth.js","in-progress","Answerlattice-only positive tenant/workspace-scoped server/Admin AI operation ledger. App accounting uses exact product-local Admin selection, canonical path construction, agreement-based session identity, safe-integer credit/unit arithmetic, deterministic reservation identity, closed compact response projection and writer-owned timestamps. Support search creates a reserved shell before provider work and transactionally settles success/refund; Functions producers use the same exact scope/scalar and action-specific response admission. Owner/platform history and workspace erasure are the only readers/deleter and both revalidate exact product/workspace ownership.","Both shared and separate Answerlattice rules expose platform-admin read only and deny client writes. Server/Admin producers bypass rules but select the exact Answerlattice datastore and persist pId/tId/sId. The protected history route independently authorizes the current workspace and projects explicit owner/platform allowlists.","Protected history uses exact pId/tId/sId plus bounded createdOn ordering, optional action/date filters and persisted-cursor corroboration. Capacity recovery uses the reviewed reservation-recovery index; workspace erasure uses bounded exact-scope queries. No unbounded reader or undocumented client query remains in the complete 14-file evidence set, including the generic shared operation logger and its exact product-scope regression.","AUDIT-AI-OPERATION-PRODUCT-SCOPE-001 | AUDIT-AI-OPERATION-SESSION-SCOPE-001 | AUDIT-AI-OPERATION-RESPONSE-SUMMARY-ALLOWLIST-001 | AUDIT-AI-OPERATION-DOCUMENT-ALLOWLIST-001 | AUDIT-ANSWERLATTICE-AI-CREDIT-SCALAR-001 | AUDIT-ANSWERLATTICE-SUPPORT-SEARCH-RESERVATION-001 | AUDIT-ANSWERLATTICE-ERASURE-BILLING-ACTIVATION-RACE-001 | AUDIT-COLLECTION-CATALOG-GENERIC-PRODUCT-ALIAS-001"
"answerlattice_auditLogs","Answerlattice | MenuList/shared","ANSWERLATTICE_DB_COLLECTIONS.ANSWERLATTICE_AUDIT_LOGS | ANSWERLATTICE_FUNCTIONS_DB_COLLECTIONS.ANSWERLATTICE_AUDIT_LOGS | DB_COLLECTIONS.ANSWERLATTICE_AUDIT_LOGS | FUNCTIONS_DB_COLLECTIONS.ANSWERLATTICE_AUDIT_LOGS","constant definition | delete | index definition | read/query | reference | security-rule | transaction/batch | write","33","firestore-answerlattice.indexes.json | firestore-answerlattice.rules | firestore.indexes.json | firestore.rules | functions-answerlattice/src/answerlattice/answerlatticeNightly.ts | functions-answerlattice/src/answerlattice/draftGenerator.ts | functions-answerlattice/src/answerlattice/onboardingBootstrap.ts | functions-answerlattice/src/answerlattice/resolutionExtractor.ts | functions-answerlattice/src/constants/database.ts | functions/src/constants/database.ts | scripts/verification/test-answerlattice-governance-emulator.ts | scripts/verification/test-answerlattice-governance-rules.ts | scripts/verification/test-answerlattice-predictive-rules.ts | scripts/verification/test-answerlattice-public-api-key-emulator.ts | scripts/verification/test-answerlattice-public-api-rules.ts | scripts/verification/test-answerlattice-release-emulator.ts | scripts/verification/test-answerlattice-source-governance.ts | scripts/verification/test-answerlattice-workspace-lifecycle-contracts.ts | scripts/verification/verify-answerlattice-runtime-truth.js | src/app/api/answerlattice/answer-tests/rollback/route.ts | src/app/api/answerlattice/mutation-proposals/regenerate-draft/route.ts | src/constants/answerlattice/database.ts | src/database/answerlattice/auditLogs.ts | src/database/answerlattice/mutationProposals.ts | src/database/answerlattice/predictiveTriggers.ts | src/lib/answerlattice/governanceServer.ts | src/lib/answerlattice/knowledgeIntake.ts | src/lib/answerlattice/ontologyServer.ts | src/lib/answerlattice/publicApiKeyStore.ts | src/lib/answerlattice/releaseServer.ts | src/lib/answerlattice/supportTruthExport.ts | src/lib/answerlattice/workspaceLifecycleContracts.ts | src/lib/answerlattice/workspaceLifecycleServer.ts","firestore-answerlattice.indexes.json:1523 | firestore-answerlattice.indexes.json:1553 | firestore-answerlattice.indexes.json:1575 | firestore-answerlattice.rules:98 | firestore.indexes.json:2526 | firestore.indexes.json:2556 | firestore.indexes.json:2578 | firestore.rules:452 | functions-answerlattice/src/answerlattice/answerlatticeNightly.ts:606 | functions-answerlattice/src/answerlattice/answerlatticeNightly.ts:668 | functions-answerlattice/src/answerlattice/draftGenerator.ts:561 | functions-answerlattice/src/answerlattice/onboardingBootstrap.ts:758 | functions-answerlattice/src/answerlattice/resolutionExtractor.ts:485 | functions-answerlattice/src/answerlattice/resolutionExtractor.ts:654 | scripts/verification/test-answerlattice-governance-emulator.ts:84 | scripts/verification/test-answerlattice-governance-emulator.ts:568 | scripts/verification/test-answerlattice-governance-rules.ts:171 | scripts/verification/test-answerlattice-governance-rules.ts:214 | scripts/verification/test-answerlattice-governance-rules.ts:218 | scripts/verification/test-answerlattice-governance-rules.ts:222 | scripts/verification/test-answerlattice-governance-rules.ts:226 | scripts/verification/test-answerlattice-governance-rules.ts:230 | scripts/verification/test-answerlattice-governance-rules.ts:234 | scripts/verification/test-answerlattice-governance-rules.ts:238 | scripts/verification/test-answerlattice-predictive-rules.ts:91 | scripts/verification/test-answerlattice-public-api-key-emulator.ts:18 | scripts/verification/test-answerlattice-public-api-rules.ts:104 | scripts/verification/test-answerlattice-release-emulator.ts:133 | scripts/verification/test-answerlattice-release-emulator.ts:133 | scripts/verification/test-answerlattice-release-emulator.ts:143 | scripts/verification/test-answerlattice-release-emulator.ts:143 | scripts/verification/test-answerlattice-release-emulator.ts:306 | scripts/verification/test-answerlattice-release-emulator.ts:306 | scripts/verification/test-answerlattice-source-governance.ts:357 | scripts/verification/test-answerlattice-source-governance.ts:425 | scripts/verification/test-answerlattice-workspace-lifecycle-contracts.ts:6 | scripts/verification/verify-answerlattice-runtime-truth.js:10067 | src/app/api/answerlattice/answer-tests/rollback/route.ts:156 | src/app/api/answerlattice/answer-tests/rollback/route.ts:159 | src/app/api/answerlattice/mutation-proposals/regenerate-draft/route.ts:413 | src/database/answerlattice/auditLogs.ts:30 | src/database/answerlattice/mutationProposals.ts:268 | src/database/answerlattice/predictiveTriggers.ts:36 | src/lib/answerlattice/governanceServer.ts:67 | src/lib/answerlattice/knowledgeIntake.ts:172 | src/lib/answerlattice/ontologyServer.ts:43 | src/lib/answerlattice/publicApiKeyStore.ts:153 | src/lib/answerlattice/publicApiKeyStore.ts:208 | src/lib/answerlattice/releaseServer.ts:37 | src/lib/answerlattice/supportTruthExport.ts:524 | src/lib/answerlattice/workspaceLifecycleContracts.ts:32 | src/lib/answerlattice/workspaceLifecycleContracts.ts:41 | src/lib/answerlattice/workspaceLifecycleServer.ts:20 | src/lib/answerlattice/workspaceLifecycleServer.ts:510 | src/lib/answerlattice/workspaceLifecycleServer.ts:600 | src/lib/answerlattice/workspaceLifecycleServer.ts:647 | src/lib/answerlattice/workspaceLifecycleServer.ts:729 | src/constants/answerlattice/database.ts:0 | functions/src/constants/database.ts:0 | functions-answerlattice/src/constants/database.ts:0","3c9487403599f091e2946a5aa0b6f523c025a9a8b9146988611bab4e4b4cfabb","10","firestore.indexes.json | firestore.rules | functions-answerlattice/src/answerlattice/answerlatticeNightly.ts | functions-answerlattice/src/answerlattice/draftGenerator.ts | functions-answerlattice/src/answerlattice/onboardingBootstrap.ts | functions-answerlattice/src/answerlattice/resolutionExtractor.ts | scripts/verification/test-answerlattice-governance-emulator.ts | scripts/verification/test-answerlattice-governance-rules.ts | scripts/verification/test-answerlattice-predictive-rules.ts | scripts/verification/test-answerlattice-public-api-key-emulator.ts | scripts/verification/test-answerlattice-public-api-rules.ts | scripts/verification/test-answerlattice-release-emulator.ts | scripts/verification/test-answerlattice-source-governance.ts | scripts/verification/verify-answerlattice-runtime-truth.js | src/database/answerlattice/auditLogs.ts | src/database/answerlattice/mutationProposals.ts | src/database/answerlattice/predictiveTriggers.ts | src/lib/answerlattice/governanceServer.ts | src/lib/answerlattice/knowledgeIntake.ts | src/lib/answerlattice/ontologyServer.ts | src/lib/answerlattice/publicApiKeyStore.ts | src/lib/answerlattice/releaseServer.ts | src/lib/answerlattice/supportTruthExport.ts","inventory-only","","rule path observed","",""
"answerlattice_cacheVersions","Answerlattice | MenuList/shared","ANSWERLATTICE_DB_COLLECTIONS.ANSWERLATTICE_CACHE_VERSIONS | ANSWERLATTICE_FUNCTIONS_DB_COLLECTIONS.ANSWERLATTICE_CACHE_VERSIONS | DB_COLLECTIONS.ANSWERLATTICE_CACHE_VERSIONS | FUNCTIONS_DB_COLLECTIONS.ANSWERLATTICE_CACHE_VERSIONS","cache/derived-state | constant definition | delete | read/query | reference | security-rule | transaction/batch | write","19","firestore-answerlattice.rules | firestore.rules | functions-answerlattice/src/constants/database.ts | functions-answerlattice/src/types/constants.ts | functions/src/constants/database.ts | functions/src/types/constants.ts | scripts/verification/test-answerlattice-compiled-context-invalidation-emulator.ts | scripts/verification/test-answerlattice-governance-emulator.ts | scripts/verification/test-answerlattice-kb-publishing-emulator.js | scripts/verification/test-answerlattice-platform-summary-rules.ts | scripts/verification/test-answerlattice-release-emulator.ts | scripts/verification/test-answerlattice-workspace-lifecycle-contracts.ts | scripts/verification/verify-answerlattice-runtime-truth.js | src/constants/answerlattice/database.ts | src/lib/answerlattice/cacheVersionServer.ts | src/lib/answerlattice/invalidationOwnership.ts | src/lib/answerlattice/invalidationOwnershipClient.ts | src/lib/answerlattice/workspaceLifecycleContracts.ts | src/lib/answerlattice/workspaceLifecycleServer.ts","firestore-answerlattice.rules:200 | firestore.rules:552 | functions-answerlattice/src/types/constants.ts:17 | functions/src/types/constants.ts:17 | scripts/verification/test-answerlattice-compiled-context-invalidation-emulator.ts:21 | scripts/verification/test-answerlattice-compiled-context-invalidation-emulator.ts:21 | scripts/verification/test-answerlattice-compiled-context-invalidation-emulator.ts:25 | scripts/verification/test-answerlattice-compiled-context-invalidation-emulator.ts:25 | scripts/verification/test-answerlattice-governance-emulator.ts:85 | scripts/verification/test-answerlattice-governance-emulator.ts:156 | scripts/verification/test-answerlattice-governance-emulator.ts:213 | scripts/verification/test-answerlattice-governance-emulator.ts:269 | scripts/verification/test-answerlattice-governance-emulator.ts:328 | scripts/verification/test-answerlattice-governance-emulator.ts:384 | scripts/verification/test-answerlattice-governance-emulator.ts:414 | scripts/verification/test-answerlattice-kb-publishing-emulator.js:158 | scripts/verification/test-answerlattice-kb-publishing-emulator.js:270 | scripts/verification/test-answerlattice-kb-publishing-emulator.js:418 | scripts/verification/test-answerlattice-platform-summary-rules.ts:239 | scripts/verification/test-answerlattice-release-emulator.ts:173 | scripts/verification/test-answerlattice-release-emulator.ts:173 | scripts/verification/test-answerlattice-workspace-lifecycle-contracts.ts:6 | scripts/verification/verify-answerlattice-runtime-truth.js:10067 | src/lib/answerlattice/cacheVersionServer.ts:23 | src/lib/answerlattice/invalidationOwnership.ts:53 | src/lib/answerlattice/invalidationOwnershipClient.ts:63 | src/lib/answerlattice/workspaceLifecycleContracts.ts:32 | src/lib/answerlattice/workspaceLifecycleContracts.ts:46 | src/lib/answerlattice/workspaceLifecycleServer.ts:20 | src/constants/answerlattice/database.ts:0 | functions/src/constants/database.ts:0 | functions-answerlattice/src/constants/database.ts:0","f527d223da4d33707401a2be943b8db9e545a742297639e901ab1bfa05d02935","8","firestore.rules | functions-answerlattice/src/types/constants.ts | scripts/verification/test-answerlattice-compiled-context-invalidation-emulator.ts | scripts/verification/test-answerlattice-governance-emulator.ts | scripts/verification/test-answerlattice-kb-publishing-emulator.js | scripts/verification/test-answerlattice-platform-summary-rules.ts | scripts/verification/test-answerlattice-release-emulator.ts | scripts/verification/verify-answerlattice-runtime-truth.js | src/lib/answerlattice/cacheVersionServer.ts | src/lib/answerlattice/invalidationOwnership.ts | src/lib/answerlattice/invalidationOwnershipClient.ts","inventory-only","","rule path observed","",""
"answerlattice_canonicalAnswers","Answerlattice | MenuList/shared","ANSWERLATTICE_DB_COLLECTIONS.ANSWERLATTICE_CANONICAL_ANSWERS | ANSWERLATTICE_FUNCTIONS_DB_COLLECTIONS.ANSWERLATTICE_CANONICAL_ANSWERS | DB_COLLECTIONS.ANSWERLATTICE_CANONICAL_ANSWERS | FUNCTIONS_DB_COLLECTIONS.ANSWERLATTICE_CANONICAL_ANSWERS","constant definition | delete | index definition | read/query | reference | security-rule | transaction/batch | write","37","firestore-answerlattice.indexes.json | firestore-answerlattice.rules | firestore.indexes.json | firestore.rules | functions-answerlattice/src/answerlattice/answerlatticeNightly.ts | functions-answerlattice/src/answerlattice/contextBundleBuilder.ts | functions-answerlattice/src/answerlattice/draftGenerator.ts | functions-answerlattice/src/answerlattice/onboardingBootstrap.ts | functions-answerlattice/src/answerlattice/predictiveTriggerSync.ts | functions-answerlattice/src/answerlattice/resolutionExtractor.ts | functions-answerlattice/src/answerlattice/supportBoardSync.ts | functions-answerlattice/src/constants/database.ts | functions/src/constants/database.ts | scripts/verification/test-answerlattice-governance-emulator.ts | scripts/verification/test-answerlattice-governance-rules.ts | scripts/verification/test-answerlattice-ontology-emulator.ts | scripts/verification/test-answerlattice-release-emulator.ts | scripts/verification/test-answerlattice-support-board-contracts.ts | scripts/verification/test-answerlattice-support-truth-export-contracts.ts | scripts/verification/test-answerlattice-workspace-lifecycle-contracts.ts | scripts/verification/test-answerlattice-workspace-lifecycle-emulator.ts | scripts/verification/test-answerlattice-workspace-lifecycle-rules.ts | scripts/verification/verify-answerlattice-runtime-truth.js | src/app/api/answerlattice/answer-tests/rollback/route.ts | src/app/api/answerlattice/mutation-proposals/regenerate-draft/route.ts | src/constants/answerlattice/database.ts | src/database/answerlattice/canonicalAnswers.ts | src/lib/answerlattice/cacheFreshness.ts | src/lib/answerlattice/canonicalRetrieval.ts | src/lib/answerlattice/contextBundleBuilderServer.ts | src/lib/answerlattice/governanceServer.ts | src/lib/answerlattice/ontologyServer.ts | src/lib/answerlattice/predictiveEngine.ts | src/lib/answerlattice/releaseServer.ts | src/lib/answerlattice/supportTruthExport.ts | src/lib/answerlattice/workspaceLifecycleContracts.ts | src/lib/answerlattice/workspaceLifecycleServer.ts","firestore-answerlattice.indexes.json:153 | firestore-answerlattice.indexes.json:648 | firestore-answerlattice.indexes.json:1301 | firestore-answerlattice.indexes.json:1323 | firestore-answerlattice.rules:62 | firestore.indexes.json:144 | firestore.indexes.json:1556 | firestore.indexes.json:2304 | firestore.indexes.json:2326 | firestore.rules:416 | functions-answerlattice/src/answerlattice/answerlatticeNightly.ts:430 | functions-answerlattice/src/answerlattice/answerlatticeNightly.ts:460 | functions-answerlattice/src/answerlattice/answerlatticeNightly.ts:785 | functions-answerlattice/src/answerlattice/answerlatticeNightly.ts:794 | functions-answerlattice/src/answerlattice/answerlatticeNightly.ts:1185 | functions-answerlattice/src/answerlattice/answerlatticeNightly.ts:1212 | functions-answerlattice/src/answerlattice/answerlatticeNightly.ts:1540 | functions-answerlattice/src/answerlattice/answerlatticeNightly.ts:1549 | functions-answerlattice/src/answerlattice/answerlatticeNightly.ts:1871 | functions-answerlattice/src/answerlattice/answerlatticeNightly.ts:1879 | functions-answerlattice/src/answerlattice/contextBundleBuilder.ts:475 | functions-answerlattice/src/answerlattice/draftGenerator.ts:313 | functions-answerlattice/src/answerlattice/draftGenerator.ts:475 | functions-answerlattice/src/answerlattice/onboardingBootstrap.ts:648 | functions-answerlattice/src/answerlattice/predictiveTriggerSync.ts:311 | functions-answerlattice/src/answerlattice/resolutionExtractor.ts:229 | functions-answerlattice/src/answerlattice/resolutionExtractor.ts:350 | functions-answerlattice/src/answerlattice/supportBoardSync.ts:500 | functions-answerlattice/src/answerlattice/supportBoardSync.ts:523 | scripts/verification/test-answerlattice-governance-emulator.ts:82 | scripts/verification/test-answerlattice-governance-emulator.ts:195 | scripts/verification/test-answerlattice-governance-rules.ts:124 | scripts/verification/test-answerlattice-governance-rules.ts:138 | scripts/verification/test-answerlattice-governance-rules.ts:143 | scripts/verification/test-answerlattice-governance-rules.ts:144 | scripts/verification/test-answerlattice-governance-rules.ts:145 | scripts/verification/test-answerlattice-governance-rules.ts:148 | scripts/verification/test-answerlattice-governance-rules.ts:152 | scripts/verification/test-answerlattice-governance-rules.ts:156 | scripts/verification/test-answerlattice-ontology-emulator.ts:188 | scripts/verification/test-answerlattice-ontology-emulator.ts:188 | scripts/verification/test-answerlattice-ontology-emulator.ts:194 | scripts/verification/test-answerlattice-ontology-emulator.ts:194 | scripts/verification/test-answerlattice-release-emulator.ts:91 | scripts/verification/test-answerlattice-release-emulator.ts:91 | scripts/verification/test-answerlattice-release-emulator.ts:102 | scripts/verification/test-answerlattice-release-emulator.ts:102 | scripts/verification/test-answerlattice-release-emulator.ts:163 | scripts/verification/test-answerlattice-release-emulator.ts:163 | scripts/verification/test-answerlattice-release-emulator.ts:206 | scripts/verification/test-answerlattice-release-emulator.ts:206 | scripts/verification/test-answerlattice-release-emulator.ts:226 | scripts/verification/test-answerlattice-release-emulator.ts:226 | scripts/verification/test-answerlattice-release-emulator.ts:236 | scripts/verification/test-answerlattice-release-emulator.ts:236 | scripts/verification/test-answerlattice-release-emulator.ts:242 | scripts/verification/test-answerlattice-release-emulator.ts:242 | scripts/verification/test-answerlattice-release-emulator.ts:252 | scripts/verification/test-answerlattice-release-emulator.ts:252 | scripts/verification/test-answerlattice-support-board-contracts.ts:60 | scripts/verification/test-answerlattice-support-truth-export-contracts.ts:148 | scripts/verification/test-answerlattice-workspace-lifecycle-contracts.ts:6 | scripts/verification/test-answerlattice-workspace-lifecycle-contracts.ts:178 | scripts/verification/test-answerlattice-workspace-lifecycle-emulator.ts:315 | scripts/verification/test-answerlattice-workspace-lifecycle-emulator.ts:323 | scripts/verification/test-answerlattice-workspace-lifecycle-emulator.ts:462 | scripts/verification/test-answerlattice-workspace-lifecycle-emulator.ts:481 | scripts/verification/test-answerlattice-workspace-lifecycle-rules.ts:54 | scripts/verification/test-answerlattice-workspace-lifecycle-rules.ts:87 | scripts/verification/test-answerlattice-workspace-lifecycle-rules.ts:92 | scripts/verification/test-answerlattice-workspace-lifecycle-rules.ts:93 | scripts/verification/test-answerlattice-workspace-lifecycle-rules.ts:114 | scripts/verification/verify-answerlattice-runtime-truth.js:10067 | scripts/verification/verify-answerlattice-runtime-truth.js:8340 | src/app/api/answerlattice/answer-tests/rollback/route.ts:155 | src/app/api/answerlattice/mutation-proposals/regenerate-draft/route.ts:144 | src/database/answerlattice/canonicalAnswers.ts:29 | src/lib/answerlattice/cacheFreshness.ts:90 | src/lib/answerlattice/canonicalRetrieval.ts:220 | src/lib/answerlattice/contextBundleBuilderServer.ts:418","35e42d40e2d4e26b6c00d3cb5c959f42e67d31c15056a3902e7ce9c66ae015f6","12","firestore.indexes.json | firestore.rules | functions-answerlattice/src/answerlattice/answerlatticeNightly.ts | functions-answerlattice/src/answerlattice/contextBundleBuilder.ts | functions-answerlattice/src/answerlattice/draftGenerator.ts | functions-answerlattice/src/answerlattice/onboardingBootstrap.ts | functions-answerlattice/src/answerlattice/predictiveTriggerSync.ts | functions-answerlattice/src/answerlattice/resolutionExtractor.ts | functions-answerlattice/src/answerlattice/supportBoardSync.ts | scripts/verification/test-answerlattice-governance-emulator.ts | scripts/verification/test-answerlattice-governance-rules.ts | scripts/verification/test-answerlattice-ontology-emulator.ts | scripts/verification/test-answerlattice-release-emulator.ts | scripts/verification/test-answerlattice-support-board-contracts.ts | scripts/verification/test-answerlattice-support-truth-export-contracts.ts | scripts/verification/test-answerlattice-workspace-lifecycle-rules.ts | scripts/verification/verify-answerlattice-runtime-truth.js | src/lib/answerlattice/cacheFreshness.ts | src/lib/answerlattice/canonicalRetrieval.ts | src/lib/answerlattice/contextBundleBuilderServer.ts | src/lib/answerlattice/governanceServer.ts | src/lib/answerlattice/ontologyServer.ts | src/lib/answerlattice/predictiveEngine.ts | src/lib/answerlattice/releaseServer.ts | src/lib/answerlattice/supportTruthExport.ts","inventory-only","","rule path observed","",""
"answerlattice_changelogEntryIndex","Answerlattice | MenuList/shared","ANSWERLATTICE_DB_COLLECTIONS.ANSWERLATTICE_CHANGELOG_ENTRY_INDEX | ANSWERLATTICE_FUNCTIONS_DB_COLLECTIONS.ANSWERLATTICE_CHANGELOG_ENTRY_INDEX | DB_COLLECTIONS.ANSWERLATTICE_CHANGELOG_ENTRY_INDEX | FUNCTIONS_DB_COLLECTIONS.ANSWERLATTICE_CHANGELOG_ENTRY_INDEX","constant definition | delete | index definition | read/query | reference | security-rule | transaction/batch","13","firestore-answerlattice.indexes.json | firestore-answerlattice.rules | firestore.indexes.json | firestore.rules | functions-answerlattice/src/constants/database.ts | functions/src/constants/database.ts | scripts/verification/test-answerlattice-changelog-emulator.ts | scripts/verification/test-answerlattice-workspace-lifecycle-contracts.ts | scripts/verification/verify-answerlattice-runtime-truth.js | src/constants/answerlattice/database.ts | src/lib/answerlattice/changelogServer.ts | src/lib/answerlattice/workspaceLifecycleContracts.ts | src/lib/answerlattice/workspaceLifecycleServer.ts","firestore-answerlattice.indexes.json:2059 | firestore-answerlattice.rules:78 | firestore.indexes.json:3063 | firestore.rules:432 | scripts/verification/test-answerlattice-changelog-emulator.ts:59 | scripts/verification/test-answerlattice-changelog-emulator.ts:59 | scripts/verification/test-answerlattice-changelog-emulator.ts:109 | scripts/verification/test-answerlattice-changelog-emulator.ts:109 | scripts/verification/test-answerlattice-workspace-lifecycle-contracts.ts:6 | scripts/verification/verify-answerlattice-runtime-truth.js:10067 | src/lib/answerlattice/changelogServer.ts:30 | src/lib/answerlattice/workspaceLifecycleContracts.ts:32 | src/lib/answerlattice/workspaceLifecycleContracts.ts:38 | src/lib/answerlattice/workspaceLifecycleServer.ts:20 | src/constants/answerlattice/database.ts:0 | functions/src/constants/database.ts:0 | functions-answerlattice/src/constants/database.ts:0","8169fc4591bc910ffd4269a0dcf226ef514da55b4fab3ee54584c054e17f4a1a","8","firestore.indexes.json | firestore.rules | scripts/verification/test-answerlattice-changelog-emulator.ts | scripts/verification/verify-answerlattice-runtime-truth.js | src/lib/answerlattice/changelogServer.ts","inventory-only","","rule path observed","",""
"answerlattice_contactEnquiries","Answerlattice | MenuList/shared","ANSWERLATTICE_DB_COLLECTIONS.ANSWERLATTICE_CONTACT_ENQUIRIES | ANSWERLATTICE_FUNCTIONS_DB_COLLECTIONS.ANSWERLATTICE_CONTACT_ENQUIRIES | DB_COLLECTIONS.ANSWERLATTICE_CONTACT_ENQUIRIES","constant definition | delete | index definition | reference","7","firestore-answerlattice.indexes.json | firestore.indexes.json | functions-answerlattice/src/answerlattice/dataRetention.ts | functions-answerlattice/src/constants/database.ts | scripts/verification/verify-answerlattice-runtime-truth.js | src/app/api/answerlattice/public/contact/route.ts | src/constants/answerlattice/database.ts","firestore-answerlattice.indexes.json:2047 | firestore.indexes.json:3123 | functions-answerlattice/src/answerlattice/dataRetention.ts:570 | scripts/verification/verify-answerlattice-runtime-truth.js:2254 | src/app/api/answerlattice/public/contact/route.ts:101 | src/constants/answerlattice/database.ts:0 | functions-answerlattice/src/constants/database.ts:0","f02a3ce451f8b7949e91f00a3e6da9f08269430c21de66189bff89800d6f8418","5","firestore.indexes.json | scripts/verification/verify-answerlattice-runtime-truth.js","inventory-only","","no rule path observed by catalog","",""
"answerlattice_entities","Answerlattice | MenuList/shared","ANSWERLATTICE_DB_COLLECTIONS.ANSWERLATTICE_ENTITIES | ANSWERLATTICE_FUNCTIONS_DB_COLLECTIONS.ANSWERLATTICE_ENTITIES | DB_COLLECTIONS.ANSWERLATTICE_ENTITIES | FUNCTIONS_DB_COLLECTIONS.ANSWERLATTICE_ENTITIES","constant definition | delete | index definition | read/query | reference | security-rule | transaction/batch | write","35","firestore-answerlattice.indexes.json | firestore-answerlattice.rules | firestore.indexes.json | firestore.rules | functions-answerlattice/src/answerlattice/answerlatticeNightly.ts | functions-answerlattice/src/answerlattice/contextBundleBuilder.ts | functions-answerlattice/src/answerlattice/draftGenerator.ts | functions-answerlattice/src/answerlattice/frictionAggregation.ts | functions-answerlattice/src/answerlattice/onboardingBootstrap.ts | functions-answerlattice/src/answerlattice/resolutionExtractor.ts | functions-answerlattice/src/answerlattice/supportBoardSync.ts | functions-answerlattice/src/constants/database.ts | functions/src/constants/database.ts | scripts/verification/test-answerlattice-governance-emulator.ts | scripts/verification/test-answerlattice-governance-rules.ts | scripts/verification/test-answerlattice-ontology-emulator.ts | scripts/verification/test-answerlattice-ontology-rules.ts | scripts/verification/test-answerlattice-release-emulator.ts | scripts/verification/test-answerlattice-support-truth-export-contracts.ts | scripts/verification/test-answerlattice-workspace-lifecycle-contracts.ts | scripts/verification/verify-answerlattice-runtime-truth.js | src/app/api/answerlattice/articles/extract-entities/route.ts | src/app/api/answerlattice/mutation-proposals/regenerate-draft/route.ts | src/app/api/answerlattice/public/v1/entities/route.ts | src/constants/answerlattice/database.ts | src/database/answerlattice/entities.ts | src/lib/answerlattice/canonicalRetrieval.ts | src/lib/answerlattice/contextBundleBuilderServer.ts | src/lib/answerlattice/entityLookup.ts | src/lib/answerlattice/governanceServer.ts | src/lib/answerlattice/ontologyServer.ts | src/lib/answerlattice/releaseServer.ts | src/lib/answerlattice/supportTruthExport.ts | src/lib/answerlattice/workspaceLifecycleContracts.ts | src/lib/answerlattice/workspaceLifecycleServer.ts","firestore-answerlattice.indexes.json:1073 | firestore-answerlattice.indexes.json:1095 | firestore-answerlattice.indexes.json:1117 | firestore-answerlattice.indexes.json:1143 | firestore-answerlattice.rules:48 | firestore.indexes.json:2076 | firestore.indexes.json:2098 | firestore.indexes.json:2120 | firestore.indexes.json:2146 | firestore.rules:402 | functions-answerlattice/src/answerlattice/answerlatticeNightly.ts:325 | functions-answerlattice/src/answerlattice/answerlatticeNightly.ts:438 | functions-answerlattice/src/answerlattice/answerlatticeNightly.ts:467 | functions-answerlattice/src/answerlattice/answerlatticeNightly.ts:666 | functions-answerlattice/src/answerlattice/answerlatticeNightly.ts:1192 | functions-answerlattice/src/answerlattice/answerlatticeNightly.ts:1219 | functions-answerlattice/src/answerlattice/answerlatticeNightly.ts:1812 | functions-answerlattice/src/answerlattice/answerlatticeNightly.ts:1820 | functions-answerlattice/src/answerlattice/contextBundleBuilder.ts:473 | functions-answerlattice/src/answerlattice/draftGenerator.ts:220 | functions-answerlattice/src/answerlattice/frictionAggregation.ts:372 | functions-answerlattice/src/answerlattice/frictionAggregation.ts:375 | functions-answerlattice/src/answerlattice/onboardingBootstrap.ts:243 | functions-answerlattice/src/answerlattice/onboardingBootstrap.ts:414 | functions-answerlattice/src/answerlattice/onboardingBootstrap.ts:604 | functions-answerlattice/src/answerlattice/onboardingBootstrap.ts:877 | functions-answerlattice/src/answerlattice/resolutionExtractor.ts:320 | functions-answerlattice/src/answerlattice/supportBoardSync.ts:205 | functions-answerlattice/src/answerlattice/supportBoardSync.ts:208 | scripts/verification/test-answerlattice-governance-emulator.ts:79 | scripts/verification/test-answerlattice-governance-emulator.ts:96 | scripts/verification/test-answerlattice-governance-emulator.ts:426 | scripts/verification/test-answerlattice-governance-emulator.ts:429 | scripts/verification/test-answerlattice-governance-emulator.ts:446 | scripts/verification/test-answerlattice-governance-emulator.ts:456 | scripts/verification/test-answerlattice-governance-emulator.ts:459 | scripts/verification/test-answerlattice-governance-emulator.ts:462 | scripts/verification/test-answerlattice-governance-emulator.ts:484 | scripts/verification/test-answerlattice-governance-emulator.ts:488 | scripts/verification/test-answerlattice-governance-emulator.ts:489 | scripts/verification/test-answerlattice-governance-emulator.ts:491 | scripts/verification/test-answerlattice-governance-emulator.ts:492 | scripts/verification/test-answerlattice-governance-emulator.ts:493 | scripts/verification/test-answerlattice-governance-emulator.ts:505 | scripts/verification/test-answerlattice-governance-emulator.ts:509 | scripts/verification/test-answerlattice-governance-emulator.ts:513 | scripts/verification/test-answerlattice-governance-emulator.ts:551 | scripts/verification/test-answerlattice-governance-emulator.ts:552 | scripts/verification/test-answerlattice-governance-rules.ts:127 | scripts/verification/test-answerlattice-governance-rules.ts:130 | scripts/verification/test-answerlattice-ontology-emulator.ts:52 | scripts/verification/test-answerlattice-ontology-emulator.ts:52 | scripts/verification/test-answerlattice-ontology-emulator.ts:82 | scripts/verification/test-answerlattice-ontology-emulator.ts:82 | scripts/verification/test-answerlattice-ontology-emulator.ts:97 | scripts/verification/test-answerlattice-ontology-emulator.ts:97 | scripts/verification/test-answerlattice-ontology-emulator.ts:150 | scripts/verification/test-answerlattice-ontology-emulator.ts:150 | scripts/verification/test-answerlattice-ontology-emulator.ts:225 | scripts/verification/test-answerlattice-ontology-emulator.ts:225 | scripts/verification/test-answerlattice-ontology-rules.ts:22 | scripts/verification/test-answerlattice-ontology-rules.ts:26 | scripts/verification/test-answerlattice-ontology-rules.ts:47 | scripts/verification/test-answerlattice-ontology-rules.ts:48 | scripts/verification/test-answerlattice-ontology-rules.ts:50 | scripts/verification/test-answerlattice-ontology-rules.ts:60 | scripts/verification/test-answerlattice-ontology-rules.ts:64 | scripts/verification/test-answerlattice-ontology-rules.ts:65 | scripts/verification/test-answerlattice-ontology-rules.ts:50 | scripts/verification/test-answerlattice-ontology-rules.ts:60 | scripts/verification/test-answerlattice-release-emulator.ts:65 | scripts/verification/test-answerlattice-release-emulator.ts:65 | scripts/verification/test-answerlattice-release-emulator.ts:66 | scripts/verification/test-answerlattice-release-emulator.ts:66 | scripts/verification/test-answerlattice-release-emulator.ts:67 | scripts/verification/test-answerlattice-release-emulator.ts:67 | scripts/verification/test-answerlattice-support-truth-export-contracts.ts:139 | scripts/verification/test-answerlattice-support-truth-export-contracts.ts:401 | scripts/verification/test-answerlattice-support-truth-export-contracts.ts:426 | scripts/verification/test-answerlattice-workspace-lifecycle-contracts.ts:6","34d2715f3397e4510586d3886e6215eff3f1529357b9c940a9c44cbb4c098b78","10","firestore.indexes.json | firestore.rules | functions-answerlattice/src/answerlattice/answerlatticeNightly.ts | functions-answerlattice/src/answerlattice/contextBundleBuilder.ts | functions-answerlattice/src/answerlattice/draftGenerator.ts | functions-answerlattice/src/answerlattice/frictionAggregation.ts | functions-answerlattice/src/answerlattice/onboardingBootstrap.ts | functions-answerlattice/src/answerlattice/resolutionExtractor.ts | functions-answerlattice/src/answerlattice/supportBoardSync.ts | scripts/verification/test-answerlattice-governance-emulator.ts | scripts/verification/test-answerlattice-governance-rules.ts | scripts/verification/test-answerlattice-ontology-emulator.ts | scripts/verification/test-answerlattice-ontology-rules.ts | scripts/verification/test-answerlattice-release-emulator.ts | scripts/verification/test-answerlattice-support-truth-export-contracts.ts | scripts/verification/verify-answerlattice-runtime-truth.js | src/app/api/answerlattice/public/v1/entities/route.ts | src/database/answerlattice/entities.ts | src/lib/answerlattice/canonicalRetrieval.ts | src/lib/answerlattice/contextBundleBuilderServer.ts | src/lib/answerlattice/entityLookup.ts | src/lib/answerlattice/governanceServer.ts | src/lib/answerlattice/ontologyServer.ts | src/lib/answerlattice/releaseServer.ts | src/lib/answerlattice/supportTruthExport.ts","inventory-only","","rule path observed","",""
"answerlattice_entityCandidates","Answerlattice | MenuList/shared","ANSWERLATTICE_DB_COLLECTIONS.ANSWERLATTICE_ENTITY_CANDIDATES | ANSWERLATTICE_FUNCTIONS_DB_COLLECTIONS.ANSWERLATTICE_ENTITY_CANDIDATES | DB_COLLECTIONS.ANSWERLATTICE_ENTITY_CANDIDATES | FUNCTIONS_DB_COLLECTIONS.ANSWERLATTICE_ENTITY_CANDIDATES","constant definition | delete | index definition | read/query | reference | security-rule | transaction/batch | write","16","firestore-answerlattice.indexes.json | firestore-answerlattice.rules | firestore.indexes.json | firestore.rules | functions-answerlattice/src/answerlattice/onboardingBootstrap.ts | functions-answerlattice/src/constants/database.ts | functions/src/constants/database.ts | scripts/verification/test-answerlattice-ontology-emulator.ts | scripts/verification/test-answerlattice-ontology-rules.ts | scripts/verification/test-answerlattice-workspace-lifecycle-contracts.ts | scripts/verification/verify-answerlattice-runtime-truth.js | src/constants/answerlattice/database.ts | src/database/answerlattice/entityCandidates.ts | src/lib/answerlattice/ontologyServer.ts | src/lib/answerlattice/workspaceLifecycleContracts.ts | src/lib/answerlattice/workspaceLifecycleServer.ts","firestore-answerlattice.indexes.json:1253 | firestore-answerlattice.indexes.json:1275 | firestore-answerlattice.rules:110 | firestore.indexes.json:2256 | firestore.indexes.json:2278 | firestore.rules:464 | functions-answerlattice/src/answerlattice/onboardingBootstrap.ts:244 | functions-answerlattice/src/answerlattice/onboardingBootstrap.ts:278 | functions-answerlattice/src/answerlattice/onboardingBootstrap.ts:568 | scripts/verification/test-answerlattice-ontology-emulator.ts:253 | scripts/verification/test-answerlattice-ontology-emulator.ts:253 | scripts/verification/test-answerlattice-ontology-rules.ts:36 | scripts/verification/test-answerlattice-ontology-rules.ts:68 | scripts/verification/test-answerlattice-workspace-lifecycle-contracts.ts:6 | scripts/verification/verify-answerlattice-runtime-truth.js:10067 | src/database/answerlattice/entityCandidates.ts:17 | src/lib/answerlattice/ontologyServer.ts:41 | src/lib/answerlattice/workspaceLifecycleContracts.ts:32 | src/lib/answerlattice/workspaceLifecycleContracts.ts:43 | src/lib/answerlattice/workspaceLifecycleServer.ts:20 | src/constants/answerlattice/database.ts:0 | functions/src/constants/database.ts:0 | functions-answerlattice/src/constants/database.ts:0","fdb19d3ea8243d809cc0d79961c3c9d4a2ebdb743fe3646e99dba640ab684d29","8","firestore.indexes.json | firestore.rules | functions-answerlattice/src/answerlattice/onboardingBootstrap.ts | scripts/verification/test-answerlattice-ontology-emulator.ts | scripts/verification/test-answerlattice-ontology-rules.ts | scripts/verification/verify-answerlattice-runtime-truth.js | src/database/answerlattice/entityCandidates.ts | src/lib/answerlattice/ontologyServer.ts","inventory-only","","rule path observed","",""
"answerlattice_entityRelations","Answerlattice | MenuList/shared","ANSWERLATTICE_DB_COLLECTIONS.ANSWERLATTICE_ENTITY_RELATIONS | ANSWERLATTICE_FUNCTIONS_DB_COLLECTIONS.ANSWERLATTICE_ENTITY_RELATIONS | DB_COLLECTIONS.ANSWERLATTICE_ENTITY_RELATIONS | FUNCTIONS_DB_COLLECTIONS.ANSWERLATTICE_ENTITY_RELATIONS","constant definition | delete | index definition | read/query | reference | security-rule | transaction/batch | write","20","firestore-answerlattice.indexes.json | firestore-answerlattice.rules | firestore.indexes.json | firestore.rules | functions-answerlattice/src/answerlattice/answerlatticeNightly.ts | functions-answerlattice/src/answerlattice/contextBundleBuilder.ts | functions-answerlattice/src/answerlattice/onboardingBootstrap.ts | functions-answerlattice/src/constants/database.ts | functions/src/constants/database.ts | scripts/verification/test-answerlattice-governance-emulator.ts | scripts/verification/test-answerlattice-ontology-rules.ts | scripts/verification/test-answerlattice-workspace-lifecycle-contracts.ts | scripts/verification/verify-answerlattice-runtime-truth.js | src/constants/answerlattice/database.ts | src/database/answerlattice/entities.ts | src/lib/answerlattice/contextBundleBuilderServer.ts | src/lib/answerlattice/governanceServer.ts | src/lib/answerlattice/ontologyServer.ts | src/lib/answerlattice/workspaceLifecycleContracts.ts | src/lib/answerlattice/workspaceLifecycleServer.ts","firestore-answerlattice.indexes.json:1165 | firestore-answerlattice.indexes.json:1187 | firestore-answerlattice.rules:57 | firestore.indexes.json:2168 | firestore.indexes.json:2190 | firestore.rules:411 | functions-answerlattice/src/answerlattice/answerlatticeNightly.ts:1849 | functions-answerlattice/src/answerlattice/answerlatticeNightly.ts:1856 | functions-answerlattice/src/answerlattice/contextBundleBuilder.ts:474 | functions-answerlattice/src/answerlattice/onboardingBootstrap.ts:245 | scripts/verification/test-answerlattice-governance-emulator.ts:80 | scripts/verification/test-answerlattice-governance-emulator.ts:453 | scripts/verification/test-answerlattice-governance-emulator.ts:465 | scripts/verification/test-answerlattice-governance-emulator.ts:480 | scripts/verification/test-answerlattice-governance-emulator.ts:494 | scripts/verification/test-answerlattice-governance-emulator.ts:526 | scripts/verification/test-answerlattice-governance-emulator.ts:529 | scripts/verification/test-answerlattice-governance-emulator.ts:553 | scripts/verification/test-answerlattice-ontology-rules.ts:30 | scripts/verification/test-answerlattice-ontology-rules.ts:66 | scripts/verification/test-answerlattice-workspace-lifecycle-contracts.ts:6 | scripts/verification/verify-answerlattice-runtime-truth.js:10067 | src/database/answerlattice/entities.ts:31 | src/lib/answerlattice/contextBundleBuilderServer.ts:410 | src/lib/answerlattice/governanceServer.ts:69 | src/lib/answerlattice/ontologyServer.ts:39 | src/lib/answerlattice/workspaceLifecycleContracts.ts:32 | src/lib/answerlattice/workspaceLifecycleContracts.ts:35 | src/lib/answerlattice/workspaceLifecycleServer.ts:20 | src/constants/answerlattice/database.ts:0 | functions/src/constants/database.ts:0 | functions-answerlattice/src/constants/database.ts:0","9e1ad140d3961f3aa6903bdb7341230e94da615dc06d44f5af07e8f7cdaa4a52","8","firestore.indexes.json | firestore.rules | functions-answerlattice/src/answerlattice/answerlatticeNightly.ts | functions-answerlattice/src/answerlattice/contextBundleBuilder.ts | functions-answerlattice/src/answerlattice/onboardingBootstrap.ts | scripts/verification/test-answerlattice-governance-emulator.ts | scripts/verification/test-answerlattice-ontology-rules.ts | scripts/verification/verify-answerlattice-runtime-truth.js | src/database/answerlattice/entities.ts | src/lib/answerlattice/contextBundleBuilderServer.ts | src/lib/answerlattice/governanceServer.ts | src/lib/answerlattice/ontologyServer.ts","inventory-only","","rule path observed","",""
"answerlattice_entitySearchIndex","Answerlattice | MenuList/shared","ANSWERLATTICE_DB_COLLECTIONS.ANSWERLATTICE_ENTITY_SEARCH_INDEX | ANSWERLATTICE_FUNCTIONS_DB_COLLECTIONS.ANSWERLATTICE_ENTITY_SEARCH_INDEX | DB_COLLECTIONS.ANSWERLATTICE_ENTITY_SEARCH_INDEX | FUNCTIONS_DB_COLLECTIONS.ANSWERLATTICE_ENTITY_SEARCH_INDEX","cache/derived-state | constant definition | delete | index definition | read/query | reference | security-rule | transaction/batch | write","23","firestore-answerlattice.indexes.json | firestore-answerlattice.rules | firestore.indexes.json | firestore.rules | functions-answerlattice/src/answerlattice/answerlatticeNightly.ts | functions-answerlattice/src/constants/database.ts | functions/src/constants/database.ts | scripts/verification/test-answerlattice-governance-emulator.ts | scripts/verification/test-answerlattice-ontology-emulator.ts | scripts/verification/test-answerlattice-ontology-rules.ts | scripts/verification/test-answerlattice-signal-contracts.ts | scripts/verification/test-answerlattice-workspace-lifecycle-contracts.ts | scripts/verification/verify-answerlattice-runtime-truth.js | src/constants/answerlattice/database.ts | src/database/answerlattice/entities.ts | src/lib/answerlattice/answerTestServer.ts | src/lib/answerlattice/canonicalRetrieval.ts | src/lib/answerlattice/entityLookup.ts | src/lib/answerlattice/governanceServer.ts | src/lib/answerlattice/ontologyServer.ts | src/lib/answerlattice/workspaceLifecycleContracts.ts | src/lib/answerlattice/workspaceLifecycleServer.ts | src/lib/search/searchCore.ts","firestore-answerlattice.indexes.json:692 | firestore-answerlattice.indexes.json:1209 | firestore-answerlattice.indexes.json:1231 | firestore-answerlattice.rules:105 | firestore.indexes.json:1688 | firestore.indexes.json:2212 | firestore.indexes.json:2234 | firestore.rules:459 | functions-answerlattice/src/answerlattice/answerlatticeNightly.ts:910 | functions-answerlattice/src/answerlattice/answerlatticeNightly.ts:917 | scripts/verification/test-answerlattice-governance-emulator.ts:81 | scripts/verification/test-answerlattice-governance-emulator.ts:432 | scripts/verification/test-answerlattice-governance-emulator.ts:441 | scripts/verification/test-answerlattice-governance-emulator.ts:490 | scripts/verification/test-answerlattice-governance-emulator.ts:532 | scripts/verification/test-answerlattice-governance-emulator.ts:559 | scripts/verification/test-answerlattice-governance-emulator.ts:566 | scripts/verification/test-answerlattice-ontology-emulator.ts:121 | scripts/verification/test-answerlattice-ontology-emulator.ts:121 | scripts/verification/test-answerlattice-ontology-rules.ts:33 | scripts/verification/test-answerlattice-ontology-rules.ts:67 | scripts/verification/test-answerlattice-signal-contracts.ts:142 | scripts/verification/test-answerlattice-workspace-lifecycle-contracts.ts:6 | scripts/verification/verify-answerlattice-runtime-truth.js:10067 | src/database/answerlattice/entities.ts:32 | src/lib/answerlattice/answerTestServer.ts:434 | src/lib/answerlattice/answerTestServer.ts:479 | src/lib/answerlattice/canonicalRetrieval.ts:194 | src/lib/answerlattice/entityLookup.ts:126 | src/lib/answerlattice/governanceServer.ts:70 | src/lib/answerlattice/ontologyServer.ts:40 | src/lib/answerlattice/workspaceLifecycleContracts.ts:32 | src/lib/answerlattice/workspaceLifecycleContracts.ts:42 | src/lib/answerlattice/workspaceLifecycleServer.ts:20 | src/lib/search/searchCore.ts:391 | src/constants/answerlattice/database.ts:0 | functions/src/constants/database.ts:0 | functions-answerlattice/src/constants/database.ts:0","5f0a51b3667dc0a1dc125bea03661e5313171083fa42d0fb92f9596d7897aaff","9","firestore.indexes.json | firestore.rules | functions-answerlattice/src/answerlattice/answerlatticeNightly.ts | scripts/verification/test-answerlattice-governance-emulator.ts | scripts/verification/test-answerlattice-ontology-emulator.ts | scripts/verification/test-answerlattice-ontology-rules.ts | scripts/verification/test-answerlattice-signal-contracts.ts | scripts/verification/verify-answerlattice-runtime-truth.js | src/database/answerlattice/entities.ts | src/lib/answerlattice/canonicalRetrieval.ts | src/lib/answerlattice/entityLookup.ts | src/lib/answerlattice/governanceServer.ts | src/lib/answerlattice/ontologyServer.ts | src/lib/search/searchCore.ts","inventory-only","","rule path observed","",""
"answerlattice_entitySlugIndex","Answerlattice | MenuList/shared","ANSWERLATTICE_DB_COLLECTIONS.ANSWERLATTICE_ENTITY_SLUG_INDEX | ANSWERLATTICE_FUNCTIONS_DB_COLLECTIONS.ANSWERLATTICE_ENTITY_SLUG_INDEX | DB_COLLECTIONS.ANSWERLATTICE_ENTITY_SLUG_INDEX | FUNCTIONS_DB_COLLECTIONS.ANSWERLATTICE_ENTITY_SLUG_INDEX","constant definition | delete | read/query | reference | security-rule | transaction/batch | write","12","firestore-answerlattice.rules | firestore.rules | functions-answerlattice/src/constants/database.ts | functions/src/constants/database.ts | scripts/verification/test-answerlattice-ontology-emulator.ts | scripts/verification/test-answerlattice-ontology-rules.ts | scripts/verification/test-answerlattice-workspace-lifecycle-contracts.ts | scripts/verification/verify-answerlattice-runtime-truth.js | src/constants/answerlattice/database.ts | src/lib/answerlattice/ontologyServer.ts | src/lib/answerlattice/workspaceLifecycleContracts.ts | src/lib/answerlattice/workspaceLifecycleServer.ts","firestore-answerlattice.rules:53 | firestore.rules:407 | scripts/verification/test-answerlattice-ontology-emulator.ts:58 | scripts/verification/test-answerlattice-ontology-emulator.ts:58 | scripts/verification/test-answerlattice-ontology-emulator.ts:140 | scripts/verification/test-answerlattice-ontology-emulator.ts:140 | scripts/verification/test-answerlattice-ontology-emulator.ts:152 | scripts/verification/test-answerlattice-ontology-emulator.ts:152 | scripts/verification/test-answerlattice-ontology-rules.ts:69 | scripts/verification/test-answerlattice-workspace-lifecycle-contracts.ts:6 | scripts/verification/verify-answerlattice-runtime-truth.js:10067 | src/lib/answerlattice/ontologyServer.ts:42 | src/lib/answerlattice/workspaceLifecycleContracts.ts:32 | src/lib/answerlattice/workspaceLifecycleContracts.ts:34 | src/lib/answerlattice/workspaceLifecycleServer.ts:20 | src/constants/answerlattice/database.ts:0 | functions/src/constants/database.ts:0 | functions-answerlattice/src/constants/database.ts:0","d72f38b4baa8e7010b1e1b76f3bcb931ed58354dcf89f0ac89a39b21e600e33a","7","firestore.rules | scripts/verification/test-answerlattice-ontology-emulator.ts | scripts/verification/test-answerlattice-ontology-rules.ts | scripts/verification/verify-answerlattice-runtime-truth.js | src/lib/answerlattice/ontologyServer.ts","inventory-only","","rule path observed","",""
"answerlattice_faqs","Answerlattice | MenuList/shared","ANSWERLATTICE_DB_COLLECTIONS.ANSWERLATTICE_FAQS | ANSWERLATTICE_FUNCTIONS_DB_COLLECTIONS.ANSWERLATTICE_FAQS | DB_COLLECTIONS.ANSWERLATTICE_FAQS | FUNCTIONS_DB_COLLECTIONS.ANSWERLATTICE_FAQS","cache/derived-state | constant definition | delete | index definition | read/query | reference | security-rule | transaction/batch | write","33","firestore-answerlattice.indexes.json | firestore-answerlattice.rules | firestore.indexes.json | firestore.rules | functions-answerlattice/src/answerlattice/contextBundleBuilder.ts | functions-answerlattice/src/constants/database.ts | functions-answerlattice/src/types/constants.ts | functions/src/constants/database.ts | functions/src/types/constants.ts | scripts/verification/test-answerlattice-content-feedback-emulator.ts | scripts/verification/test-answerlattice-feedback-rules.ts | scripts/verification/test-answerlattice-governance-emulator.ts | scripts/verification/test-answerlattice-kb-publishing-emulator.js | scripts/verification/test-answerlattice-knowledge-intake-emulator.ts | scripts/verification/test-answerlattice-ontology-emulator.ts | scripts/verification/test-answerlattice-support-truth-export-contracts.ts | scripts/verification/test-answerlattice-workspace-lifecycle-contracts.ts | scripts/verification/verify-answerlattice-runtime-truth.js | src/app/api/answerlattice/faqs/generate-from-article/route.ts | src/constants/answerlattice/database.ts | src/database/answerlattice/faqs.ts | src/database/knowledgeBase/articles.ts | src/lib/answerlattice/contentFeedbackServer.ts | src/lib/answerlattice/contextBundleBuilderServer.ts | src/lib/answerlattice/faqRetrieval.ts | src/lib/answerlattice/governanceServer.ts | src/lib/answerlattice/knowledgeIntake.ts | src/lib/answerlattice/ontologyServer.ts | src/lib/answerlattice/productSurfaceContentServer.ts | src/lib/answerlattice/publicContentCache.ts | src/lib/answerlattice/supportTruthExport.ts | src/lib/answerlattice/workspaceLifecycleContracts.ts | src/lib/answerlattice/workspaceLifecycleServer.ts","firestore-answerlattice.indexes.json:1601 | firestore-answerlattice.indexes.json:1627 | firestore-answerlattice.indexes.json:1657 | firestore-answerlattice.indexes.json:1691 | firestore-answerlattice.rules:159 | firestore.indexes.json:2604 | firestore.indexes.json:2630 | firestore.indexes.json:2660 | firestore.indexes.json:2694 | firestore.rules:512 | functions-answerlattice/src/answerlattice/contextBundleBuilder.ts:478 | functions-answerlattice/src/types/constants.ts:16 | functions/src/types/constants.ts:16 | scripts/verification/test-answerlattice-content-feedback-emulator.ts:126 | scripts/verification/test-answerlattice-content-feedback-emulator.ts:126 | scripts/verification/test-answerlattice-content-feedback-emulator.ts:130 | scripts/verification/test-answerlattice-content-feedback-emulator.ts:130 | scripts/verification/test-answerlattice-content-feedback-emulator.ts:274 | scripts/verification/test-answerlattice-content-feedback-emulator.ts:274 | scripts/verification/test-answerlattice-feedback-rules.ts:340 | scripts/verification/test-answerlattice-feedback-rules.ts:387 | scripts/verification/test-answerlattice-feedback-rules.ts:391 | scripts/verification/test-answerlattice-feedback-rules.ts:398 | scripts/verification/test-answerlattice-feedback-rules.ts:402 | scripts/verification/test-answerlattice-feedback-rules.ts:406 | scripts/verification/test-answerlattice-feedback-rules.ts:410 | scripts/verification/test-answerlattice-feedback-rules.ts:417 | scripts/verification/test-answerlattice-feedback-rules.ts:424 | scripts/verification/test-answerlattice-feedback-rules.ts:430 | scripts/verification/test-answerlattice-feedback-rules.ts:433 | scripts/verification/test-answerlattice-governance-emulator.ts:88 | scripts/verification/test-answerlattice-governance-emulator.ts:520 | scripts/verification/test-answerlattice-governance-emulator.ts:549 | scripts/verification/test-answerlattice-kb-publishing-emulator.js:114 | scripts/verification/test-answerlattice-kb-publishing-emulator.js:122 | scripts/verification/test-answerlattice-knowledge-intake-emulator.ts:204 | scripts/verification/test-answerlattice-knowledge-intake-emulator.ts:264 | scripts/verification/test-answerlattice-ontology-emulator.ts:204 | scripts/verification/test-answerlattice-ontology-emulator.ts:204 | scripts/verification/test-answerlattice-ontology-emulator.ts:210 | scripts/verification/test-answerlattice-ontology-emulator.ts:210 | scripts/verification/test-answerlattice-support-truth-export-contracts.ts:246 | scripts/verification/test-answerlattice-workspace-lifecycle-contracts.ts:6 | scripts/verification/verify-answerlattice-runtime-truth.js:10067 | src/app/api/answerlattice/faqs/generate-from-article/route.ts:270 | src/app/api/answerlattice/faqs/generate-from-article/route.ts:313 | src/app/api/answerlattice/faqs/generate-from-article/route.ts:358 | src/app/api/answerlattice/faqs/generate-from-article/route.ts:391 | src/database/answerlattice/faqs.ts:40 | src/database/knowledgeBase/articles.ts:508 | src/database/knowledgeBase/articles.ts:557 | src/database/knowledgeBase/articles.ts:704 | src/database/knowledgeBase/articles.ts:748 | src/lib/answerlattice/contentFeedbackServer.ts:128 | src/lib/answerlattice/contextBundleBuilderServer.ts:444 | src/lib/answerlattice/faqRetrieval.ts:179 | src/lib/answerlattice/faqRetrieval.ts:202 | src/lib/answerlattice/governanceServer.ts:1624 | src/lib/answerlattice/knowledgeIntake.ts:2480 | src/lib/answerlattice/ontologyServer.ts:640 | src/lib/answerlattice/productSurfaceContentServer.ts:146 | src/lib/answerlattice/publicContentCache.ts:70 | src/lib/answerlattice/supportTruthExport.ts:369 | src/lib/answerlattice/workspaceLifecycleContracts.ts:32 | src/lib/answerlattice/workspaceLifecycleContracts.ts:53 | src/lib/answerlattice/workspaceLifecycleServer.ts:20 | src/constants/answerlattice/database.ts:0 | functions/src/constants/database.ts:0 | functions-answerlattice/src/constants/database.ts:0","4afc3bc30e4e408191a339dad5e00c56095a8e868a553a1093547665b62d8b8e","14","firestore.indexes.json | firestore.rules | functions-answerlattice/src/answerlattice/contextBundleBuilder.ts | functions-answerlattice/src/types/constants.ts | scripts/verification/test-answerlattice-feedback-rules.ts | scripts/verification/test-answerlattice-governance-emulator.ts | scripts/verification/test-answerlattice-kb-publishing-emulator.js | scripts/verification/test-answerlattice-ontology-emulator.ts | scripts/verification/test-answerlattice-support-truth-export-contracts.ts | scripts/verification/verify-answerlattice-runtime-truth.js | src/database/answerlattice/faqs.ts | src/lib/answerlattice/contextBundleBuilderServer.ts | src/lib/answerlattice/faqRetrieval.ts | src/lib/answerlattice/governanceServer.ts | src/lib/answerlattice/knowledgeIntake.ts | src/lib/answerlattice/ontologyServer.ts | src/lib/answerlattice/productSurfaceContentServer.ts | src/lib/answerlattice/publicContentCache.ts | src/lib/answerlattice/supportTruthExport.ts","inventory-only","","rule path observed","",""
"answerlattice_frictionDailyStats","Answerlattice | MenuList/shared","ANSWERLATTICE_DB_COLLECTIONS.ANSWERLATTICE_FRICTION_DAILY_STATS | ANSWERLATTICE_FUNCTIONS_DB_COLLECTIONS.ANSWERLATTICE_FRICTION_DAILY_STATS | DB_COLLECTIONS.ANSWERLATTICE_FRICTION_DAILY_STATS","constant definition | delete | index definition | read/query | reference | security-rule | transaction/batch | write","12","firestore-answerlattice.indexes.json | firestore-answerlattice.rules | firestore.indexes.json | firestore.rules | functions-answerlattice/src/answerlattice/frictionAggregation.ts | functions-answerlattice/src/constants/database.ts | scripts/verification/test-answerlattice-friction-insight-state-emulator.ts | scripts/verification/test-answerlattice-workspace-lifecycle-contracts.ts | scripts/verification/verify-answerlattice-runtime-truth.js | src/constants/answerlattice/database.ts | src/lib/answerlattice/workspaceLifecycleContracts.ts | src/lib/answerlattice/workspaceLifecycleServer.ts","firestore-answerlattice.indexes.json:526 | firestore-answerlattice.rules:115 | firestore.indexes.json:1706 | firestore.rules:469 | functions-answerlattice/src/answerlattice/frictionAggregation.ts:437 | functions-answerlattice/src/answerlattice/frictionAggregation.ts:455 | functions-answerlattice/src/answerlattice/frictionAggregation.ts:465 | functions-answerlattice/src/answerlattice/frictionAggregation.ts:658 | scripts/verification/test-answerlattice-friction-insight-state-emulator.ts:207 | scripts/verification/test-answerlattice-friction-insight-state-emulator.ts:207 | scripts/verification/test-answerlattice-workspace-lifecycle-contracts.ts:6 | scripts/verification/verify-answerlattice-runtime-truth.js:10067 | scripts/verification/verify-answerlattice-runtime-truth.js:8209 | src/lib/answerlattice/workspaceLifecycleContracts.ts:32 | src/lib/answerlattice/workspaceLifecycleContracts.ts:44 | src/lib/answerlattice/workspaceLifecycleServer.ts:20 | src/constants/answerlattice/database.ts:0 | functions-answerlattice/src/constants/database.ts:0","90edffda6506bee51b6421995934655f0a8bb29bcd6be470249e7fd07531a5ab","7","firestore.indexes.json | firestore.rules | functions-answerlattice/src/answerlattice/frictionAggregation.ts | scripts/verification/test-answerlattice-friction-insight-state-emulator.ts | scripts/verification/verify-answerlattice-runtime-truth.js","inventory-only","","rule path observed","",""
"answerlattice_intakeReviewItems","Answerlattice | MenuList/shared","ANSWERLATTICE_DB_COLLECTIONS.ANSWERLATTICE_INTAKE_REVIEW_ITEMS | ANSWERLATTICE_FUNCTIONS_DB_COLLECTIONS.ANSWERLATTICE_INTAKE_REVIEW_ITEMS | DB_COLLECTIONS.ANSWERLATTICE_INTAKE_REVIEW_ITEMS","constant definition | delete | index definition | read/query | reference | security-rule | transaction/batch | write","15","firestore-answerlattice.indexes.json | firestore-answerlattice.rules | firestore.indexes.json | firestore.rules | functions-answerlattice/src/constants/database.ts | scripts/verification/test-answerlattice-knowledge-intake-emulator.ts | scripts/verification/test-answerlattice-knowledge-intake-rules.ts | scripts/verification/test-answerlattice-source-governance.ts | scripts/verification/test-answerlattice-workspace-lifecycle-contracts.ts | scripts/verification/verify-answerlattice-runtime-truth.js | src/constants/answerlattice/database.ts | src/lib/answerlattice/firstTrustedAnswerPackServer.ts | src/lib/answerlattice/knowledgeIntake.ts | src/lib/answerlattice/workspaceLifecycleContracts.ts | src/lib/answerlattice/workspaceLifecycleServer.ts","firestore-answerlattice.indexes.json:1843 | firestore-answerlattice.indexes.json:1869 | firestore-answerlattice.rules:190 | firestore.indexes.json:2846 | firestore.indexes.json:2872 | firestore.rules:542 | scripts/verification/test-answerlattice-knowledge-intake-emulator.ts:131 | scripts/verification/test-answerlattice-knowledge-intake-emulator.ts:183 | scripts/verification/test-answerlattice-knowledge-intake-emulator.ts:249 | scripts/verification/test-answerlattice-knowledge-intake-rules.ts:47 | scripts/verification/test-answerlattice-source-governance.ts:192 | scripts/verification/test-answerlattice-source-governance.ts:209 | scripts/verification/test-answerlattice-workspace-lifecycle-contracts.ts:6 | scripts/verification/verify-answerlattice-runtime-truth.js:10067 | src/lib/answerlattice/firstTrustedAnswerPackServer.ts:64 | src/lib/answerlattice/knowledgeIntake.ts:170 | src/lib/answerlattice/workspaceLifecycleContracts.ts:32 | src/lib/answerlattice/workspaceLifecycleContracts.ts:57 | src/lib/answerlattice/workspaceLifecycleServer.ts:20 | src/constants/answerlattice/database.ts:0 | functions-answerlattice/src/constants/database.ts:0","d65b2e8177b01604c09e7b0f4587a02c3f2943abb78fc13534b8f2ea5c275888","8","firestore.indexes.json | firestore.rules | scripts/verification/test-answerlattice-knowledge-intake-rules.ts | scripts/verification/test-answerlattice-source-governance.ts | scripts/verification/verify-answerlattice-runtime-truth.js | src/lib/answerlattice/firstTrustedAnswerPackServer.ts | src/lib/answerlattice/knowledgeIntake.ts","inventory-only","","rule path observed","",""
"answerlattice_intakeUsageLedger","Answerlattice | MenuList/shared","ANSWERLATTICE_DB_COLLECTIONS.ANSWERLATTICE_INTAKE_USAGE_LEDGER | ANSWERLATTICE_FUNCTIONS_DB_COLLECTIONS.ANSWERLATTICE_INTAKE_USAGE_LEDGER | DB_COLLECTIONS.ANSWERLATTICE_INTAKE_USAGE_LEDGER","constant definition | delete | index definition | read/query | reference | security-rule | transaction/batch | write","14","firestore-answerlattice.indexes.json | firestore-answerlattice.rules | firestore.indexes.json | firestore.rules | functions-answerlattice/src/constants/database.ts | scripts/verification/test-answerlattice-knowledge-intake-emulator.ts | scripts/verification/test-answerlattice-knowledge-intake-rules.ts | scripts/verification/test-answerlattice-workspace-lifecycle-contracts.ts | scripts/verification/verify-answerlattice-runtime-truth.js | src/app/api/platform/answerlattice-intake/route.ts | src/constants/answerlattice/database.ts | src/lib/answerlattice/intakeUsageLedger.ts | src/lib/answerlattice/workspaceLifecycleContracts.ts | src/lib/answerlattice/workspaceLifecycleServer.ts","firestore-answerlattice.indexes.json:1895 | firestore-answerlattice.rules:195 | firestore.indexes.json:2898 | firestore.rules:547 | scripts/verification/test-answerlattice-knowledge-intake-emulator.ts:513 | scripts/verification/test-answerlattice-knowledge-intake-rules.ts:48 | scripts/verification/test-answerlattice-workspace-lifecycle-contracts.ts:6 | scripts/verification/verify-answerlattice-runtime-truth.js:10067 | scripts/verification/verify-answerlattice-runtime-truth.js:2642 | scripts/verification/verify-answerlattice-runtime-truth.js:7573 | src/app/api/platform/answerlattice-intake/route.ts:689 | src/lib/answerlattice/intakeUsageLedger.ts:186 | src/lib/answerlattice/intakeUsageLedger.ts:346 | src/lib/answerlattice/intakeUsageLedger.ts:408 | src/lib/answerlattice/workspaceLifecycleContracts.ts:32 | src/lib/answerlattice/workspaceLifecycleContracts.ts:58 | src/lib/answerlattice/workspaceLifecycleServer.ts:20 | src/constants/answerlattice/database.ts:0 | functions-answerlattice/src/constants/database.ts:0","0b785e8ea46d3230ed6d86dd52e8329aeb2529f15c68a98a01c5fe7102a50b42","10","firestore.indexes.json | firestore.rules | scripts/verification/test-answerlattice-knowledge-intake-rules.ts | scripts/verification/verify-answerlattice-runtime-truth.js","inventory-only","","rule path observed","",""
"answerlattice_integrationDeliveryLogs","Answerlattice | MenuList/shared","ANSWERLATTICE_DB_COLLECTIONS.ANSWERLATTICE_INTEGRATION_DELIVERY_LOGS | ANSWERLATTICE_FUNCTIONS_DB_COLLECTIONS.ANSWERLATTICE_INTEGRATION_DELIVERY_LOGS | DB_COLLECTIONS.ANSWERLATTICE_INTEGRATION_DELIVERY_LOGS | FUNCTIONS_DB_COLLECTIONS.ANSWERLATTICE_INTEGRATION_DELIVERY_LOGS","constant definition | delete | index definition | read/query | reference | security-rule | transaction/batch","13","firestore-answerlattice.indexes.json | firestore-answerlattice.rules | firestore.indexes.json | firestore.rules | functions-answerlattice/src/constants/database.ts | functions-answerlattice/src/integrations/deliveryLogger.ts | functions/src/constants/database.ts | scripts/verification/test-answerlattice-integration-config-emulator.js | scripts/verification/test-answerlattice-workspace-lifecycle-contracts.ts | scripts/verification/verify-answerlattice-runtime-truth.js | src/constants/answerlattice/database.ts | src/lib/answerlattice/workspaceLifecycleContracts.ts | src/lib/answerlattice/workspaceLifecycleServer.ts","firestore-answerlattice.indexes.json:1999 | firestore-answerlattice.rules:136 | firestore.indexes.json:3075 | firestore.rules:489 | functions-answerlattice/src/integrations/deliveryLogger.ts:98 | scripts/verification/test-answerlattice-integration-config-emulator.js:51 | scripts/verification/test-answerlattice-integration-config-emulator.js:215 | scripts/verification/test-answerlattice-workspace-lifecycle-contracts.ts:6 | scripts/verification/verify-answerlattice-runtime-truth.js:10067 | src/lib/answerlattice/workspaceLifecycleContracts.ts:32 | src/lib/answerlattice/workspaceLifecycleContracts.ts:49 | src/lib/answerlattice/workspaceLifecycleServer.ts:20 | src/constants/answerlattice/database.ts:0 | functions/src/constants/database.ts:0 | functions-answerlattice/src/constants/database.ts:0","33aaee0dcefbf418388191d1103c5bc9c4a837c0758aed237609575d5ffe4473","8","firestore.indexes.json | firestore.rules | functions-answerlattice/src/integrations/deliveryLogger.ts | scripts/verification/test-answerlattice-integration-config-emulator.js | scripts/verification/verify-answerlattice-runtime-truth.js","inventory-only","","rule path observed","",""
"answerlattice_integrationEvents","Answerlattice | MenuList/shared","ANSWERLATTICE_DB_COLLECTIONS.ANSWERLATTICE_INTEGRATION_EVENTS | ANSWERLATTICE_FUNCTIONS_DB_COLLECTIONS.ANSWERLATTICE_INTEGRATION_EVENTS | DB_COLLECTIONS.ANSWERLATTICE_INTEGRATION_EVENTS | FUNCTIONS_DB_COLLECTIONS.ANSWERLATTICE_INTEGRATION_EVENTS","constant definition | delete | index definition | read/query | reference | security-rule | transaction/batch | write","16","firestore-answerlattice.indexes.json | firestore-answerlattice.rules | firestore.indexes.json | firestore.rules | functions-answerlattice/src/constants/database.ts | functions-answerlattice/src/index.ts | functions-answerlattice/src/integrations/deliveryLogger.ts | functions-answerlattice/src/integrations/eventBus.ts | functions/src/constants/database.ts | scripts/verification/test-answerlattice-integration-config-emulator.js | scripts/verification/test-answerlattice-workspace-lifecycle-contracts.ts | scripts/verification/verify-answerlattice-runtime-truth.js | src/app/api/answerlattice/integrations/test/route.ts | src/constants/answerlattice/database.ts | src/lib/answerlattice/workspaceLifecycleContracts.ts | src/lib/answerlattice/workspaceLifecycleServer.ts","firestore-answerlattice.indexes.json:1993 | firestore-answerlattice.rules:131 | firestore.indexes.json:3069 | firestore.rules:484 | functions-answerlattice/src/index.ts:393 | functions-answerlattice/src/integrations/deliveryLogger.ts:124 | functions-answerlattice/src/integrations/deliveryLogger.ts:139 | functions-answerlattice/src/integrations/deliveryLogger.ts:157 | functions-answerlattice/src/integrations/eventBus.ts:190 | functions-answerlattice/src/integrations/eventBus.ts:230 | scripts/verification/test-answerlattice-integration-config-emulator.js:50 | scripts/verification/test-answerlattice-integration-config-emulator.js:124 | scripts/verification/test-answerlattice-workspace-lifecycle-contracts.ts:6 | scripts/verification/verify-answerlattice-runtime-truth.js:10067 | scripts/verification/verify-answerlattice-runtime-truth.js:3442 | src/app/api/answerlattice/integrations/test/route.ts:136 | src/lib/answerlattice/workspaceLifecycleContracts.ts:32 | src/lib/answerlattice/workspaceLifecycleContracts.ts:48 | src/lib/answerlattice/workspaceLifecycleServer.ts:20 | src/constants/answerlattice/database.ts:0 | functions/src/constants/database.ts:0 | functions-answerlattice/src/constants/database.ts:0","477b0d9eb77d3e9e75a369d0685a36f5c5b6373e9e88a58a60814fbf56acb3da","9","firestore.indexes.json | firestore.rules | functions-answerlattice/src/index.ts | functions-answerlattice/src/integrations/deliveryLogger.ts | functions-answerlattice/src/integrations/eventBus.ts | scripts/verification/test-answerlattice-integration-config-emulator.js | scripts/verification/verify-answerlattice-runtime-truth.js","inventory-only","","rule path observed","",""
"answerlattice_integrationRateLimits","Answerlattice | MenuList/shared","ANSWERLATTICE_DB_COLLECTIONS.ANSWERLATTICE_INTEGRATION_RATE_LIMITS | ANSWERLATTICE_FUNCTIONS_DB_COLLECTIONS.ANSWERLATTICE_INTEGRATION_RATE_LIMITS | DB_COLLECTIONS.ANSWERLATTICE_INTEGRATION_RATE_LIMITS | FUNCTIONS_DB_COLLECTIONS.ANSWERLATTICE_INTEGRATION_RATE_LIMITS","constant definition | delete | index definition | read/query | reference | transaction/batch","11","firestore-answerlattice.indexes.json | firestore.indexes.json | functions-answerlattice/src/constants/database.ts | functions-answerlattice/src/integrations/rateLimiter.ts | functions/src/constants/database.ts | scripts/verification/test-answerlattice-integration-config-emulator.js | scripts/verification/test-answerlattice-workspace-lifecycle-contracts.ts | scripts/verification/verify-answerlattice-runtime-truth.js | src/constants/answerlattice/database.ts | src/lib/answerlattice/workspaceLifecycleContracts.ts | src/lib/answerlattice/workspaceLifecycleServer.ts","firestore-answerlattice.indexes.json:2005 | firestore.indexes.json:3081 | functions-answerlattice/src/integrations/rateLimiter.ts:39 | functions-answerlattice/src/integrations/rateLimiter.ts:123 | scripts/verification/test-answerlattice-integration-config-emulator.js:52 | scripts/verification/test-answerlattice-integration-config-emulator.js:281 | scripts/verification/test-answerlattice-workspace-lifecycle-contracts.ts:6 | scripts/verification/verify-answerlattice-runtime-truth.js:10067 | src/lib/answerlattice/workspaceLifecycleContracts.ts:32 | src/lib/answerlattice/workspaceLifecycleContracts.ts:50 | src/lib/answerlattice/workspaceLifecycleServer.ts:20 | src/constants/answerlattice/database.ts:0 | functions/src/constants/database.ts:0 | functions-answerlattice/src/constants/database.ts:0","230861543184ad230ba14de8c01f5f02d65a4943fecb53e2217ea148a93e78c8","7","firestore.indexes.json | functions-answerlattice/src/integrations/rateLimiter.ts | scripts/verification/test-answerlattice-integration-config-emulator.js | scripts/verification/verify-answerlattice-runtime-truth.js","inventory-only","","no rule path observed by catalog","",""
"answerlattice_knowledgeIntakeJobs","Answerlattice | MenuList/shared","ANSWERLATTICE_DB_COLLECTIONS.ANSWERLATTICE_KNOWLEDGE_INTAKE_JOBS | ANSWERLATTICE_FUNCTIONS_DB_COLLECTIONS.ANSWERLATTICE_KNOWLEDGE_INTAKE_JOBS | DB_COLLECTIONS.ANSWERLATTICE_KNOWLEDGE_INTAKE_JOBS","cache/derived-state | constant definition | delete | index definition | read/query | reference | security-rule | transaction/batch | write","18","firestore-answerlattice.indexes.json | firestore-answerlattice.rules | firestore.indexes.json | firestore.rules | functions-answerlattice/src/answerlattice/knowledgeIntakeSummary.ts | functions-answerlattice/src/constants/database.ts | scripts/verification/test-answerlattice-knowledge-intake-emulator.ts | scripts/verification/test-answerlattice-knowledge-intake-rules.ts | scripts/verification/test-answerlattice-knowledge-intake-summary-emulator.js | scripts/verification/test-answerlattice-source-governance.ts | scripts/verification/test-answerlattice-workspace-lifecycle-contracts.ts | scripts/verification/verify-answerlattice-runtime-truth.js | src/app/api/platform/answerlattice-intake/route.ts | src/constants/answerlattice/database.ts | src/lib/answerlattice/firstTrustedAnswerPackServer.ts | src/lib/answerlattice/knowledgeIntake.ts | src/lib/answerlattice/workspaceLifecycleContracts.ts | src/lib/answerlattice/workspaceLifecycleServer.ts","firestore-answerlattice.indexes.json:1765 | firestore-answerlattice.rules:179 | firestore.indexes.json:2768 | firestore.rules:532 | functions-answerlattice/src/answerlattice/knowledgeIntakeSummary.ts:155 | functions-answerlattice/src/answerlattice/knowledgeIntakeSummary.ts:163 | scripts/verification/test-answerlattice-knowledge-intake-emulator.ts:87 | scripts/verification/test-answerlattice-knowledge-intake-emulator.ts:158 | scripts/verification/test-answerlattice-knowledge-intake-emulator.ts:233 | scripts/verification/test-answerlattice-knowledge-intake-emulator.ts:338 | scripts/verification/test-answerlattice-knowledge-intake-emulator.ts:434 | scripts/verification/test-answerlattice-knowledge-intake-emulator.ts:450 | scripts/verification/test-answerlattice-knowledge-intake-emulator.ts:575 | scripts/verification/test-answerlattice-knowledge-intake-rules.ts:45 | scripts/verification/test-answerlattice-knowledge-intake-rules.ts:58 | scripts/verification/test-answerlattice-knowledge-intake-rules.ts:86 | scripts/verification/test-answerlattice-knowledge-intake-summary-emulator.js:68 | scripts/verification/test-answerlattice-source-governance.ts:107 | scripts/verification/test-answerlattice-source-governance.ts:111 | scripts/verification/test-answerlattice-workspace-lifecycle-contracts.ts:6 | scripts/verification/verify-answerlattice-runtime-truth.js:10067 | scripts/verification/verify-answerlattice-runtime-truth.js:2641 | src/app/api/platform/answerlattice-intake/route.ts:682 | src/lib/answerlattice/firstTrustedAnswerPackServer.ts:62 | src/lib/answerlattice/knowledgeIntake.ts:168 | src/lib/answerlattice/workspaceLifecycleContracts.ts:32 | src/lib/answerlattice/workspaceLifecycleContracts.ts:55 | src/lib/answerlattice/workspaceLifecycleServer.ts:20 | src/constants/answerlattice/database.ts:0 | functions-answerlattice/src/constants/database.ts:0","9bb1bc952c6c8df09f676f940a8e78b7b7819dd735c77131286c542f42d2623c","9","firestore.indexes.json | firestore.rules | functions-answerlattice/src/answerlattice/knowledgeIntakeSummary.ts | scripts/verification/test-answerlattice-knowledge-intake-rules.ts | scripts/verification/test-answerlattice-knowledge-intake-summary-emulator.js | scripts/verification/test-answerlattice-source-governance.ts | scripts/verification/verify-answerlattice-runtime-truth.js | src/lib/answerlattice/firstTrustedAnswerPackServer.ts | src/lib/answerlattice/knowledgeIntake.ts","inventory-only","","rule path observed","",""
"answerlattice_knowledgeSources","Answerlattice | MenuList/shared","ANSWERLATTICE_DB_COLLECTIONS.ANSWERLATTICE_KNOWLEDGE_SOURCES | ANSWERLATTICE_FUNCTIONS_DB_COLLECTIONS.ANSWERLATTICE_KNOWLEDGE_SOURCES | DB_COLLECTIONS.ANSWERLATTICE_KNOWLEDGE_SOURCES","constant definition | delete | index definition | read/query | reference | security-rule | transaction/batch | write","15","firestore-answerlattice.indexes.json | firestore-answerlattice.rules | firestore.indexes.json | firestore.rules | functions-answerlattice/src/constants/database.ts | scripts/verification/test-answerlattice-knowledge-intake-emulator.ts | scripts/verification/test-answerlattice-knowledge-intake-rules.ts | scripts/verification/test-answerlattice-source-governance.ts | scripts/verification/test-answerlattice-workspace-lifecycle-contracts.ts | scripts/verification/verify-answerlattice-runtime-truth.js | src/constants/answerlattice/database.ts | src/lib/answerlattice/firstTrustedAnswerPackServer.ts | src/lib/answerlattice/knowledgeIntake.ts | src/lib/answerlattice/workspaceLifecycleContracts.ts | src/lib/answerlattice/workspaceLifecycleServer.ts","firestore-answerlattice.indexes.json:1787 | firestore-answerlattice.indexes.json:1813 | firestore-answerlattice.rules:185 | firestore.indexes.json:2790 | firestore.indexes.json:2816 | firestore.rules:537 | scripts/verification/test-answerlattice-knowledge-intake-emulator.ts:105 | scripts/verification/test-answerlattice-knowledge-intake-emulator.ts:139 | scripts/verification/test-answerlattice-knowledge-intake-emulator.ts:355 | scripts/verification/test-answerlattice-knowledge-intake-emulator.ts:489 | scripts/verification/test-answerlattice-knowledge-intake-emulator.ts:520 | scripts/verification/test-answerlattice-knowledge-intake-rules.ts:46 | scripts/verification/test-answerlattice-source-governance.ts:117 | scripts/verification/test-answerlattice-source-governance.ts:131 | scripts/verification/test-answerlattice-source-governance.ts:146 | scripts/verification/test-answerlattice-source-governance.ts:160 | scripts/verification/test-answerlattice-source-governance.ts:174 | scripts/verification/test-answerlattice-source-governance.ts:270 | scripts/verification/test-answerlattice-source-governance.ts:271 | scripts/verification/test-answerlattice-source-governance.ts:405 | scripts/verification/test-answerlattice-source-governance.ts:473 | scripts/verification/test-answerlattice-source-governance.ts:474 | scripts/verification/test-answerlattice-workspace-lifecycle-contracts.ts:6 | scripts/verification/verify-answerlattice-runtime-truth.js:10067 | src/lib/answerlattice/firstTrustedAnswerPackServer.ts:63 | src/lib/answerlattice/knowledgeIntake.ts:169 | src/lib/answerlattice/workspaceLifecycleContracts.ts:32 | src/lib/answerlattice/workspaceLifecycleContracts.ts:56 | src/lib/answerlattice/workspaceLifecycleServer.ts:20 | src/constants/answerlattice/database.ts:0 | functions-answerlattice/src/constants/database.ts:0","418ea0ee4d499e5bf74ec5b3c360874be9b0437de575124faa2c94b79354a869","8","firestore.indexes.json | firestore.rules | scripts/verification/test-answerlattice-knowledge-intake-rules.ts | scripts/verification/test-answerlattice-source-governance.ts | scripts/verification/verify-answerlattice-runtime-truth.js | src/lib/answerlattice/firstTrustedAnswerPackServer.ts | src/lib/answerlattice/knowledgeIntake.ts","inventory-only","","rule path observed","",""
"answerlattice_mutationProposals","Answerlattice | MenuList/shared","ANSWERLATTICE_DB_COLLECTIONS.ANSWERLATTICE_MUTATION_PROPOSALS | ANSWERLATTICE_FUNCTIONS_DB_COLLECTIONS.ANSWERLATTICE_MUTATION_PROPOSALS | DB_COLLECTIONS.ANSWERLATTICE_MUTATION_PROPOSALS | FUNCTIONS_DB_COLLECTIONS.ANSWERLATTICE_MUTATION_PROPOSALS","cache/derived-state | constant definition | delete | index definition | read/query | reference | security-rule | transaction/batch | write","25","firestore-answerlattice.indexes.json | firestore-answerlattice.rules | firestore.indexes.json | firestore.rules | functions-answerlattice/src/answerlattice/answerlatticeNightly.ts | functions-answerlattice/src/answerlattice/draftGenerator.ts | functions-answerlattice/src/answerlattice/onboardingBootstrap.ts | functions-answerlattice/src/answerlattice/resolutionExtractor.ts | functions-answerlattice/src/constants/database.ts | functions/src/constants/database.ts | scripts/verification/test-answerlattice-governance-emulator.ts | scripts/verification/test-answerlattice-governance-rules.ts | scripts/verification/test-answerlattice-knowledge-intake-emulator.ts | scripts/verification/test-answerlattice-source-governance.ts | scripts/verification/test-answerlattice-workspace-lifecycle-contracts.ts | scripts/verification/verify-answerlattice-runtime-truth.js | src/app/api/answerlattice/answer-tests/rollback/route.ts | src/app/api/answerlattice/mutation-proposals/regenerate-draft/route.ts | src/constants/answerlattice/database.ts | src/database/answerlattice/mutationProposals.ts | src/lib/answerlattice/draftGenerator.ts | src/lib/answerlattice/governanceServer.ts | src/lib/answerlattice/knowledgeIntake.ts | src/lib/answerlattice/workspaceLifecycleContracts.ts | src/lib/answerlattice/workspaceLifecycleServer.ts","firestore-answerlattice.indexes.json:1345 | firestore-answerlattice.indexes.json:1375 | firestore-answerlattice.indexes.json:1401 | firestore-answerlattice.indexes.json:1423 | firestore-answerlattice.indexes.json:1449 | firestore-answerlattice.rules:82 | firestore.indexes.json:2348 | firestore.indexes.json:2378 | firestore.indexes.json:2404 | firestore.indexes.json:2426 | firestore.indexes.json:2452 | firestore.rules:436 | functions-answerlattice/src/answerlattice/answerlatticeNightly.ts:667 | functions-answerlattice/src/answerlattice/answerlatticeNightly.ts:669 | functions-answerlattice/src/answerlattice/answerlatticeNightly.ts:1660 | functions-answerlattice/src/answerlattice/answerlatticeNightly.ts:1671 | functions-answerlattice/src/answerlattice/draftGenerator.ts:534 | functions-answerlattice/src/answerlattice/draftGenerator.ts:560 | functions-answerlattice/src/answerlattice/draftGenerator.ts:651 | functions-answerlattice/src/answerlattice/onboardingBootstrap.ts:636 | functions-answerlattice/src/answerlattice/onboardingBootstrap.ts:722 | functions-answerlattice/src/answerlattice/resolutionExtractor.ts:258 | functions-answerlattice/src/answerlattice/resolutionExtractor.ts:549 | scripts/verification/test-answerlattice-governance-emulator.ts:83 | scripts/verification/test-answerlattice-governance-emulator.ts:115 | scripts/verification/test-answerlattice-governance-emulator.ts:242 | scripts/verification/test-answerlattice-governance-emulator.ts:283 | scripts/verification/test-answerlattice-governance-emulator.ts:342 | scripts/verification/test-answerlattice-governance-rules.ts:134 | scripts/verification/test-answerlattice-governance-rules.ts:161 | scripts/verification/test-answerlattice-governance-rules.ts:167 | scripts/verification/test-answerlattice-governance-rules.ts:181 | scripts/verification/test-answerlattice-governance-rules.ts:185 | scripts/verification/test-answerlattice-governance-rules.ts:189 | scripts/verification/test-answerlattice-governance-rules.ts:193 | scripts/verification/test-answerlattice-governance-rules.ts:197 | scripts/verification/test-answerlattice-governance-rules.ts:201 | scripts/verification/test-answerlattice-governance-rules.ts:205 | scripts/verification/test-answerlattice-governance-rules.ts:209 | scripts/verification/test-answerlattice-knowledge-intake-emulator.ts:565 | scripts/verification/test-answerlattice-source-governance.ts:453 | scripts/verification/test-answerlattice-workspace-lifecycle-contracts.ts:6 | scripts/verification/verify-answerlattice-runtime-truth.js:10067 | scripts/verification/verify-answerlattice-runtime-truth.js:4041 | scripts/verification/verify-answerlattice-runtime-truth.js:4068 | scripts/verification/verify-answerlattice-runtime-truth.js:4081 | src/app/api/answerlattice/answer-tests/rollback/route.ts:158 | src/app/api/answerlattice/mutation-proposals/regenerate-draft/route.ts:262 | src/database/answerlattice/mutationProposals.ts:41 | src/lib/answerlattice/draftGenerator.ts:168 | src/lib/answerlattice/draftGenerator.ts:201 | src/lib/answerlattice/governanceServer.ts:66 | src/lib/answerlattice/knowledgeIntake.ts:2616 | src/lib/answerlattice/workspaceLifecycleContracts.ts:32 | src/lib/answerlattice/workspaceLifecycleContracts.ts:39 | src/lib/answerlattice/workspaceLifecycleServer.ts:20 | src/constants/answerlattice/database.ts:0 | functions/src/constants/database.ts:0 | functions-answerlattice/src/constants/database.ts:0","b265ebf2c070ed2c2f82de3fcaa35037105e5e572083c46682af687c4f71d93d","11","firestore.indexes.json | firestore.rules | functions-answerlattice/src/answerlattice/answerlatticeNightly.ts | functions-answerlattice/src/answerlattice/draftGenerator.ts | functions-answerlattice/src/answerlattice/onboardingBootstrap.ts | functions-answerlattice/src/answerlattice/resolutionExtractor.ts | scripts/verification/test-answerlattice-governance-emulator.ts | scripts/verification/test-answerlattice-governance-rules.ts | scripts/verification/test-answerlattice-source-governance.ts | scripts/verification/verify-answerlattice-runtime-truth.js | src/database/answerlattice/mutationProposals.ts | src/lib/answerlattice/draftGenerator.ts | src/lib/answerlattice/governanceServer.ts | src/lib/answerlattice/knowledgeIntake.ts","inventory-only","","rule path observed","",""
"answerlattice_notificationLogs","Answerlattice | MenuList/shared","ANSWERLATTICE_DB_COLLECTIONS.ANSWERLATTICE_NOTIFICATION_LOGS | ANSWERLATTICE_FUNCTIONS_DB_COLLECTIONS.ANSWERLATTICE_NOTIFICATION_LOGS | DB_COLLECTIONS.ANSWERLATTICE_NOTIFICATION_LOGS","constant definition | delete | index definition | read/query | reference | security-rule | transaction/batch | write","13","firestore-answerlattice.indexes.json | firestore-answerlattice.rules | firestore.indexes.json | firestore.rules | functions-answerlattice/src/answerlattice/dataRetention.ts | functions-answerlattice/src/constants/database.ts | scripts/verification/test-answerlattice-workspace-lifecycle-contracts.ts | scripts/verification/test-notification-delivery-claim-emulator.ts | scripts/verification/verify-answerlattice-runtime-truth.js | src/constants/answerlattice/database.ts | src/lib/answerlattice/workspaceLifecycleContracts.ts | src/lib/answerlattice/workspaceLifecycleServer.ts | src/lib/notifications/index.ts","firestore-answerlattice.indexes.json:1949 | firestore-answerlattice.indexes.json:1971 | firestore-answerlattice.indexes.json:2017 | firestore-answerlattice.rules:214 | firestore.indexes.json:2952 | firestore.indexes.json:2974 | firestore.indexes.json:3093 | firestore.rules:566 | functions-answerlattice/src/answerlattice/dataRetention.ts:526 | scripts/verification/test-answerlattice-workspace-lifecycle-contracts.ts:6 | scripts/verification/test-notification-delivery-claim-emulator.ts:11 | scripts/verification/verify-answerlattice-runtime-truth.js:10067 | src/lib/answerlattice/workspaceLifecycleContracts.ts:32 | src/lib/answerlattice/workspaceLifecycleContracts.ts:47 | src/lib/answerlattice/workspaceLifecycleServer.ts:20 | src/lib/notifications/index.ts:52 | src/lib/notifications/index.ts:52 | src/lib/notifications/index.ts:104 | src/lib/notifications/index.ts:115 | src/constants/answerlattice/database.ts:0 | functions-answerlattice/src/constants/database.ts:0","18208f78a97129e34089126eb68cd1c36ba395959723c86e5224e7973db9ade0","9","firestore.indexes.json | firestore.rules | scripts/verification/test-notification-delivery-claim-emulator.ts | scripts/verification/verify-answerlattice-runtime-truth.js","inventory-only","","rule path observed","",""
"answerlattice_predictiveTriggers","Answerlattice | MenuList/shared","ANSWERLATTICE_DB_COLLECTIONS.ANSWERLATTICE_PREDICTIVE_TRIGGERS | ANSWERLATTICE_FUNCTIONS_DB_COLLECTIONS.ANSWERLATTICE_PREDICTIVE_TRIGGERS | DB_COLLECTIONS.ANSWERLATTICE_PREDICTIVE_TRIGGERS","constant definition | delete | index definition | read/query | reference | security-rule | transaction/batch | write","14","firestore-answerlattice.indexes.json | firestore-answerlattice.rules | firestore.indexes.json | firestore.rules | functions-answerlattice/src/answerlattice/predictiveTriggerSync.ts | functions-answerlattice/src/constants/database.ts | scripts/verification/test-answerlattice-predictive-rules.ts | scripts/verification/test-answerlattice-predictive-sync-state-emulator.ts | scripts/verification/test-answerlattice-workspace-lifecycle-contracts.ts | scripts/verification/verify-answerlattice-runtime-truth.js | src/constants/answerlattice/database.ts | src/database/answerlattice/predictiveTriggers.ts | src/lib/answerlattice/workspaceLifecycleContracts.ts | src/lib/answerlattice/workspaceLifecycleServer.ts","firestore-answerlattice.indexes.json:1475 | firestore-answerlattice.indexes.json:1497 | firestore-answerlattice.rules:141 | firestore.indexes.json:2478 | firestore.indexes.json:2500 | firestore.rules:494 | functions-answerlattice/src/answerlattice/predictiveTriggerSync.ts:381 | functions-answerlattice/src/answerlattice/predictiveTriggerSync.ts:411 | functions-answerlattice/src/answerlattice/predictiveTriggerSync.ts:483 | functions-answerlattice/src/answerlattice/predictiveTriggerSync.ts:638 | scripts/verification/test-answerlattice-predictive-rules.ts:82 | scripts/verification/test-answerlattice-predictive-rules.ts:87 | scripts/verification/test-answerlattice-predictive-rules.ts:114 | scripts/verification/test-answerlattice-predictive-rules.ts:118 | scripts/verification/test-answerlattice-predictive-rules.ts:134 | scripts/verification/test-answerlattice-predictive-rules.ts:140 | scripts/verification/test-answerlattice-predictive-rules.ts:144 | scripts/verification/test-answerlattice-predictive-rules.ts:148 | scripts/verification/test-answerlattice-predictive-rules.ts:152 | scripts/verification/test-answerlattice-predictive-rules.ts:156 | scripts/verification/test-answerlattice-predictive-rules.ts:160 | scripts/verification/test-answerlattice-predictive-rules.ts:165 | scripts/verification/test-answerlattice-predictive-rules.ts:169 | scripts/verification/test-answerlattice-predictive-rules.ts:173 | scripts/verification/test-answerlattice-predictive-rules.ts:177 | scripts/verification/test-answerlattice-predictive-rules.ts:181 | scripts/verification/test-answerlattice-predictive-rules.ts:185 | scripts/verification/test-answerlattice-predictive-sync-state-emulator.ts:75 | scripts/verification/test-answerlattice-predictive-sync-state-emulator.ts:75 | scripts/verification/test-answerlattice-predictive-sync-state-emulator.ts:94 | scripts/verification/test-answerlattice-predictive-sync-state-emulator.ts:94 | scripts/verification/test-answerlattice-predictive-sync-state-emulator.ts:157 | scripts/verification/test-answerlattice-predictive-sync-state-emulator.ts:157 | scripts/verification/test-answerlattice-workspace-lifecycle-contracts.ts:6 | scripts/verification/verify-answerlattice-runtime-truth.js:10067 | src/database/answerlattice/predictiveTriggers.ts:34 | src/lib/answerlattice/workspaceLifecycleContracts.ts:32 | src/lib/answerlattice/workspaceLifecycleContracts.ts:51 | src/lib/answerlattice/workspaceLifecycleServer.ts:20 | src/constants/answerlattice/database.ts:0 | functions-answerlattice/src/constants/database.ts:0","f55465676cc7fd628d1219ffcdb99d98a41eccc4e53cf8ff2426681dcba98239","7","firestore.indexes.json | firestore.rules | functions-answerlattice/src/answerlattice/predictiveTriggerSync.ts | scripts/verification/test-answerlattice-predictive-rules.ts | scripts/verification/test-answerlattice-predictive-sync-state-emulator.ts | scripts/verification/verify-answerlattice-runtime-truth.js | src/database/answerlattice/predictiveTriggers.ts","inventory-only","","rule path observed","",""
"answerlattice_productSurfaces","Answerlattice | MenuList/shared","ANSWERLATTICE_DB_COLLECTIONS.ANSWERLATTICE_PRODUCT_SURFACES | ANSWERLATTICE_FUNCTIONS_DB_COLLECTIONS.ANSWERLATTICE_PRODUCT_SURFACES | DB_COLLECTIONS.ANSWERLATTICE_PRODUCT_SURFACES","constant definition | delete | index definition | read/query | reference | security-rule | transaction/batch | write","24","firestore-answerlattice.indexes.json | firestore-answerlattice.rules | firestore.indexes.json | firestore.rules | functions-answerlattice/src/answerlattice/contextBundleBuilder.ts | functions-answerlattice/src/constants/database.ts | scripts/verification/test-answerlattice-governance-emulator.ts | scripts/verification/test-answerlattice-ontology-emulator.ts | scripts/verification/test-answerlattice-platform-summary-rules.ts | scripts/verification/test-answerlattice-product-surface-summary-emulator.ts | scripts/verification/test-answerlattice-support-truth-export-contracts.ts | scripts/verification/test-answerlattice-workspace-lifecycle-contracts.ts | scripts/verification/verify-answerlattice-runtime-truth.js | src/app/api/answerlattice/onboard/route.ts | src/constants/answerlattice/database.ts | src/database/answerlattice/productSurfaces.ts | src/lib/answerlattice/contextBundleBuilderServer.ts | src/lib/answerlattice/governanceServer.ts | src/lib/answerlattice/knowledgeIntake.ts | src/lib/answerlattice/ontologyServer.ts | src/lib/answerlattice/productSurfaceContentServer.ts | src/lib/answerlattice/supportTruthExport.ts | src/lib/answerlattice/workspaceLifecycleContracts.ts | src/lib/answerlattice/workspaceLifecycleServer.ts","firestore-answerlattice.indexes.json:1717 | firestore-answerlattice.indexes.json:1743 | firestore-answerlattice.rules:150 | firestore.indexes.json:2720 | firestore.indexes.json:2746 | firestore.rules:503 | functions-answerlattice/src/answerlattice/contextBundleBuilder.ts:476 | scripts/verification/test-answerlattice-governance-emulator.ts:89 | scripts/verification/test-answerlattice-governance-emulator.ts:523 | scripts/verification/test-answerlattice-governance-emulator.ts:550 | scripts/verification/test-answerlattice-ontology-emulator.ts:212 | scripts/verification/test-answerlattice-ontology-emulator.ts:212 | scripts/verification/test-answerlattice-ontology-emulator.ts:218 | scripts/verification/test-answerlattice-ontology-emulator.ts:218 | scripts/verification/test-answerlattice-platform-summary-rules.ts:313 | scripts/verification/test-answerlattice-platform-summary-rules.ts:317 | scripts/verification/test-answerlattice-platform-summary-rules.ts:321 | scripts/verification/test-answerlattice-platform-summary-rules.ts:325 | scripts/verification/test-answerlattice-platform-summary-rules.ts:329 | scripts/verification/test-answerlattice-platform-summary-rules.ts:334 | scripts/verification/test-answerlattice-platform-summary-rules.ts:339 | scripts/verification/test-answerlattice-platform-summary-rules.ts:344 | scripts/verification/test-answerlattice-product-surface-summary-emulator.ts:43 | scripts/verification/test-answerlattice-support-truth-export-contracts.ts:198 | scripts/verification/test-answerlattice-workspace-lifecycle-contracts.ts:6 | scripts/verification/verify-answerlattice-runtime-truth.js:10067 | src/app/api/answerlattice/onboard/route.ts:287 | src/database/answerlattice/productSurfaces.ts:27 | src/lib/answerlattice/contextBundleBuilderServer.ts:427 | src/lib/answerlattice/governanceServer.ts:1631 | src/lib/answerlattice/knowledgeIntake.ts:2565 | src/lib/answerlattice/ontologyServer.ts:645 | src/lib/answerlattice/productSurfaceContentServer.ts:112 | src/lib/answerlattice/supportTruthExport.ts:359 | src/lib/answerlattice/workspaceLifecycleContracts.ts:32 | src/lib/answerlattice/workspaceLifecycleContracts.ts:52 | src/lib/answerlattice/workspaceLifecycleServer.ts:20 | src/constants/answerlattice/database.ts:0 | functions-answerlattice/src/constants/database.ts:0","e08ca86135497eb4212ff519876f8625fe30c643394b55da40c06d58dda41b82","7","firestore.indexes.json | firestore.rules | functions-answerlattice/src/answerlattice/contextBundleBuilder.ts | scripts/verification/test-answerlattice-governance-emulator.ts | scripts/verification/test-answerlattice-ontology-emulator.ts | scripts/verification/test-answerlattice-platform-summary-rules.ts | scripts/verification/test-answerlattice-product-surface-summary-emulator.ts | scripts/verification/test-answerlattice-support-truth-export-contracts.ts | scripts/verification/verify-answerlattice-runtime-truth.js | src/app/api/answerlattice/onboard/route.ts | src/database/answerlattice/productSurfaces.ts | src/lib/answerlattice/contextBundleBuilderServer.ts | src/lib/answerlattice/governanceServer.ts | src/lib/answerlattice/knowledgeIntake.ts | src/lib/answerlattice/ontologyServer.ts | src/lib/answerlattice/productSurfaceContentServer.ts | src/lib/answerlattice/supportTruthExport.ts","inventory-only","","rule path observed","",""
"answerlattice_publicHelpSites","Answerlattice","ANSWERLATTICE_DB_COLLECTIONS.ANSWERLATTICE_PUBLIC_HELP_SITES | DB_COLLECTIONS.ANSWERLATTICE_PUBLIC_HELP_SITES","cache/derived-state | constant definition | delete | read/query | reference | transaction/batch | write","8","scripts/verification/test-answerlattice-workspace-lifecycle-contracts.ts | scripts/verification/test-answerlattice-workspace-lifecycle-emulator.ts | scripts/verification/verify-answerlattice-runtime-truth.js | src/app/api/answerlattice/hosted-help-settings/route.ts | src/constants/answerlattice/database.ts | src/lib/answerlattice/hostedHelpServer.ts | src/lib/answerlattice/workspaceLifecycleContracts.ts | src/lib/answerlattice/workspaceLifecycleServer.ts","scripts/verification/test-answerlattice-workspace-lifecycle-contracts.ts:6 | scripts/verification/test-answerlattice-workspace-lifecycle-emulator.ts:87 | scripts/verification/test-answerlattice-workspace-lifecycle-emulator.ts:205 | scripts/verification/test-answerlattice-workspace-lifecycle-emulator.ts:280 | scripts/verification/verify-answerlattice-runtime-truth.js:10067 | src/app/api/answerlattice/hosted-help-settings/route.ts:151 | src/app/api/answerlattice/hosted-help-settings/route.ts:228 | src/app/api/answerlattice/hosted-help-settings/route.ts:281 | src/app/api/answerlattice/hosted-help-settings/route.ts:357 | src/app/api/answerlattice/hosted-help-settings/route.ts:564 | src/app/api/answerlattice/hosted-help-settings/route.ts:579 | src/app/api/answerlattice/hosted-help-settings/route.ts:685 | src/lib/answerlattice/hostedHelpServer.ts:90 | src/lib/answerlattice/workspaceLifecycleContracts.ts:32 | src/lib/answerlattice/workspaceLifecycleContracts.ts:59 | src/lib/answerlattice/workspaceLifecycleServer.ts:20 | src/lib/answerlattice/workspaceLifecycleServer.ts:226 | src/lib/answerlattice/workspaceLifecycleServer.ts:230 | src/constants/answerlattice/database.ts:0","b6d756f786883b8dae0b078e1b8c64ab23fee526a11a2fec4e9933f384f274fe","7","scripts/verification/verify-answerlattice-runtime-truth.js","in-progress","Dedicated Answerlattice public-domain registry keyed by normalized hostname. Authenticated hosted-help settings require current workspace permission and exact store/product scope, reject reserved/unsupported or already-owned domains, reconcile the external provider, and transactionally write exact AL tenant/workspace/config/status truth. Anonymous resolution is a direct cached document read projected through exact product, alias, document-domain, enabled and config-domain checks. Workspace erasure performs bounded dual-alias queries, classifies every row as exact and deletes only admitted registry documents.","No browser DAL accesses this dedicated Admin registry; settings, anonymous public resolution and lifecycle cleanup use the Answerlattice Admin SDK. Dedicated and shared Firestore rules fall through to default deny for direct clients. The public page receives only the closed hosted-help site projection.","Owner/public reads are exact hostname document reads. Workspace erasure uses two bounded single-field `in` queries on sId/storeId, covered by automatic single-field indexes; no composite index or unbounded scan is required.","AUDIT-ANSWERLATTICE-HOSTED-HELP-SCOPE-PUBLICATION-001 | AUDIT-ANSWERLATTICE-HOSTED-HELP-SAVE-DTO-001 | AUDIT-ANSWERLATTICE-HOSTED-HELP-COMMIT-RACE-001 | AUDIT-ANSWERLATTICE-HOSTED-HELP-PROVIDER-SAGA-001 | AUDIT-COLLECTION-CATALOG-ANSWERLATTICE-ALIAS-001 | AUDIT-ANSWERLATTICE-HOSTED-HELP-COMPENSATION-RACE-001 | AUDIT-COLLECTION-CATALOG-RUNTIME-REGISTRY-CONSUMER-001"
"answerlattice_releases","Answerlattice | MenuList/shared","ANSWERLATTICE_DB_COLLECTIONS.ANSWERLATTICE_RELEASES | ANSWERLATTICE_FUNCTIONS_DB_COLLECTIONS.ANSWERLATTICE_RELEASES | DB_COLLECTIONS.ANSWERLATTICE_RELEASES | FUNCTIONS_DB_COLLECTIONS.ANSWERLATTICE_RELEASES","cache/derived-state | constant definition | delete | index definition | read/query | reference | security-rule | transaction/batch | write","28","firestore-answerlattice.indexes.json | firestore-answerlattice.rules | firestore.indexes.json | firestore.rules | functions-answerlattice/src/answerlattice/contextBundleBuilder.ts | functions-answerlattice/src/answerlattice/supportBoardSync.ts | functions-answerlattice/src/constants/database.ts | functions/src/constants/database.ts | scripts/verification/test-answerlattice-changelog-emulator.ts | scripts/verification/test-answerlattice-governance-emulator.ts | scripts/verification/test-answerlattice-release-emulator.ts | scripts/verification/test-answerlattice-release-rules.ts | scripts/verification/test-answerlattice-support-board-contracts.ts | scripts/verification/test-answerlattice-support-truth-export-contracts.ts | scripts/verification/test-answerlattice-workspace-lifecycle-contracts.ts | scripts/verification/verify-answerlattice-runtime-truth.js | src/constants/answerlattice/database.ts | src/database/answerlattice/releases.ts | src/lib/answerlattice/answerTestServer.ts | src/lib/answerlattice/canonicalRetrieval.ts | src/lib/answerlattice/changelogServer.ts | src/lib/answerlattice/contextBundleBuilderServer.ts | src/lib/answerlattice/governanceServer.ts | src/lib/answerlattice/releaseServer.ts | src/lib/answerlattice/supportTruthExport.ts | src/lib/answerlattice/workspaceLifecycleContracts.ts | src/lib/answerlattice/workspaceLifecycleServer.ts | src/lib/search/searchCore.ts","firestore-answerlattice.indexes.json:142 | firestore-answerlattice.indexes.json:670 | firestore-answerlattice.rules:70 | firestore.indexes.json:133 | firestore.indexes.json:1566 | firestore.rules:424 | functions-answerlattice/src/answerlattice/contextBundleBuilder.ts:479 | functions-answerlattice/src/answerlattice/supportBoardSync.ts:431 | functions-answerlattice/src/answerlattice/supportBoardSync.ts:439 | scripts/verification/test-answerlattice-changelog-emulator.ts:45 | scripts/verification/test-answerlattice-changelog-emulator.ts:45 | scripts/verification/test-answerlattice-governance-emulator.ts:87 | scripts/verification/test-answerlattice-release-emulator.ts:148 | scripts/verification/test-answerlattice-release-emulator.ts:148 | scripts/verification/test-answerlattice-release-emulator.ts:167 | scripts/verification/test-answerlattice-release-emulator.ts:167 | scripts/verification/test-answerlattice-release-emulator.ts:221 | scripts/verification/test-answerlattice-release-emulator.ts:221 | scripts/verification/test-answerlattice-release-emulator.ts:234 | scripts/verification/test-answerlattice-release-emulator.ts:234 | scripts/verification/test-answerlattice-release-emulator.ts:281 | scripts/verification/test-answerlattice-release-emulator.ts:281 | scripts/verification/test-answerlattice-release-rules.ts:28 | scripts/verification/test-answerlattice-release-rules.ts:37 | scripts/verification/test-answerlattice-release-rules.ts:38 | scripts/verification/test-answerlattice-release-rules.ts:39 | scripts/verification/test-answerlattice-release-rules.ts:40 | scripts/verification/test-answerlattice-support-board-contracts.ts:65 | scripts/verification/test-answerlattice-support-truth-export-contracts.ts:262 | scripts/verification/test-answerlattice-workspace-lifecycle-contracts.ts:6 | scripts/verification/verify-answerlattice-runtime-truth.js:10067 | scripts/verification/verify-answerlattice-runtime-truth.js:8341 | src/database/answerlattice/releases.ts:22 | src/lib/answerlattice/answerTestServer.ts:440 | src/lib/answerlattice/answerTestServer.ts:845 | src/lib/answerlattice/canonicalRetrieval.ts:241 | src/lib/answerlattice/changelogServer.ts:31 | src/lib/answerlattice/contextBundleBuilderServer.ts:454 | src/lib/answerlattice/governanceServer.ts:71 | src/lib/answerlattice/releaseServer.ts:34 | src/lib/answerlattice/supportTruthExport.ts:375 | src/lib/answerlattice/workspaceLifecycleContracts.ts:32 | src/lib/answerlattice/workspaceLifecycleContracts.ts:37 | src/lib/answerlattice/workspaceLifecycleServer.ts:20 | src/lib/search/searchCore.ts:415 | src/constants/answerlattice/database.ts:0 | functions/src/constants/database.ts:0 | functions-answerlattice/src/constants/database.ts:0","de6c6f17aa1895bafa97e957757b03bc53592c769f11321b7c0d41c9fb90ea7e","9","firestore.indexes.json | firestore.rules | functions-answerlattice/src/answerlattice/contextBundleBuilder.ts | functions-answerlattice/src/answerlattice/supportBoardSync.ts | scripts/verification/test-answerlattice-changelog-emulator.ts | scripts/verification/test-answerlattice-governance-emulator.ts | scripts/verification/test-answerlattice-release-emulator.ts | scripts/verification/test-answerlattice-release-rules.ts | scripts/verification/test-answerlattice-support-board-contracts.ts | scripts/verification/test-answerlattice-support-truth-export-contracts.ts | scripts/verification/verify-answerlattice-runtime-truth.js | src/database/answerlattice/releases.ts | src/lib/answerlattice/canonicalRetrieval.ts | src/lib/answerlattice/changelogServer.ts | src/lib/answerlattice/contextBundleBuilderServer.ts | src/lib/answerlattice/governanceServer.ts | src/lib/answerlattice/releaseServer.ts | src/lib/answerlattice/supportTruthExport.ts | src/lib/search/searchCore.ts","inventory-only","","rule path observed","",""
"answerlattice_schedulerRunLogs","Answerlattice | MenuList/shared","ANSWERLATTICE_DB_COLLECTIONS.ANSWERLATTICE_SCHEDULER_RUN_LOGS | ANSWERLATTICE_FUNCTIONS_DB_COLLECTIONS.ANSWERLATTICE_SCHEDULER_RUN_LOGS | DB_COLLECTIONS.ANSWERLATTICE_SCHEDULER_RUN_LOGS | FUNCTIONS_DB_COLLECTIONS.ANSWERLATTICE_SCHEDULER_RUN_LOGS","constant definition | delete | index definition | read/query | reference | security-rule","15","firestore-answerlattice.indexes.json | firestore-answerlattice.rules | firestore.indexes.json | firestore.rules | functions-answerlattice/src/answerlattice/answerlatticeNightly.ts | functions-answerlattice/src/answerlattice/dataRetention.ts | functions-answerlattice/src/constants/database.ts | functions/src/constants/database.ts | scripts/verification/test-answerlattice-workspace-lifecycle-emulator.ts | scripts/verification/verify-answerlattice-runtime-truth.js | src/app/api/answerlattice/operations/status/route.ts | src/app/api/platform/answerlattice-intake/route.ts | src/constants/answerlattice/database.ts | src/lib/answerlattice/workspaceLifecycleContracts.ts | src/lib/answerlattice/workspaceLifecycleServer.ts","firestore-answerlattice.indexes.json:2011 | firestore-answerlattice.rules:120 | firestore.indexes.json:3087 | firestore.rules:474 | functions-answerlattice/src/answerlattice/answerlatticeNightly.ts:2259 | functions-answerlattice/src/answerlattice/dataRetention.ts:517 | scripts/verification/test-answerlattice-workspace-lifecycle-emulator.ts:368 | scripts/verification/test-answerlattice-workspace-lifecycle-emulator.ts:494 | scripts/verification/verify-answerlattice-runtime-truth.js:2640 | scripts/verification/verify-answerlattice-runtime-truth.js:10058 | src/app/api/answerlattice/operations/status/route.ts:141 | src/app/api/platform/answerlattice-intake/route.ts:661 | src/lib/answerlattice/workspaceLifecycleContracts.ts:86 | src/lib/answerlattice/workspaceLifecycleServer.ts:1093 | src/constants/answerlattice/database.ts:0 | functions/src/constants/database.ts:0 | functions-answerlattice/src/constants/database.ts:0","6d3ecae39231a2cb8bb3d6af042c471c4ecdccbb98a6c3e06579e631bd55e4b6","10","firestore.indexes.json | firestore.rules | functions-answerlattice/src/answerlattice/answerlatticeNightly.ts | scripts/verification/verify-answerlattice-runtime-truth.js | src/app/api/answerlattice/operations/status/route.ts","inventory-only","","rule path observed","",""
"answerlattice_signalEvents","Answerlattice | MenuList/shared","ANSWERLATTICE_DB_COLLECTIONS.ANSWERLATTICE_SIGNAL_EVENTS | ANSWERLATTICE_FUNCTIONS_DB_COLLECTIONS.ANSWERLATTICE_SIGNAL_EVENTS | DB_COLLECTIONS.ANSWERLATTICE_SIGNAL_EVENTS | FUNCTIONS_DB_COLLECTIONS.ANSWERLATTICE_SIGNAL_EVENTS","constant definition | delete | index definition | read/query | reference | security-rule | transaction/batch | write","29","firestore-answerlattice.indexes.json | firestore-answerlattice.rules | firestore.indexes.json | firestore.rules | functions-answerlattice/src/answerlattice/answerlatticeNightly.ts | functions-answerlattice/src/answerlattice/draftGenerator.ts | functions-answerlattice/src/answerlattice/frictionAggregation.ts | functions-answerlattice/src/answerlattice/predictiveTriggerSync.ts | functions-answerlattice/src/answerlattice/resolutionExtractor.ts | functions-answerlattice/src/answerlattice/supportBoardSync.ts | functions-answerlattice/src/constants/database.ts | functions/src/constants/database.ts | scripts/migrations/backfill-answerlattice-signal-expiry.ts | scripts/verification/test-answerlattice-content-feedback-emulator.ts | scripts/verification/test-answerlattice-feedback-submission-emulator.ts | scripts/verification/test-answerlattice-governance-emulator.ts | scripts/verification/test-answerlattice-predictive-sync-state-emulator.ts | scripts/verification/test-answerlattice-signal-rules.ts | scripts/verification/test-answerlattice-widget-escalation-emulator.ts | scripts/verification/test-answerlattice-workspace-lifecycle-contracts.ts | scripts/verification/verify-answerlattice-runtime-truth.js | src/app/api/answerlattice/mutation-proposals/regenerate-draft/route.ts | src/constants/answerlattice/database.ts | src/database/answerlattice/signalEvents.ts | src/lib/answerlattice/contentFeedbackServer.ts | src/lib/answerlattice/governanceServer.ts | src/lib/answerlattice/signalEmitterServer.ts | src/lib/answerlattice/workspaceLifecycleContracts.ts | src/lib/answerlattice/workspaceLifecycleServer.ts","firestore-answerlattice.indexes.json:548 | firestore-answerlattice.indexes.json:570 | firestore-answerlattice.indexes.json:596 | firestore-answerlattice.indexes.json:622 | firestore-answerlattice.indexes.json:1987 | firestore-answerlattice.rules:91 | firestore.indexes.json:1588 | firestore.indexes.json:1610 | firestore.indexes.json:1636 | firestore.indexes.json:1662 | firestore.indexes.json:3057 | firestore.rules:445 | functions-answerlattice/src/answerlattice/answerlatticeNightly.ts:446 | functions-answerlattice/src/answerlattice/answerlatticeNightly.ts:474 | functions-answerlattice/src/answerlattice/answerlatticeNightly.ts:734 | functions-answerlattice/src/answerlattice/answerlatticeNightly.ts:743 | functions-answerlattice/src/answerlattice/answerlatticeNightly.ts:888 | functions-answerlattice/src/answerlattice/answerlatticeNightly.ts:898 | functions-answerlattice/src/answerlattice/answerlatticeNightly.ts:1199 | functions-answerlattice/src/answerlattice/answerlatticeNightly.ts:1226 | functions-answerlattice/src/answerlattice/answerlatticeNightly.ts:1622 | functions-answerlattice/src/answerlattice/answerlatticeNightly.ts:1632 | functions-answerlattice/src/answerlattice/draftGenerator.ts:256 | functions-answerlattice/src/answerlattice/draftGenerator.ts:272 | functions-answerlattice/src/answerlattice/frictionAggregation.ts:275 | functions-answerlattice/src/answerlattice/frictionAggregation.ts:284 | functions-answerlattice/src/answerlattice/predictiveTriggerSync.ts:655 | functions-answerlattice/src/answerlattice/resolutionExtractor.ts:149 | functions-answerlattice/src/answerlattice/supportBoardSync.ts:492 | functions-answerlattice/src/answerlattice/supportBoardSync.ts:516 | scripts/migrations/backfill-answerlattice-signal-expiry.ts:73 | scripts/verification/test-answerlattice-content-feedback-emulator.ts:227 | scripts/verification/test-answerlattice-content-feedback-emulator.ts:227 | scripts/verification/test-answerlattice-feedback-submission-emulator.ts:37 | scripts/verification/test-answerlattice-feedback-submission-emulator.ts:37 | scripts/verification/test-answerlattice-feedback-submission-emulator.ts:55 | scripts/verification/test-answerlattice-feedback-submission-emulator.ts:55 | scripts/verification/test-answerlattice-feedback-submission-emulator.ts:88 | scripts/verification/test-answerlattice-feedback-submission-emulator.ts:88 | scripts/verification/test-answerlattice-governance-emulator.ts:86 | scripts/verification/test-answerlattice-governance-emulator.ts:578 | scripts/verification/test-answerlattice-predictive-sync-state-emulator.ts:110 | scripts/verification/test-answerlattice-predictive-sync-state-emulator.ts:110 | scripts/verification/test-answerlattice-signal-rules.ts:54 | scripts/verification/test-answerlattice-signal-rules.ts:62 | scripts/verification/test-answerlattice-signal-rules.ts:63 | scripts/verification/test-answerlattice-signal-rules.ts:64 | scripts/verification/test-answerlattice-signal-rules.ts:65 | scripts/verification/test-answerlattice-signal-rules.ts:66 | scripts/verification/test-answerlattice-signal-rules.ts:67 | scripts/verification/test-answerlattice-signal-rules.ts:68 | scripts/verification/test-answerlattice-signal-rules.ts:71 | scripts/verification/test-answerlattice-signal-rules.ts:72 | scripts/verification/test-answerlattice-signal-rules.ts:73 | scripts/verification/test-answerlattice-signal-rules.ts:76 | scripts/verification/test-answerlattice-signal-rules.ts:81 | scripts/verification/test-answerlattice-signal-rules.ts:82 | scripts/verification/test-answerlattice-signal-rules.ts:85 | scripts/verification/test-answerlattice-signal-rules.ts:98 | scripts/verification/test-answerlattice-signal-rules.ts:105 | scripts/verification/test-answerlattice-widget-escalation-emulator.ts:104 | scripts/verification/test-answerlattice-widget-escalation-emulator.ts:104 | scripts/verification/test-answerlattice-workspace-lifecycle-contracts.ts:6 | scripts/verification/verify-answerlattice-runtime-truth.js:10067 | src/app/api/answerlattice/mutation-proposals/regenerate-draft/route.ts:112 | src/database/answerlattice/signalEvents.ts:33 | src/lib/answerlattice/contentFeedbackServer.ts:318 | src/lib/answerlattice/governanceServer.ts:1292 | src/lib/answerlattice/signalEmitterServer.ts:78 | src/lib/answerlattice/workspaceLifecycleContracts.ts:32 | src/lib/answerlattice/workspaceLifecycleContracts.ts:40 | src/lib/answerlattice/workspaceLifecycleServer.ts:20 | src/constants/answerlattice/database.ts:0 | functions/src/constants/database.ts:0 | functions-answerlattice/src/constants/database.ts:0","0eacba7f7de1a4d03a211cb1ee11155dca8f52d7976f647d4e3e5f719c1e5287","14","firestore.indexes.json | firestore.rules | functions-answerlattice/src/answerlattice/answerlatticeNightly.ts | functions-answerlattice/src/answerlattice/draftGenerator.ts | functions-answerlattice/src/answerlattice/frictionAggregation.ts | functions-answerlattice/src/answerlattice/predictiveTriggerSync.ts | functions-answerlattice/src/answerlattice/resolutionExtractor.ts | functions-answerlattice/src/answerlattice/supportBoardSync.ts | scripts/migrations/backfill-answerlattice-signal-expiry.ts | scripts/verification/test-answerlattice-governance-emulator.ts | scripts/verification/test-answerlattice-predictive-sync-state-emulator.ts | scripts/verification/test-answerlattice-signal-rules.ts | scripts/verification/verify-answerlattice-runtime-truth.js | src/lib/answerlattice/governanceServer.ts | src/lib/answerlattice/signalEmitterServer.ts","inventory-only","","rule path observed","",""
"answerlattice_supportBoardCards","Answerlattice | MenuList/shared","ANSWERLATTICE_DB_COLLECTIONS.ANSWERLATTICE_SUPPORT_BOARD_CARDS | ANSWERLATTICE_FUNCTIONS_DB_COLLECTIONS.ANSWERLATTICE_SUPPORT_BOARD_CARDS | DB_COLLECTIONS.ANSWERLATTICE_SUPPORT_BOARD_CARDS","constant definition | delete | index definition | read/query | reference | security-rule | transaction/batch | write","17","firestore-answerlattice.indexes.json | firestore-answerlattice.rules | firestore.indexes.json | firestore.rules | functions-answerlattice/src/answerlattice/supportBoardSummary.ts | functions-answerlattice/src/answerlattice/supportBoardSync.ts | functions-answerlattice/src/constants/database.ts | functions-answerlattice/src/index.ts | scripts/verification/test-answerlattice-support-board-contracts.ts | scripts/verification/test-answerlattice-support-board-rules.ts | scripts/verification/test-answerlattice-support-board-summary-emulator.ts | scripts/verification/test-answerlattice-workspace-lifecycle-contracts.ts | scripts/verification/verify-answerlattice-runtime-truth.js | src/constants/answerlattice/database.ts | src/database/answerlattice/supportBoard.ts | src/lib/answerlattice/workspaceLifecycleContracts.ts | src/lib/answerlattice/workspaceLifecycleServer.ts","firestore-answerlattice.indexes.json:826 | firestore-answerlattice.indexes.json:848 | firestore-answerlattice.indexes.json:870 | firestore-answerlattice.rules:168 | firestore.indexes.json:2010 | firestore.indexes.json:2020 | firestore.indexes.json:2030 | firestore.rules:521 | functions-answerlattice/src/answerlattice/supportBoardSummary.ts:68 | functions-answerlattice/src/answerlattice/supportBoardSync.ts:633 | functions-answerlattice/src/answerlattice/supportBoardSync.ts:637 | functions-answerlattice/src/answerlattice/supportBoardSync.ts:711 | functions-answerlattice/src/answerlattice/supportBoardSync.ts:719 | functions-answerlattice/src/index.ts:93 | scripts/verification/test-answerlattice-support-board-contracts.ts:70 | scripts/verification/test-answerlattice-support-board-rules.ts:67 | scripts/verification/test-answerlattice-support-board-rules.ts:229 | scripts/verification/test-answerlattice-support-board-rules.ts:240 | scripts/verification/test-answerlattice-support-board-rules.ts:267 | scripts/verification/test-answerlattice-support-board-rules.ts:294 | scripts/verification/test-answerlattice-support-board-rules.ts:313 | scripts/verification/test-answerlattice-support-board-rules.ts:337 | scripts/verification/test-answerlattice-support-board-summary-emulator.ts:27 | scripts/verification/test-answerlattice-workspace-lifecycle-contracts.ts:6 | scripts/verification/verify-answerlattice-runtime-truth.js:10067 | src/database/answerlattice/supportBoard.ts:30 | src/lib/answerlattice/workspaceLifecycleContracts.ts:32 | src/lib/answerlattice/workspaceLifecycleContracts.ts:54 | src/lib/answerlattice/workspaceLifecycleServer.ts:20 | src/constants/answerlattice/database.ts:0 | functions-answerlattice/src/constants/database.ts:0","3123b779ae52acb4cba2311fe47b52415347553155ba5d08492bfc74667c6bfe","8","firestore.indexes.json | firestore.rules | functions-answerlattice/src/answerlattice/supportBoardSummary.ts | functions-answerlattice/src/answerlattice/supportBoardSync.ts | functions-answerlattice/src/index.ts | scripts/verification/test-answerlattice-support-board-contracts.ts | scripts/verification/test-answerlattice-support-board-rules.ts | scripts/verification/test-answerlattice-support-board-summary-emulator.ts | scripts/verification/verify-answerlattice-runtime-truth.js","inventory-only","","rule path observed","",""
"applicationLogs","MenuList/shared","DB_COLLECTIONS.APPLICATION_LOGS | FUNCTIONS_DB_COLLECTIONS.APPLICATION_LOGS","constant definition | delete | security-rule | write","4","firestore.rules | functions/src/constants/database.ts | scripts/verification/test-tenant-store-scoped-rules.ts | src/constants/database.ts","firestore.rules:1096 | scripts/verification/test-tenant-store-scoped-rules.ts:239 | src/constants/database.ts:0 | functions/src/constants/database.ts:0","a8e66b54fb41e2dd7a7ee7f00e77e7bb54cffa3915e79fe311b5bbe7e390a54c","2","firestore.rules | src/constants/database.ts","in-progress","Reserved MenuList Firestore operational-log namespace. No first-party Firestore producer or consumer exists; similarly named dormant browser DAL exports use Firebase Realtime Database and are deliberately outside this Firestore row.","Shared Firestore rules deny every browser read and write. The tenant/store rules emulator proves an authenticated store owner cannot create a document; any future Firestore activation requires a server-only schema, retention, privacy and cost contract.","No Firestore query, index, TTL field or cache is active. A legacy setup script mentions TTL by collection name, but no current Firestore writer exists.","AUDIT-COLLECTION-CATALOG-RTDB-MISCLASSIFICATION-001"
"approvalRequests","CampaignCue","CAMPAIGNCUE_COLLECTIONS.APPROVAL_REQUESTS","constant definition | reference | security-rule","3","firestore-campaigncue.rules | src/constants/campaigncue/database.ts | src/lib/campaigncue/server.ts","firestore-campaigncue.rules:71 | src/lib/campaigncue/server.ts:3235 | src/constants/campaigncue/database.ts:0","6c145843b1d9d2b538191aa666b5a46c79bf38742ac51d91929a3c8f2d3463f8","3","","reviewed","Dedicated CampaignCue workspace-nested approval state keyed deterministically by campaign. Request/approve/reject operations reprove current campaign, workspace role and idempotency ownership and commit approval, campaign, event, analytics and replay truth in one transaction","Direct browser reads require current active exact-CC workspace membership; every client write is denied. Server mutations use dedicated Admin authority after session, store, workspace, role and request validation","Only deterministic exact-document access is active; no composite index, pagination or TTL policy is required","AUDIT-CAMPAIGNCUE-FIREBASE-RULES-001 | AUDIT-CC-ACTION-IDEMPOTENCY-IDENTITY-001 | AUDIT-CC-ACTION-TRANSACTION-001 | AUDIT-CC-ACTION-MEMBERSHIP-TOCTOU-001"
"article_feedback","Answerlattice | MenuList/shared","ANSWERLATTICE_FUNCTIONS_DB_COLLECTIONS.ARTICLE_FEEDBACK | DB_COLLECTIONS.ARTICLE_FEEDBACK | FUNCTIONS_DB_COLLECTIONS.ARTICLE_FEEDBACK","cache/derived-state | constant definition | delete | read/query | reference | security-rule | transaction/batch | write","15","firestore-answerlattice.rules | firestore.rules | functions-answerlattice/src/answerlattice/dataRetention.ts | functions-answerlattice/src/constants/database.ts | functions/src/constants/database.ts | scripts/verification/test-answerlattice-content-feedback-emulator.ts | scripts/verification/test-answerlattice-feedback-rules.ts | scripts/verification/test-answerlattice-workspace-lifecycle-contracts.ts | scripts/verification/test-answerlattice-workspace-lifecycle-emulator.ts | scripts/verification/verify-answerlattice-runtime-truth.js | src/constants/database.ts | src/database/contentFeedback/index.ts | src/lib/answerlattice/contentFeedbackServer.ts | src/lib/answerlattice/workspaceLifecycleContracts.ts | src/lib/answerlattice/workspaceLifecycleServer.ts","firestore-answerlattice.rules:371 | firestore.rules:1004 | firestore.rules:1015 | functions-answerlattice/src/answerlattice/dataRetention.ts:144 | scripts/verification/test-answerlattice-content-feedback-emulator.ts:144 | scripts/verification/test-answerlattice-content-feedback-emulator.ts:144 | scripts/verification/test-answerlattice-content-feedback-emulator.ts:239 | scripts/verification/test-answerlattice-content-feedback-emulator.ts:239 | scripts/verification/test-answerlattice-content-feedback-emulator.ts:245 | scripts/verification/test-answerlattice-content-feedback-emulator.ts:245 | scripts/verification/test-answerlattice-content-feedback-emulator.ts:306 | scripts/verification/test-answerlattice-content-feedback-emulator.ts:306 | scripts/verification/test-answerlattice-content-feedback-emulator.ts:315 | scripts/verification/test-answerlattice-content-feedback-emulator.ts:315 | scripts/verification/test-answerlattice-content-feedback-emulator.ts:319 | scripts/verification/test-answerlattice-content-feedback-emulator.ts:319 | scripts/verification/test-answerlattice-content-feedback-emulator.ts:364 | scripts/verification/test-answerlattice-content-feedback-emulator.ts:364 | scripts/verification/test-answerlattice-feedback-rules.ts:276 | scripts/verification/test-answerlattice-feedback-rules.ts:288 | scripts/verification/test-answerlattice-feedback-rules.ts:292 | scripts/verification/test-answerlattice-feedback-rules.ts:296 | scripts/verification/test-answerlattice-feedback-rules.ts:350 | scripts/verification/test-answerlattice-feedback-rules.ts:354 | scripts/verification/test-answerlattice-feedback-rules.ts:358 | scripts/verification/test-answerlattice-feedback-rules.ts:375 | scripts/verification/test-answerlattice-feedback-rules.ts:376 | scripts/verification/test-answerlattice-feedback-rules.ts:377 | scripts/verification/test-answerlattice-feedback-rules.ts:378 | scripts/verification/test-answerlattice-feedback-rules.ts:379 | scripts/verification/test-answerlattice-feedback-rules.ts:380 | scripts/verification/test-answerlattice-feedback-rules.ts:454 | scripts/verification/test-answerlattice-feedback-rules.ts:460 | scripts/verification/test-answerlattice-feedback-rules.ts:469 | scripts/verification/test-answerlattice-workspace-lifecycle-contracts.ts:6 | scripts/verification/test-answerlattice-workspace-lifecycle-emulator.ts:339 | scripts/verification/test-answerlattice-workspace-lifecycle-emulator.ts:471 | scripts/verification/verify-answerlattice-runtime-truth.js:10067 | src/database/contentFeedback/index.ts:175 | src/lib/answerlattice/contentFeedbackServer.ts:113 | src/lib/answerlattice/workspaceLifecycleContracts.ts:32 | src/lib/answerlattice/workspaceLifecycleContracts.ts:79 | src/lib/answerlattice/workspaceLifecycleServer.ts:20 | src/lib/answerlattice/workspaceLifecycleServer.ts:824 | src/constants/database.ts:0 | functions/src/constants/database.ts:0 | functions-answerlattice/src/constants/database.ts:0","af2ac54fa3c02d4dfd23a3a5dd35413bade4002f9f164d4e539525fad71d52d8","10","firestore.rules | scripts/verification/test-answerlattice-feedback-rules.ts | scripts/verification/verify-answerlattice-runtime-truth.js | src/constants/database.ts | src/database/contentFeedback/index.ts","inventory-only","","rule path observed","",""
"assets","CampaignCue | MenuList/shared","CAMPAIGNCUE_COLLECTIONS.ASSETS | DB_COLLECTIONS.ASSETS","cache/derived-state | constant definition | read/query | reference | security-rule | transaction/batch | write","8","firestore-campaigncue.rules | scripts/verification/verify-campaigncue-runtime.js | src/constants/campaigncue/database.ts | src/constants/database.ts | src/database/static/fontPresets.ts | src/database/static/static.ts | src/lib/campaigncue/cue-layers/server.ts | src/lib/campaigncue/server.ts","firestore-campaigncue.rules:46 | scripts/verification/verify-campaigncue-runtime.js:542 | src/database/static/fontPresets.ts:27 | src/database/static/static.ts:24 | src/database/static/static.ts:255 | src/lib/campaigncue/cue-layers/server.ts:1199 | src/lib/campaigncue/cue-layers/server.ts:1331 | src/lib/campaigncue/server.ts:1567 | src/lib/campaigncue/server.ts:1668 | src/lib/campaigncue/server.ts:3123 | src/lib/campaigncue/server.ts:3780 | src/lib/campaigncue/server.ts:3816 | src/lib/campaigncue/server.ts:3881 | src/constants/database.ts:0 | src/constants/campaigncue/database.ts:0","135b9e4407c9d2f9f9fdeb6630557d4cafc5210386d276cecb3dda29bf47b99b","6","scripts/verification/verify-campaigncue-runtime.js | src/constants/database.ts","in-progress","Two path-separated collections share the terminal name. MenuList shared static assets live under common/assets/{type}/{document}; authenticated owner tools read them and platform admins transactionally maintain bounded category/subcategory/item trees with ambiguity-safe immutable preview handling. CampaignCue assets live beneath the exact workspace; main registration and CueLayers export atomically persist source/rights/provenance plus the immutable GCS object generation, and campaign authority/list/download consumers strictly project exact workspace records.","MenuList common assets are authenticated-readable; create/update require an exact platform-admin claim, a supported terminal asset type and a bounded closed root schema, while delete remains platform-admin-only. CampaignCue workspace assets are readable only by current active exact-CC members and every client mutation is denied; Admin creation rechecks current membership and retry-claim ownership. The disjoint parent paths prevent cross-product document collision.","MenuList reads one asset type with a hard 1,001-document probe and fails visibly above the 1,000-document contract; CampaignCue bounded newest-first lists use the default createdAt single-field index. Exact creates/updates and generation-pinned downloads require no composite or TTL policy.","AUDIT-ASSET-001 | AUDIT-ASSET-SHARED-REFERENCE-001 | AUDIT-STATIC-ASSETS-UNBOUNDED-READ-001 | AUDIT-CAMPAIGNCUE-FIREBASE-RULES-001 | AUDIT-CC-CUELAYERS-EXPORT-BINDING-001 | AUDIT-CC-CUELAYERS-MEMBERSHIP-TOCTOU-001 | AUDIT-CC-WORKSPACE-MUTATION-AUTHORITY-IDEMPOTENCY-001 | AUDIT-CC-ASSET-STORAGE-GENERATION-001 | AUDIT-COMMON-ASSET-SCHEMA-BOUNDARY-001 | AUDIT-PLATFORM-ASSET-LOCAL-RECONCILIATION-001"
"authPhoneOtpChallenges","MenuList/shared","DB_COLLECTIONS.AUTH_PHONE_OTP_CHALLENGES","constant definition | read/query | transaction/batch | write","3","scripts/verification/test-phone-otp-transaction-emulator.ts | src/constants/database.ts | src/lib/auth/phoneOtp.ts","scripts/verification/test-phone-otp-transaction-emulator.ts:38 | src/lib/auth/phoneOtp.ts:377 | src/lib/auth/phoneOtp.ts:623 | src/constants/database.ts:0","9536e8ffdc3a1b5b760f9231bfd7727528191982ebd3b4f5c4ccf9b5ed8bf730","2","src/constants/database.ts","in-progress","MenuList global server-only, unauthenticated-entry challenge namespace. The public start route validates and fail-closed rate-limits IP and normalized phone before Admin creation; the verify route rate-limits IP/challenge before one exact-ID transaction. Runtime projection requires exact status, safe attempt count, Firestore expiry, HMAC, bounded phone metadata and coherent reservation evidence before verification can reserve, resolve/create a user or finalize a one-time login token.","No explicit browser match exists, so the root Firestore default deny blocks every client read, query and write. Only Node/Admin auth helpers access the collection. It contains no tenant/store selector and never accepts client tenant headers; the challenge binds one normalized phone/HMAC and exposes only fixed response fields.","All reads and writes use exact auto-ID document references and transactions; no composite index, list query, cache, Redux, SWR or public DTO exists. The existing expiresAt Timestamp is now in the guarded MenuList TTL setup, but QA/production field-policy activation remains operator-controlled and was not remotely verified.","AUDIT-AUTH-PHONE-001 | AUDIT-AUTH-PHONE-002 | AUDIT-AUTH-PHONE-LEGACY-EMAIL-BINDING-001 | AUDIT-PHONE-OTP-PERSISTED-BOUNDARY-001 | AUDIT-PHONE-OTP-TTL-RETENTION-001"
"authPhoneOtpLoginTokens","MenuList/shared","DB_COLLECTIONS.AUTH_PHONE_OTP_LOGIN_TOKENS","constant definition | read/query | reference | transaction/batch | write","3","scripts/verification/test-phone-otp-transaction-emulator.ts | src/constants/database.ts | src/lib/auth/phoneOtp.ts","scripts/verification/test-phone-otp-transaction-emulator.ts:160 | scripts/verification/test-phone-otp-transaction-emulator.ts:182 | src/lib/auth/phoneOtp.ts:726 | src/lib/auth/phoneOtp.ts:832 | src/constants/database.ts:0","7f61a85c3597b2c698cc4c27b583318b7c20d681095df7a7216b27d03f00a90e","2","src/constants/database.ts","in-progress","MenuList global server-only one-time credential bridge. Successful challenge finalization creates one HMAC-keyed token in the same transaction that marks the exact reservation verified. NextAuth consumes only an exact 43-character base64url secret after transaction-current projection proves active status, Firestore expiry, normalized user document ID and canonical non-empty email, then reads that exact user and atomically marks the token consumed.","No explicit browser match exists, so root default deny blocks every client read, query and write. Creation and consumption use trusted Admin SDK transactions only. The token stores no caller-supplied tenant/store scope and cannot choose a user independently of the verified challenge/user-resolution flow; malformed identity evidence fails before consumption.","The HMAC document key supports exact transactional create/read/update; no query, composite index, cache, Redux, SWR or public DTO applies. The existing expiresAt Timestamp is now in the guarded MenuList TTL setup, but QA/production field-policy activation remains operator-controlled and was not remotely verified.","AUDIT-AUTH-PHONE-001 | AUDIT-AUTH-PHONE-002 | AUDIT-AUTH-IDENTITY-001 | AUDIT-PHONE-OTP-PERSISTED-BOUNDARY-001 | AUDIT-PHONE-OTP-TTL-RETENTION-001"
"authSecurityEvents","MenuList/shared","DB_COLLECTIONS.AUTH_SECURITY_EVENTS | FUNCTIONS_DB_COLLECTIONS.AUTH_SECURITY_EVENTS","constant definition | index definition | read/query | reference | security-rule | write","7","firestore.indexes.json | firestore.rules | functions/src/constants/database.ts | scripts/verification/test-auth-security-events-emulator.ts | scripts/verification/test-auth-security-events-rules.ts | src/constants/database.ts | src/lib/auth/security.ts","firestore.indexes.json:1439 | firestore.rules:1132 | scripts/verification/test-auth-security-events-emulator.ts:17 | scripts/verification/test-auth-security-events-rules.ts:43 | scripts/verification/test-auth-security-events-rules.ts:44 | src/lib/auth/security.ts:24 | src/constants/database.ts:0 | functions/src/constants/database.ts:0","1e70e70a432889510d895f3d685247b6680cf01702d9cd8982739881bec23a94","4","firestore.indexes.json | firestore.rules | src/constants/database.ts","in-progress","MenuList global server-only authentication security ledger keyed by normalized login identity rather than tenant/store. NextAuth credential admission checks exact recent lock/failure events before password verification; failed attempts transactionally append one event and the fifth creates one lock. Successful Google/credential/phone authentication appends an observable best-effort success event. A dormant Admin summary reads at most 1,001 retained events and admits 1,000 exact-shaped rows.","The explicit /authSecurityEvents/{docId} rule denies all browser reads and writes. Focused emulator coverage proves denial for anonymous, tenant-owner and platform identities. Only Node/Admin auth code accesses the collection; lock/provider/schema failure denies credential admission rather than treating the account as unlocked.","The maintained email/eventType/timestamp-desc composite exactly supports failed/lock queries; single-field timestamp ordering supports the bounded summary. Failed-attempt transaction reads cap at five and the summary clamps to the 90-day retention window with a 1,001-row overflow probe. Existing expiresAt writes and guarded TTL setup provide the source contract, but remote QA/production TTL activation remains operator-verification evidence.","AUDIT-AUTH-SECURITY-FAIL-OPEN-001 | AUDIT-AUTH-SECURITY-PERSISTED-BOUNDARY-001 | AUDIT-AUTH-SECURITY-TRANSACTION-OBSERVABILITY-001"
"backgroundRemovals","MenuList/shared","AI_OPERATIONS_COLLECTIONS.BACKGROUND_REMOVAL","constant definition","1","src/constants/database.ts","src/constants/database.ts:0","d6ea07d39247897ed47c693e3d2bc8cf79d794479b36b0e32dd977f256a0cfad","0","src/constants/database.ts","in-progress","Reserved legacy MenuList AI-operation collection name only; no active reader, writer, query, route, job or persisted contract references this standalone collection","No explicit client rule path; root default deny applies. Any future activation requires a new scoped ownership and runtime-validation review","No active query, document or retention path exists; no index or TTL policy is justified",""
"billingCheckoutLeases","MenuList/shared","DB_COLLECTIONS.BILLING_CHECKOUT_LEASES | FUNCTIONS_DB_COLLECTIONS.BILLING_CHECKOUT_LEASES","constant definition | delete | index definition | read/query | reference | security-rule | transaction/batch | write","9","firestore.indexes.json | firestore.rules | functions/src/constants/database.ts | functions/src/schedulers/menulistMaintenanceScheduler.ts | scripts/verification/test-billing-checkout-concurrency-emulator.ts | scripts/verification/test-billing-coordination-rules.ts | scripts/verification/verify-billing-entitlement-boundary.js | src/constants/database.ts | src/lib/billing/billingCheckoutLease.ts","firestore.indexes.json:2041 | firestore.rules:599 | functions/src/schedulers/menulistMaintenanceScheduler.ts:2210 | functions/src/schedulers/menulistMaintenanceScheduler.ts:2215 | functions/src/schedulers/menulistMaintenanceScheduler.ts:2220 | scripts/verification/test-billing-checkout-concurrency-emulator.ts:32 | scripts/verification/test-billing-checkout-concurrency-emulator.ts:51 | scripts/verification/test-billing-checkout-concurrency-emulator.ts:88 | scripts/verification/test-billing-checkout-concurrency-emulator.ts:147 | scripts/verification/test-billing-checkout-concurrency-emulator.ts:165 | scripts/verification/test-billing-checkout-concurrency-emulator.ts:195 | scripts/verification/test-billing-checkout-concurrency-emulator.ts:217 | scripts/verification/test-billing-checkout-concurrency-emulator.ts:259 | scripts/verification/test-billing-coordination-rules.ts:24 | scripts/verification/test-billing-coordination-rules.ts:44 | scripts/verification/test-billing-coordination-rules.ts:45 | scripts/verification/verify-billing-entitlement-boundary.js:671 | src/lib/billing/billingCheckoutLease.ts:104 | src/lib/billing/billingCheckoutLease.ts:218 | src/lib/billing/billingCheckoutLease.ts:247 | src/lib/billing/billingCheckoutLease.ts:290 | src/lib/billing/billingCheckoutLease.ts:327 | src/lib/billing/billingCheckoutLease.ts:376 | src/lib/billing/billingCheckoutLease.ts:407 | src/constants/database.ts:0 | functions/src/constants/database.ts:0","651603452009a21c9270a4325e653569709d15b93efd24a45853497cd395fafa","4","firestore.indexes.json | firestore.rules | functions/src/schedulers/menulistMaintenanceScheduler.ts | scripts/verification/verify-billing-entitlement-boundary.js | src/constants/database.ts","in-progress","Central MenuList Admin-only checkout coordination shared by MenuList and Answerlattice because both use one Razorpay provider namespace; one actor/request-bound document per product/tenant/store/kind versions and fences pre-provider, provider-ambiguous, exact-provider and short completed-replay state","Explicit client rule path denies every authenticated and unauthenticated browser read/write; emulator verified. All writers/readers use server Admin SDK after current product tenant/store billing authorization","Exact document transactions own every state transition; daily health uses the declared status/expiresAt composite for separately capped processing, provider_creating and provider_created queries; no TTL policy applies because recovery state must not disappear automatically","AUDIT-BILLING-CHECKOUT-PROVIDER-FENCE-001 | AUDIT-BILLING-CHECKOUT-RECOVERY-IDENTITY-001"
"billingProviderPlans","MenuList/shared","DB_COLLECTIONS.BILLING_PROVIDER_PLANS | FUNCTIONS_DB_COLLECTIONS.BILLING_PROVIDER_PLANS","constant definition | delete | index definition | read/query | reference | security-rule | write","9","firestore.indexes.json | firestore.rules | functions/src/constants/database.ts | functions/src/schedulers/menulistMaintenanceScheduler.ts | scripts/verification/test-billing-coordination-rules.ts | scripts/verification/test-billing-provider-plan-registry-emulator.ts | scripts/verification/verify-billing-entitlement-boundary.js | src/constants/database.ts | src/lib/razorpay/plan-handler.ts","firestore.indexes.json:2049 | firestore.rules:603 | functions/src/schedulers/menulistMaintenanceScheduler.ts:2225 | functions/src/schedulers/menulistMaintenanceScheduler.ts:2230 | scripts/verification/test-billing-coordination-rules.ts:28 | scripts/verification/test-billing-coordination-rules.ts:46 | scripts/verification/test-billing-coordination-rules.ts:47 | scripts/verification/test-billing-provider-plan-registry-emulator.ts:21 | scripts/verification/test-billing-provider-plan-registry-emulator.ts:26 | scripts/verification/verify-billing-entitlement-boundary.js:672 | src/lib/razorpay/plan-handler.ts:105 | src/constants/database.ts:0 | functions/src/constants/database.ts:0","74085871b79a94dc2787b568611cffc8ec4a867cf2deea4399acdecc5ae2779a","4","firestore.indexes.json | firestore.rules | functions/src/schedulers/menulistMaintenanceScheduler.ts | scripts/verification/verify-billing-entitlement-boundary.js | src/constants/database.ts","in-progress","Central MenuList Admin-only Razorpay plan registry shared by MenuList and Answerlattice because both use one provider account; one SHA-256 exact product/user-type/plan/interval/currency/amount key owns versioned pre-provider, provider-ambiguous and immutable ready identity","Explicit client rule path denies every authenticated and unauthenticated browser read/write; emulator verified. Server callers derive plan facts from maintained MenuList, Answerlattice or reseller pricing after their own auth/scope admission","Registry mutations/readiness use exact documents; daily recovery health uses the declared status/leaseExpiresAt composite for separately capped processing and provider_creating queries; provider scans are bounded external API pages and no TTL policy applies","AUDIT-BILLING-PROVIDER-PLAN-FENCE-001"
"blogs","MenuList/shared","DB_COLLECTIONS.BLOGS","constant definition | read/query | security-rule | write","4","firestore.rules | scripts/verification/verify-storage-path-hardening.js | src/constants/database.ts | src/database/blogs/index.ts","firestore.rules:965 | scripts/verification/verify-storage-path-hardening.js:513 | src/database/blogs/index.ts:23 | src/database/blogs/index.ts:22 | src/database/blogs/index.ts:23 | src/constants/database.ts:0","eee22f11c38d906fc9aa8912a7460901cb0ad53c1bccabff94091e06ac5fd679","2","firestore.rules | src/constants/database.ts","in-progress","MenuList shared platform-content namespace. Documents are intentionally global public-readable records rather than tenant-private truth; optional storeId is a legacy public filter, while browser create/update authority is restricted to authenticated platform administrators. No active route, component, job or cache consumer currently invokes the dormant DAL.","Firestore rules allow global document reads and require authenticated platform-admin claims for writes. The DAL independently validates document/store identities, caps list queries at 100 admitted rows, projects document IDs, admits only HTTP(S) external image URLs and uses ambiguity-safe immutable Storage upload handling.","The complete list uses a bounded default collection query. Store filtering is equality-only with a hard 101-row overflow probe and requires only the default single-field storeId index. No pagination cursor, composite index, TTL, active cache, public blog route or deletion lifecycle exists; activation beyond 100 rows requires an explicit pagination and retention contract.","AUDIT-BLOG-IMAGE-SHARED-REFERENCE-001 | AUDIT-BLOG-DAL-BOUNDARY-001"
"breaks","MenuList/shared","DB_COLLECTIONS.BREAKS","constant definition","1","src/constants/database.ts","src/constants/database.ts:0","fdc9e7265775e6571fc10b2dc585c6676eb374a0f6019b35beb889c21af7d210","0","src/constants/database.ts","in-progress","Reserved legacy MenuList staff-scheduling collection name only; current staff management has no reader, writer, query, route, job or persisted break contract","No explicit client rule path; root default deny applies. Any future scheduling activation requires an exact tenant/store/actor rules and concurrency review","No active query, document or retention path exists; no index or TTL policy is justified",""
"businessBrains","CampaignCue","CAMPAIGNCUE_COLLECTIONS.BUSINESS_BRAINS","constant definition | read/query | reference | security-rule | transaction/batch | write","3","firestore-campaigncue.rules | src/constants/campaigncue/database.ts | src/lib/campaigncue/server.ts","firestore-campaigncue.rules:21 | src/lib/campaigncue/server.ts:1099 | src/lib/campaigncue/server.ts:1660 | src/lib/campaigncue/server.ts:3104 | src/lib/campaigncue/server.ts:3954 | src/lib/campaigncue/server.ts:4175 | src/constants/campaigncue/database.ts:0","b4ac4687d02f39e531a419e86d016edb4ee7128f5d4d5845c77ec47e157fbc65","3","","reviewed","Dedicated CampaignCue workspace-nested canonical business/brand input keyed by the deterministic default business-brain ID. Bootstrap create-only derives it from the exact current MenuList store; later server patches apply normalized closed business, contact, brand, locale, policy, presence and language deltas to transaction-current truth and exact-replace the coherent source snapshot in the same transaction","Direct browser reads require current active exact-CC workspace membership; every client write is denied. All writes use the dedicated Admin SDK and the final transaction reproves current workspace membership and idempotency-claim ownership","Only deterministic exact-document reads/writes are active; no composite index, pagination or TTL policy is required","AUDIT-CC-005 | AUDIT-CAMPAIGNCUE-FIREBASE-RULES-001 | AUDIT-CC-PERSISTED-RECORD-BOUNDARY-001 | AUDIT-CC-UNDEFINED-NULL-PERSISTENCE-001 | AUDIT-CC-WORKSPACE-MUTATION-AUTHORITY-IDEMPOTENCY-001"
"businessEntityIndex","MenuList/shared","DB_COLLECTIONS.BUSINESS_ENTITY_INDEX | FUNCTIONS_DB_COLLECTIONS.BUSINESS_ENTITY_INDEX","constant definition","2","functions/src/constants/database.ts | src/constants/database.ts","src/constants/database.ts:0 | functions/src/constants/database.ts:0","5d7a634a27436dac7094a00aa3dc77bdda1a959596e2e0baeb851de7c48522d9","1","src/constants/database.ts","in-progress","Dormant MenuList cross-business public discovery namespace. App and Functions constants plus a pure typed builder exist, but both feature flags are false and there is no Firestore writer, reader, query API, scheduler, deactivation cleanup, cache, route or public consumer. The builder projects a closed public-only shape and its safety guard fails closed on sensitive nested keys, hostile objects and cycles","No collection-specific client rule exists; root default deny blocks every browser read and write. Any activation requires a separately reviewed runtime schema, server-only writer, public DTO, ownership model, rules tests and deactivation lifecycle","No active query, retention or persistence path exists; no composite index, field exemption or TTL policy is justified until the separately gated feature is activated","AUDIT-DISCOVERY-INDEX-INPUT-BOUNDARY-001 | AUDIT-BUSINESS-ENTITY-INDEX-DORMANT-SAFETY-CONTRACT-001"
"campaigncuePlatformPackTemplates","CampaignCue","CAMPAIGNCUE_COLLECTIONS.PLATFORM_PACK_TEMPLATES | CAMPAIGNCUE_PACK_TEMPLATE_REGISTRY.PLATFORM_COLLECTION | COLLECTION","constant definition | read/query | reference | security-rule | transaction/batch | write","6","firestore-campaigncue.rules | scripts/campaigncue/seed-platform-pack-templates.js | scripts/verification/test-campaigncue-rules.ts | src/constants/campaigncue/database.ts | src/constants/campaigncue/packTemplates.ts | src/lib/campaigncue/pack-templates/catalog.ts","firestore-campaigncue.rules:9 | scripts/campaigncue/seed-platform-pack-templates.js:12 | scripts/campaigncue/seed-platform-pack-templates.js:166 | scripts/campaigncue/seed-platform-pack-templates.js:218 | scripts/verification/test-campaigncue-rules.ts:141 | scripts/verification/test-campaigncue-rules.ts:145 | scripts/verification/test-campaigncue-rules.ts:211 | scripts/verification/test-campaigncue-rules.ts:212 | scripts/verification/test-campaigncue-rules.ts:213 | scripts/verification/test-campaigncue-rules.ts:214 | scripts/verification/test-campaigncue-rules.ts:215 | scripts/verification/test-campaigncue-rules.ts:216 | scripts/verification/test-campaigncue-rules.ts:217 | scripts/verification/test-campaigncue-rules.ts:218 | src/lib/campaigncue/pack-templates/catalog.ts:85 | src/lib/campaigncue/pack-templates/catalog.ts:85 | src/constants/campaigncue/database.ts:0 | src/constants/campaigncue/packTemplates.ts:0","a718078d762262a969fc046462535b7a226e21340542b08eb217064f31ae7088","6","","reviewed","Dedicated CampaignCue root catalog with one bounded platform-curated summary document per canonical business category. The audited seed validates seven closed seed contracts, publishes each JSON payload to a content-addressed immutable Storage path, verifies any create-precondition conflict against exact size/MD5/type/cache metadata, then atomically replaces all category catalog documents in one Admin batch. Browser readers fetch one category, strictly parse identity and verify downloaded platform payload SHA-256 against the catalog path before hydration.","Firestore reads require platform authority or a current active exact-CC workspace member and a canonical category ID; writes require platform authority plus the complete bounded catalog validator. CampaignCue Storage permits platform artifact creation only when no object exists, denies browser overwrite/delete, and member reads remain scope-gated.","Every read/write targets an exact category document; no query, composite index or TTL policy is required. Catalog documents have a 750,000-byte seed bound and at most 80 summaries per category.","AUDIT-CAMPAIGNCUE-FIREBASE-RULES-001 | AUDIT-CC-PACK-TEMPLATE-SEED-PUBLISH-001 | AUDIT-CC-PACK-TEMPLATE-ARTIFACT-SCOPE-001 | AUDIT-CC-PACK-TEMPLATE-DOWNLOAD-BOUND-001 | AUDIT-CC-PLATFORM-TEMPLATE-CONTENT-IMMUTABILITY-001"
"campaigncueWorkspaces","CampaignCue","CAMPAIGNCUE_COLLECTIONS.WORKSPACES","constant definition | read/query | reference | security-rule | write","9","firestore-campaigncue.rules | scripts/verification/test-campaigncue-rules.ts | scripts/verification/test-campaigncue-storage-rules.ts | scripts/verification/verify-campaigncue-runtime.js | src/constants/campaigncue/database.ts | src/lib/campaigncue/cue-layers/server.ts | src/lib/campaigncue/pack-templates/catalog.ts | src/lib/campaigncue/pack-templates/workspaceTemplates.ts | src/lib/campaigncue/server.ts","firestore-campaigncue.rules:17 | scripts/verification/test-campaigncue-rules.ts:100 | scripts/verification/test-campaigncue-rules.ts:101 | scripts/verification/test-campaigncue-rules.ts:102 | scripts/verification/test-campaigncue-rules.ts:106 | scripts/verification/test-campaigncue-rules.ts:113 | scripts/verification/test-campaigncue-rules.ts:117 | scripts/verification/test-campaigncue-rules.ts:121 | scripts/verification/test-campaigncue-rules.ts:125 | scripts/verification/test-campaigncue-rules.ts:129 | scripts/verification/test-campaigncue-rules.ts:133 | scripts/verification/test-campaigncue-rules.ts:137 | scripts/verification/test-campaigncue-rules.ts:184 | scripts/verification/test-campaigncue-rules.ts:185 | scripts/verification/test-campaigncue-rules.ts:186 | scripts/verification/test-campaigncue-rules.ts:187 | scripts/verification/test-campaigncue-rules.ts:188 | scripts/verification/test-campaigncue-rules.ts:189 | scripts/verification/test-campaigncue-rules.ts:190 | scripts/verification/test-campaigncue-rules.ts:191 | scripts/verification/test-campaigncue-rules.ts:192 | scripts/verification/test-campaigncue-rules.ts:193 | scripts/verification/test-campaigncue-rules.ts:195 | scripts/verification/test-campaigncue-rules.ts:196 | scripts/verification/test-campaigncue-rules.ts:199 | scripts/verification/test-campaigncue-rules.ts:203 | scripts/verification/test-campaigncue-rules.ts:206 | scripts/verification/test-campaigncue-rules.ts:208 | scripts/verification/test-campaigncue-rules.ts:209 | scripts/verification/test-campaigncue-rules.ts:224 | scripts/verification/test-campaigncue-rules.ts:228 | scripts/verification/test-campaigncue-rules.ts:232 | scripts/verification/test-campaigncue-rules.ts:236 | scripts/verification/test-campaigncue-rules.ts:240 | scripts/verification/test-campaigncue-rules.ts:244 | scripts/verification/test-campaigncue-storage-rules.ts:62 | scripts/verification/test-campaigncue-storage-rules.ts:66 | scripts/verification/test-campaigncue-storage-rules.ts:70 | scripts/verification/verify-campaigncue-runtime.js:240 | src/lib/campaigncue/cue-layers/server.ts:86 | src/lib/campaigncue/pack-templates/catalog.ts:95 | src/lib/campaigncue/pack-templates/catalog.ts:97 | src/lib/campaigncue/pack-templates/workspaceTemplates.ts:40 | src/lib/campaigncue/pack-templates/workspaceTemplates.ts:42 | src/lib/campaigncue/server.ts:367 | src/constants/campaigncue/database.ts:0","49c8be46a8e193dc9be008e5a13506e1effdffb1772720893e11cc9fcd09a286","8","scripts/verification/verify-campaigncue-runtime.js","in-progress","Dedicated CampaignCue root workspace keyed by the exact signed MenuList tenant/store scope. Bootstrap transactionally creates the first owner membership once, and every server, pack-template, CueLayers, Firestore-rules and Storage-rules consumer requires exact CC product, tenant, store, active state and current durable member role before child access.","Authenticated browser reads require the request tenant/store claims to equal both persisted aliases and require an active workspace member entry for the current UID. Every client create, update and delete is denied. All mutations use Admin authority after shared MenuList store ownership validation, and final durable transactions re-read current membership where authorization can change in flight.","Runtime uses an exact deterministic workspace document; child queries are scoped beneath that document. No root workspace query, composite index or TTL policy is active.","AUDIT-CAMPAIGNCUE-FIREBASE-RULES-001 | AUDIT-CC-STORE-BOOTSTRAP-TENANT-SCOPE-001 | AUDIT-CC-WORKSPACE-MEMBERSHIP-001 | AUDIT-CC-WORKSPACE-BOOTSTRAP-RACE-001 | AUDIT-CC-ACTION-MEMBERSHIP-TOCTOU-001 | AUDIT-CC-CUELAYERS-MEMBERSHIP-TOCTOU-001 | AUDIT-CC-WORKSPACE-MUTATION-AUTHORITY-IDEMPOTENCY-001 | AUDIT-CC-CLIENT-WORKSPACE-MEMBERSHIP-001"
"campaignExports","MenuList/shared","DB_COLLECTIONS.CAMPAIGN_EXPORTS","constant definition | delete | read/query | reference | security-rule | write","4","firestore.rules | scripts/verification/test-tenant-store-scoped-rules.ts | src/constants/database.ts | src/database/campaigns/index.ts","firestore.rules:753 | scripts/verification/test-tenant-store-scoped-rules.ts:13 | src/database/campaigns/index.ts:54 | src/constants/database.ts:0","cfc5b6db84cba0bbca36ea1a8d69cac4b15946ab8f70db64376039acf09c6846","1","firestore.rules | src/constants/database.ts | src/database/campaigns/index.ts","in-progress","MenuList tenant/store-scoped campaign action ledger at campaignExports/{tId}/{sId}/{exportId}. Completion derives exact scope from the authenticated session, validates campaign/project/surface/method identity, and creates one deterministic complete_{campaignId} marker in the same transaction as campaign status and Today-summary state. Replay succeeds only when the complete persisted marker exactly matches every expected identity and timestamp field.","Authenticated reads require current exact tenant/store membership and writes require tenant-admin authority. The DAL independently projects every persisted marker and refuses coercible, foreign, malformed or conflicting scope; the tenant/store rules emulator proves same-store admission and cross-store/cross-tenant denial.","Active completion and replay use one deterministic exact document reference inside a Firestore transaction; there is no list query, composite index or TTL policy. A mismatched or missing marker fails closed for reconciliation rather than incrementing counters or reporting false success.","AUDIT-CAMPAIGN-001 | AUDIT-CAMPAIGN-PERSISTED-RECORD-BOUNDARY-001"
"campaigns","CampaignCue | MenuList/shared","CAMPAIGNCUE_COLLECTIONS.CAMPAIGNS | DB_COLLECTIONS.CAMPAIGNS","constant definition | delete | read/query | reference | security-rule | write","9","firestore-campaigncue.rules | firestore.rules | scripts/verification/test-campaigncue-rules.ts | scripts/verification/test-tenant-store-scoped-rules.ts | scripts/verification/verify-campaigncue-runtime.js | src/constants/campaigncue/database.ts | src/constants/database.ts | src/database/campaigns/index.ts | src/lib/campaigncue/server.ts","firestore-campaigncue.rules:41 | firestore.rules:745 | scripts/verification/test-campaigncue-rules.ts:129 | scripts/verification/test-campaigncue-rules.ts:186 | scripts/verification/test-tenant-store-scoped-rules.ts:13 | scripts/verification/verify-campaigncue-runtime.js:295 | src/database/campaigns/index.ts:53 | src/lib/campaigncue/server.ts:1671 | src/lib/campaigncue/server.ts:1714 | src/lib/campaigncue/server.ts:1821 | src/lib/campaigncue/server.ts:2605 | src/lib/campaigncue/server.ts:3126 | src/lib/campaigncue/server.ts:3160 | src/lib/campaigncue/server.ts:3234 | src/lib/campaigncue/server.ts:3532 | src/lib/campaigncue/server.ts:3826 | src/constants/database.ts:0 | src/constants/campaigncue/database.ts:0","95b6901c9e9ffdc0982216fd3b0df18d71fa0696e5109a17b8bc4870d858e668","5","firestore.rules | scripts/verification/verify-campaigncue-runtime.js | src/constants/database.ts | src/database/campaigns/index.ts","in-progress","Mixed-name, product-separated campaign truth. MenuList stores exact tenant/store child campaigns at campaigns/{tId}/{sId}/{campaignId}; the client DAL derives scope only from the authenticated session, validates every persisted campaign before owner use, and transactionally couples completion or skip with the same-store Today summary and deterministic export marker. CampaignCue stores strict projected campaign decisions beneath one exact workspace; every server mutation rechecks current exact CC membership and coherent authority inside the committing transaction, while browser consumers remain read-only.","MenuList rules require authenticated current tenant/store membership for reads and tenant-admin authority for writes; runtime projectors still reject malformed or conflicting embedded scope. CampaignCue rules require current active exact-CC workspace membership for reads and deny all browser writes. The shared and CampaignCue emulator suites cover same-store, multi-store, foreign-tenant, exact-product membership and write-denial behavior.","MenuList history queries remain beneath an exact tenant/store collection with a hard 100-row limit, optional exact project predicate and updatedAt descending order; action/replay paths use exact documents and transactions. CampaignCue queries remain bounded beneath one workspace and use the maintained CampaignCue index contract. No cross-product collection or cache key is shared.","AUDIT-CAMPAIGN-001 | AUDIT-CAMPAIGN-SUMMARY-NORMALIZATION-001 | AUDIT-CAMPAIGN-PERSISTED-RECORD-BOUNDARY-001 | AUDIT-CAMPAIGNCUE-FIREBASE-RULES-001 | AUDIT-CC-PERSISTED-RECORD-BOUNDARY-001 | AUDIT-CC-CAMPAIGN-AUTHORITY-TOCTOU-001"
"changelog","Answerlattice | MenuList/shared","ANSWERLATTICE_FUNCTIONS_DB_COLLECTIONS.CHANGELOG | DB_COLLECTIONS.CHANGELOG","constant definition | read/query | reference | security-rule | transaction/batch | write","18","firestore-answerlattice.rules | firestore.rules | functions-answerlattice/src/answerlattice/contextBundleBuilder.ts | functions-answerlattice/src/constants/database.ts | scripts/verification/test-answerlattice-changelog-emulator.ts | scripts/verification/test-answerlattice-content-feedback-emulator.ts | scripts/verification/test-answerlattice-feedback-rules.ts | scripts/verification/test-answerlattice-product-surface-summary-emulator.ts | scripts/verification/test-answerlattice-support-truth-export-contracts.ts | src/constants/database.ts | src/database/changelog/index.ts | src/lib/answerlattice/changelogServer.ts | src/lib/answerlattice/contentFeedbackServer.ts | src/lib/answerlattice/contextBundleBuilderServer.ts | src/lib/answerlattice/productSurfaceContentServer.ts | src/lib/answerlattice/publicContentCache.ts | src/lib/answerlattice/supportTruthExport.ts | src/lib/answerlattice/workspaceLifecycleServer.ts","firestore-answerlattice.rules:357 | firestore.rules:971 | firestore.rules:977 | functions-answerlattice/src/answerlattice/contextBundleBuilder.ts:373 | scripts/verification/test-answerlattice-changelog-emulator.ts:84 | scripts/verification/test-answerlattice-changelog-emulator.ts:84 | scripts/verification/test-answerlattice-changelog-emulator.ts:118 | scripts/verification/test-answerlattice-changelog-emulator.ts:118 | scripts/verification/test-answerlattice-content-feedback-emulator.ts:133 | scripts/verification/test-answerlattice-content-feedback-emulator.ts:133 | scripts/verification/test-answerlattice-content-feedback-emulator.ts:137 | scripts/verification/test-answerlattice-content-feedback-emulator.ts:137 | scripts/verification/test-answerlattice-content-feedback-emulator.ts:262 | scripts/verification/test-answerlattice-content-feedback-emulator.ts:262 | scripts/verification/test-answerlattice-feedback-rules.ts:366 | scripts/verification/test-answerlattice-feedback-rules.ts:444 | scripts/verification/test-answerlattice-feedback-rules.ts:450 | scripts/verification/test-answerlattice-product-surface-summary-emulator.ts:49 | scripts/verification/test-answerlattice-support-truth-export-contracts.ts:136 | src/database/changelog/index.ts:26 | src/lib/answerlattice/changelogServer.ts:29 | src/lib/answerlattice/contentFeedbackServer.ts:129 | src/lib/answerlattice/contextBundleBuilderServer.ts:365 | src/lib/answerlattice/productSurfaceContentServer.ts:164 | src/lib/answerlattice/publicContentCache.ts:121 | src/lib/answerlattice/publicContentCache.ts:139 | src/lib/answerlattice/supportTruthExport.ts:380 | src/lib/answerlattice/workspaceLifecycleServer.ts:821 | src/constants/database.ts:0 | functions-answerlattice/src/constants/database.ts:0","a2b0a4695c7ae4c2ac3f59c8421dd710577e7899c449532e05a755147c55d735","5","firestore.rules | functions-answerlattice/src/answerlattice/contextBundleBuilder.ts | scripts/verification/test-answerlattice-changelog-emulator.ts | scripts/verification/test-answerlattice-feedback-rules.ts | scripts/verification/test-answerlattice-product-surface-summary-emulator.ts | scripts/verification/test-answerlattice-support-truth-export-contracts.ts | src/constants/database.ts | src/database/changelog/index.ts | src/lib/answerlattice/changelogServer.ts | src/lib/answerlattice/contextBundleBuilderServer.ts | src/lib/answerlattice/productSurfaceContentServer.ts | src/lib/answerlattice/publicContentCache.ts | src/lib/answerlattice/supportTruthExport.ts","inventory-only","","rule path observed","",""
"changelog_feedback","Answerlattice | MenuList/shared","ANSWERLATTICE_FUNCTIONS_DB_COLLECTIONS.CHANGELOG_FEEDBACK | DB_COLLECTIONS.CHANGELOG_FEEDBACK | FUNCTIONS_DB_COLLECTIONS.CHANGELOG_FEEDBACK","constant definition | delete | read/query | reference | security-rule | transaction/batch","13","firestore-answerlattice.rules | firestore.rules | functions-answerlattice/src/answerlattice/dataRetention.ts | functions-answerlattice/src/constants/database.ts | functions/src/constants/database.ts | scripts/verification/test-answerlattice-content-feedback-emulator.ts | scripts/verification/test-answerlattice-workspace-lifecycle-contracts.ts | scripts/verification/verify-answerlattice-runtime-truth.js | src/constants/database.ts | src/database/contentFeedback/index.ts | src/lib/answerlattice/contentFeedbackServer.ts | src/lib/answerlattice/workspaceLifecycleContracts.ts | src/lib/answerlattice/workspaceLifecycleServer.ts","firestore-answerlattice.rules:365 | firestore.rules:998 | firestore.rules:1009 | functions-answerlattice/src/answerlattice/dataRetention.ts:145 | scripts/verification/test-answerlattice-content-feedback-emulator.ts:322 | scripts/verification/test-answerlattice-content-feedback-emulator.ts:322 | scripts/verification/test-answerlattice-content-feedback-emulator.ts:365 | scripts/verification/test-answerlattice-content-feedback-emulator.ts:365 | scripts/verification/test-answerlattice-workspace-lifecycle-contracts.ts:6 | scripts/verification/verify-answerlattice-runtime-truth.js:10067 | src/database/contentFeedback/index.ts:174 | src/lib/answerlattice/contentFeedbackServer.ts:116 | src/lib/answerlattice/workspaceLifecycleContracts.ts:32 | src/lib/answerlattice/workspaceLifecycleContracts.ts:78 | src/lib/answerlattice/workspaceLifecycleServer.ts:20 | src/lib/answerlattice/workspaceLifecycleServer.ts:827 | src/constants/database.ts:0 | functions/src/constants/database.ts:0 | functions-answerlattice/src/constants/database.ts:0","4f0f64a25a6c749218963ada12ff7bd35c06f027cb0aff5a12f6215cfc3c79da","9","firestore.rules | scripts/verification/verify-answerlattice-runtime-truth.js | src/constants/database.ts | src/database/contentFeedback/index.ts","inventory-only","","rule path observed","",""
"changelogPages","MenuList/shared","","delete | read/query | security-rule | write","2","firestore.rules | scripts/verification/test-tenant-store-scoped-rules.ts","firestore.rules:65 | scripts/verification/test-tenant-store-scoped-rules.ts:13","bd18511224de8f19fc11f13fd0815982cf43ab023a880fd0ac32b04195c55e74","1","firestore.rules","in-progress","Dormant MenuList tenant/store-scoped changelog-page namespace; no active application reader or writer remains, while the maintained rules emulator retains compatibility coverage","Authenticated users need exact tenant and assigned-store membership to read; exact store owner/manager authority is required to write. Own, mapped-store and cross-tenant behavior is emulator verified","No active query or retention path exists and no composite index or TTL policy is declared or required",""
"chatAnalytics","Answerlattice | MenuList/shared","ANALYTICS_COLLECTION | ANSWERLATTICE_FUNCTIONS_DB_COLLECTIONS.CHAT_ANALYTICS | DB_COLLECTIONS.CHAT_ANALYTICS | FUNCTIONS_DB_COLLECTIONS.CHAT_ANALYTICS","constant definition | delete | index definition | read/query | reference | security-rule | transaction/batch | write","21","firestore-answerlattice.indexes.json | firestore-answerlattice.rules | firestore.indexes.json | firestore.rules | functions-answerlattice/src/answerlattice/chatAnalyticsAggregation.ts | functions-answerlattice/src/answerlattice/chatIntelligence.ts | functions-answerlattice/src/constants/database.ts | functions/src/analytics/feedbackIntelligence.ts | functions/src/analytics/realtimeTracking.ts | functions/src/analytics/weeklyNarrative.ts | functions/src/constants/database.ts | scripts/verification/test-answerlattice-chat-analytics-rules.ts | scripts/verification/test-answerlattice-chat-analytics-scheduler.ts | scripts/verification/test-answerlattice-workspace-lifecycle-contracts.ts | scripts/verification/test-functions-analytics-persistence.ts | scripts/verification/verify-answerlattice-runtime-truth.js | src/app/api/analytics/weekly-narrative/generate-local/route.ts | src/constants/database.ts | src/database/chatAnalytics/index.ts | src/lib/answerlattice/workspaceLifecycleContracts.ts | src/lib/answerlattice/workspaceLifecycleServer.ts","firestore-answerlattice.indexes.json:1026 | firestore-answerlattice.indexes.json:1046 | firestore-answerlattice.rules:229 | firestore.indexes.json:973 | firestore.indexes.json:1949 | firestore.indexes.json:1959 | firestore.rules:804 | functions-answerlattice/src/answerlattice/chatAnalyticsAggregation.ts:327 | functions-answerlattice/src/answerlattice/chatIntelligence.ts:325 | functions/src/analytics/feedbackIntelligence.ts:183 | functions/src/analytics/realtimeTracking.ts:129 | functions/src/analytics/realtimeTracking.ts:198 | functions/src/analytics/realtimeTracking.ts:245 | functions/src/analytics/realtimeTracking.ts:292 | functions/src/analytics/realtimeTracking.ts:353 | functions/src/analytics/weeklyNarrative.ts:199 | functions/src/analytics/weeklyNarrative.ts:254 | scripts/verification/test-answerlattice-chat-analytics-rules.ts:23 | scripts/verification/test-answerlattice-chat-analytics-rules.ts:26 | scripts/verification/test-answerlattice-chat-analytics-rules.ts:59 | scripts/verification/test-answerlattice-chat-analytics-rules.ts:61 | scripts/verification/test-answerlattice-chat-analytics-rules.ts:62 | scripts/verification/test-answerlattice-chat-analytics-rules.ts:63 | scripts/verification/test-answerlattice-chat-analytics-scheduler.ts:44 | scripts/verification/test-answerlattice-chat-analytics-scheduler.ts:44 | scripts/verification/test-answerlattice-chat-analytics-scheduler.ts:102 | scripts/verification/test-answerlattice-chat-analytics-scheduler.ts:102 | scripts/verification/test-answerlattice-chat-analytics-scheduler.ts:304 | scripts/verification/test-answerlattice-chat-analytics-scheduler.ts:304 | scripts/verification/test-answerlattice-workspace-lifecycle-contracts.ts:6 | scripts/verification/test-functions-analytics-persistence.ts:42 | scripts/verification/test-functions-analytics-persistence.ts:42 | scripts/verification/test-functions-analytics-persistence.ts:101 | scripts/verification/test-functions-analytics-persistence.ts:101 | scripts/verification/test-functions-analytics-persistence.ts:105 | scripts/verification/test-functions-analytics-persistence.ts:105 | scripts/verification/test-functions-analytics-persistence.ts:108 | scripts/verification/test-functions-analytics-persistence.ts:108 | scripts/verification/test-functions-analytics-persistence.ts:117 | scripts/verification/test-functions-analytics-persistence.ts:117 | scripts/verification/verify-answerlattice-runtime-truth.js:10067 | src/app/api/analytics/weekly-narrative/generate-local/route.ts:178 | src/database/chatAnalytics/index.ts:106 | src/database/chatAnalytics/index.ts:110 | src/database/chatAnalytics/index.ts:40 | src/database/chatAnalytics/index.ts:106 | src/database/chatAnalytics/index.ts:110 | src/lib/answerlattice/workspaceLifecycleContracts.ts:32 | src/lib/answerlattice/workspaceLifecycleContracts.ts:67 | src/lib/answerlattice/workspaceLifecycleServer.ts:20 | src/constants/database.ts:0 | functions/src/constants/database.ts:0 | functions-answerlattice/src/constants/database.ts:0","b0a76b2e0e19492b1d0d0a55984a94f50404eb4f0ff2e3050a7a26b408b95f66","7","firestore.indexes.json | firestore.rules | functions-answerlattice/src/answerlattice/chatAnalyticsAggregation.ts | functions-answerlattice/src/answerlattice/chatIntelligence.ts | functions/src/analytics/feedbackIntelligence.ts | functions/src/analytics/realtimeTracking.ts | functions/src/analytics/weeklyNarrative.ts | scripts/verification/test-answerlattice-chat-analytics-rules.ts | scripts/verification/test-answerlattice-chat-analytics-scheduler.ts | scripts/verification/test-functions-analytics-persistence.ts | scripts/verification/verify-answerlattice-runtime-truth.js | src/app/api/analytics/weekly-narrative/generate-local/route.ts | src/constants/database.ts | src/database/chatAnalytics/index.ts","inventory-only","","rule path observed","",""
"chatSessions","Answerlattice | MenuList/shared","ANSWERLATTICE_FUNCTIONS_DB_COLLECTIONS.CHAT_SESSIONS | DB_COLLECTIONS.CHAT_SESSIONS | FUNCTIONS_DB_COLLECTIONS.CHAT_SESSIONS","constant definition | delete | index definition | read/query | reference | security-rule | transaction/batch | write","19","firestore-answerlattice.indexes.json | firestore-answerlattice.rules | firestore.indexes.json | firestore.rules | functions-answerlattice/src/answerlattice/chatAnalyticsAggregation.ts | functions-answerlattice/src/constants/database.ts | functions-answerlattice/src/index.ts | functions/src/constants/database.ts | scripts/verification/test-answerlattice-chat-analytics-scheduler.ts | scripts/verification/test-answerlattice-chat-session-rules.ts | scripts/verification/test-answerlattice-workspace-lifecycle-contracts.ts | scripts/verification/test-answerlattice-workspace-lifecycle-emulator.ts | scripts/verification/verify-answerlattice-runtime-truth.js | src/constants/database.ts | src/database/chatAnalytics/index.ts | src/database/chatSessions/index.ts | src/database/devUtils/index.ts | src/lib/answerlattice/workspaceLifecycleContracts.ts | src/lib/answerlattice/workspaceLifecycleServer.ts","firestore-answerlattice.indexes.json:310 | firestore-answerlattice.indexes.json:336 | firestore-answerlattice.indexes.json:354 | firestore-answerlattice.indexes.json:376 | firestore-answerlattice.indexes.json:398 | firestore-answerlattice.indexes.json:416 | firestore-answerlattice.indexes.json:984 | firestore-answerlattice.indexes.json:994 | firestore-answerlattice.indexes.json:1005 | firestore-answerlattice.indexes.json:1016 | firestore-answerlattice.indexes.json:1036 | firestore-answerlattice.rules:219 | firestore.indexes.json:835 | firestore.indexes.json:853 | firestore.indexes.json:875 | firestore.indexes.json:893 | firestore.indexes.json:915 | firestore.indexes.json:937 | firestore.indexes.json:955 | firestore.indexes.json:1886 | firestore.indexes.json:1897 | firestore.indexes.json:1907 | firestore.indexes.json:1918 | firestore.indexes.json:1929 | firestore.indexes.json:1939 | firestore.rules:812 | functions-answerlattice/src/answerlattice/chatAnalyticsAggregation.ts:234 | functions-answerlattice/src/answerlattice/chatAnalyticsAggregation.ts:244 | functions-answerlattice/src/answerlattice/chatAnalyticsAggregation.ts:452 | functions-answerlattice/src/answerlattice/chatAnalyticsAggregation.ts:467 | functions-answerlattice/src/index.ts:112 | scripts/verification/test-answerlattice-chat-analytics-scheduler.ts:43 | scripts/verification/test-answerlattice-chat-analytics-scheduler.ts:43 | scripts/verification/test-answerlattice-chat-analytics-scheduler.ts:86 | scripts/verification/test-answerlattice-chat-analytics-scheduler.ts:86 | scripts/verification/test-answerlattice-chat-analytics-scheduler.ts:91 | scripts/verification/test-answerlattice-chat-analytics-scheduler.ts:91 | scripts/verification/test-answerlattice-chat-analytics-scheduler.ts:95 | scripts/verification/test-answerlattice-chat-analytics-scheduler.ts:95 | scripts/verification/test-answerlattice-chat-analytics-scheduler.ts:112 | scripts/verification/test-answerlattice-chat-analytics-scheduler.ts:112 | scripts/verification/test-answerlattice-chat-analytics-scheduler.ts:256 | scripts/verification/test-answerlattice-chat-analytics-scheduler.ts:256 | scripts/verification/test-answerlattice-chat-analytics-scheduler.ts:279 | scripts/verification/test-answerlattice-chat-analytics-scheduler.ts:279 | scripts/verification/test-answerlattice-chat-session-rules.ts:78 | scripts/verification/test-answerlattice-chat-session-rules.ts:86 | scripts/verification/test-answerlattice-chat-session-rules.ts:87 | scripts/verification/test-answerlattice-chat-session-rules.ts:88 | scripts/verification/test-answerlattice-chat-session-rules.ts:89 | scripts/verification/test-answerlattice-chat-session-rules.ts:90 | scripts/verification/test-answerlattice-chat-session-rules.ts:92 | scripts/verification/test-answerlattice-chat-session-rules.ts:98 | scripts/verification/test-answerlattice-chat-session-rules.ts:104 | scripts/verification/test-answerlattice-chat-session-rules.ts:105 | scripts/verification/test-answerlattice-chat-session-rules.ts:106 | scripts/verification/test-answerlattice-chat-session-rules.ts:107 | scripts/verification/test-answerlattice-chat-session-rules.ts:108 | scripts/verification/test-answerlattice-chat-session-rules.ts:109 | scripts/verification/test-answerlattice-chat-session-rules.ts:110 | scripts/verification/test-answerlattice-chat-session-rules.ts:113 | scripts/verification/test-answerlattice-chat-session-rules.ts:114 | scripts/verification/test-answerlattice-chat-session-rules.ts:122 | scripts/verification/test-answerlattice-chat-session-rules.ts:127 | scripts/verification/test-answerlattice-chat-session-rules.ts:168 | scripts/verification/test-answerlattice-chat-session-rules.ts:92 | scripts/verification/test-answerlattice-chat-session-rules.ts:98 | scripts/verification/test-answerlattice-workspace-lifecycle-contracts.ts:6 | scripts/verification/test-answerlattice-workspace-lifecycle-emulator.ts:331 | scripts/verification/test-answerlattice-workspace-lifecycle-emulator.ts:466 | scripts/verification/verify-answerlattice-runtime-truth.js:10067 | src/database/chatAnalytics/index.ts:41 | src/database/chatSessions/index.ts:48 | src/database/devUtils/index.ts:135 | src/lib/answerlattice/workspaceLifecycleContracts.ts:32 | src/lib/answerlattice/workspaceLifecycleContracts.ts:66 | src/lib/answerlattice/workspaceLifecycleServer.ts:20 | src/constants/database.ts:0 | functions/src/constants/database.ts:0 | functions-answerlattice/src/constants/database.ts:0","6464489cc3894987818457b56d61ec9477ffa18e114271398fdbcfd730d2013f","8","firestore.indexes.json | firestore.rules | functions-answerlattice/src/answerlattice/chatAnalyticsAggregation.ts | functions-answerlattice/src/index.ts | scripts/verification/test-answerlattice-chat-analytics-scheduler.ts | scripts/verification/test-answerlattice-chat-session-rules.ts | scripts/verification/verify-answerlattice-runtime-truth.js | src/constants/database.ts | src/database/chatAnalytics/index.ts | src/database/chatSessions/index.ts | src/database/devUtils/index.ts","inventory-only","","rule path observed","",""
"common","MenuList/shared","DB_COLLECTIONS.COMMON","cache/derived-state | constant definition | delete | read/query | security-rule | write","5","firestore.rules | scripts/verification/test-common-assets-rules.ts | src/constants/database.ts | src/database/static/fontPresets.ts | src/database/static/static.ts","firestore.rules:989 | scripts/verification/test-common-assets-rules.ts:82 | scripts/verification/test-common-assets-rules.ts:83 | scripts/verification/test-common-assets-rules.ts:85 | scripts/verification/test-common-assets-rules.ts:87 | scripts/verification/test-common-assets-rules.ts:93 | scripts/verification/test-common-assets-rules.ts:97 | scripts/verification/test-common-assets-rules.ts:101 | scripts/verification/test-common-assets-rules.ts:105 | scripts/verification/test-common-assets-rules.ts:111 | scripts/verification/test-common-assets-rules.ts:119 | src/database/static/fontPresets.ts:27 | src/database/static/static.ts:24 | src/database/static/static.ts:255 | src/constants/database.ts:0","b027b2dbbbc6fb179c1be732810b8fe576f4750d01e32917cb1fa8832582359b","3","firestore.rules | src/constants/database.ts","in-progress","MenuList global platform-managed shared-asset root. The active modular paths are common/assets/{graphics|illustrations|images|fontPreset}/{document}; authenticated owner tools read the catalog, while only exact platform administrators may create, update or delete entries. Preview/font bytes live in the matching public-readable Firebase Storage namespace and Firestore carries bounded metadata or preview references.","Anonymous Firestore access is denied. Authenticated users may read the four supported shared catalogs; create/update require exact platform-admin claims plus the closed type-specific root schema and delete remains platform-admin-only. Unsupported asset types and unknown document fields fail closed.","Each asset type is read independently without filters or ordering. Category reads use a 1,001-row overflow probe for a 1,000-row contract; font reads use a 501-row probe for a 500-row/index contract. Exact document mutations, transactions and font sort batches need no composite index or TTL policy.","AUDIT-ASSET-001 | AUDIT-ASSET-SHARED-REFERENCE-001 | AUDIT-STATIC-ASSETS-UNBOUNDED-READ-001 | AUDIT-COMMON-ASSET-SCHEMA-BOUNDARY-001 | AUDIT-PLATFORM-ASSET-LOCAL-RECONCILIATION-001"
"compliancePages","MenuList/shared","DB_COLLECTIONS.COMPLIANCE_PAGES | FUNCTIONS_DB_COLLECTIONS.COMPLIANCE_PAGES","constant definition | delete | read/query | reference | security-rule | write","7","firestore.rules | functions/src/constants/database.ts | scripts/verification/test-compliance-pages-emulator.ts | scripts/verification/test-compliance-pages-rules.ts | scripts/verification/verify-compliance-pages-boundary.js | src/constants/database.ts | src/database/compliance/server.ts","firestore.rules:1231 | scripts/verification/test-compliance-pages-emulator.ts:15 | scripts/verification/test-compliance-pages-emulator.ts:15 | scripts/verification/test-compliance-pages-rules.ts:35 | scripts/verification/test-compliance-pages-rules.ts:49 | scripts/verification/test-compliance-pages-rules.ts:50 | scripts/verification/test-compliance-pages-rules.ts:51 | scripts/verification/test-compliance-pages-rules.ts:53 | scripts/verification/test-compliance-pages-rules.ts:54 | scripts/verification/test-compliance-pages-rules.ts:58 | scripts/verification/test-compliance-pages-rules.ts:61 | scripts/verification/test-compliance-pages-rules.ts:62 | scripts/verification/verify-compliance-pages-boundary.js:355 | src/database/compliance/server.ts:11 | src/constants/database.ts:0 | functions/src/constants/database.ts:0","872761cc2f64be99c8a8817a5305ab5df282514a012696840cb3a598f34fdc3c","5","firestore.rules | src/constants/database.ts","in-progress","MenuList store-owned public-policy override truth at compliancePages/{storeId}. Authenticated owner GET/POST routes derive exact session tenant/store identity, prove the current store and permissions, and use Admin-only strict reads or transaction-current save/reset. Public /privacy, /terms and /refund server components derive the store from trusted host resolution, prove exact tenant/store identity, read a tenant/store-keyed 60-second cache and compose only bounded owner plain text before the regenerated MenuList baseline. No browser Firestore client, Redux, SWR or local-storage path receives raw documents.","The explicit /compliancePages/{docId} branch now denies every direct browser read and write. Verification bots and customers consume server-rendered public routes; owner reads/mutations consume authenticated server routes. Admin reads and transactions independently project exact persisted tenant/store identity, timestamp and override bounds, so client rules are not the only authority. The complete shared rules file and large public/API aggregate verifiers remain conservatively in-progress, so the collection is not marked fully reviewed.","Every read/mutation addresses one exact store document and requires no composite index. The public cache identity contains tenant plus store and invalidation uses the store-specific compliance tag. Documents are durable owner legal overrides with no automatic TTL; reset deletes only the selected field from an existing exact-scope document and never creates an orphan row.","AUDIT-COMPLIANCE-CLIENT-WRITE-BYPASS-001 | AUDIT-COMPLIANCE-DIRECT-READ-001 | AUDIT-COMPLIANCE-PERSISTED-SCOPE-001"
"cueLayerCorrectionEvents","CampaignCue","CAMPAIGNCUE_COLLECTIONS.CUE_LAYER_CORRECTION_EVENTS","constant definition | security-rule | transaction/batch","3","firestore-campaigncue.rules | scripts/verification/verify-campaigncue-runtime.js | src/constants/campaigncue/database.ts","firestore-campaigncue.rules:138 | scripts/verification/verify-campaigncue-runtime.js:536 | src/constants/campaigncue/database.ts:0","5feafe0d337651636a5c35921c0057a9ce0647dd739e729bf1a48b34d685c134","2","scripts/verification/verify-campaigncue-runtime.js","in-progress","Reserved CampaignCue CueLayers correction-event identity only; active v1 intentionally has no producer, consumer, query, route, job or deployed document contract","Only active durable CampaignCue workspace members with exact CC/tenant/store scope may read a future server-owned row; every client write is denied","No active query, composite index or TTL policy exists or is justified","AUDIT-CAMPAIGNCUE-FIREBASE-RULES-001 | AUDIT-CC-CLIENT-WORKSPACE-MEMBERSHIP-001"
"cueLayerCostRecords","CampaignCue","CAMPAIGNCUE_COLLECTIONS.CUE_LAYER_COST_RECORDS","constant definition | read/query | security-rule | write","4","firestore-campaigncue.rules | scripts/verification/test-campaigncue-rules.ts | scripts/verification/verify-campaigncue-runtime.js | src/constants/campaigncue/database.ts","firestore-campaigncue.rules:148 | scripts/verification/test-campaigncue-rules.ts:133 | scripts/verification/test-campaigncue-rules.ts:208 | scripts/verification/test-campaigncue-rules.ts:209 | scripts/verification/verify-campaigncue-runtime.js:1393 | src/constants/campaigncue/database.ts:0","b70dec8b35e44f9c13f161e21100403220a5839e7dd7ee4d7ad903802fb6197e","3","scripts/verification/verify-campaigncue-runtime.js","in-progress","Reserved CampaignCue CueLayers cost-record identity only; no current producer, consumer, query, job or deployed document contract exists","Only platform admins may read a future row; every client write and non-platform read is denied","No active query, composite index or TTL policy exists or is justified","AUDIT-CAMPAIGNCUE-FIREBASE-RULES-001"
"cueLayerDesigns","CampaignCue","CAMPAIGNCUE_COLLECTIONS.CUE_LAYER_DESIGNS","constant definition | read/query | reference | security-rule | transaction/batch | write","4","firestore-campaigncue.rules | scripts/verification/verify-campaigncue-runtime.js | src/constants/campaigncue/database.ts | src/lib/campaigncue/cue-layers/server.ts","firestore-campaigncue.rules:108 | scripts/verification/verify-campaigncue-runtime.js:1392 | scripts/verification/verify-campaigncue-runtime.js:491 | src/lib/campaigncue/cue-layers/server.ts:515 | src/lib/campaigncue/cue-layers/server.ts:762 | src/lib/campaigncue/cue-layers/server.ts:804 | src/lib/campaigncue/cue-layers/server.ts:934 | src/lib/campaigncue/cue-layers/server.ts:1090 | src/lib/campaigncue/cue-layers/server.ts:1298 | src/constants/campaigncue/database.ts:0","c40d029ed2f15001dc3590f372ab37fc0de8ba2dad0599b19d2b970360e1e895","3","scripts/verification/verify-campaigncue-runtime.js","in-progress","CampaignCue workspace-scoped CueLayers design head. Server upload creates it; autosave transactionally advances immutable version pointers/revision; repair and export transactionally recheck the current design. Persisted reads use strict workspace/document decoders and list only the newest bounded page","Active durable exact-CC workspace members may read; every browser write is denied. All Admin writes now recheck exact current workspace membership in the final transaction","The bounded newest-first updatedAt query uses the default single-field index; exact document reads and transaction writes require no composite index or TTL","AUDIT-CAMPAIGNCUE-FIREBASE-RULES-001 | AUDIT-CC-CUELAYERS-AUTOSAVE-CONCURRENCY-001 | AUDIT-CC-CUELAYERS-PERSISTED-BOUNDARIES-001 | AUDIT-CC-CUELAYERS-MEMBERSHIP-TOCTOU-001"
"cueLayerExports","CampaignCue","CAMPAIGNCUE_COLLECTIONS.CUE_LAYER_EXPORTS","constant definition | reference | security-rule | write","3","firestore-campaigncue.rules | src/constants/campaigncue/database.ts | src/lib/campaigncue/cue-layers/server.ts","firestore-campaigncue.rules:128 | src/lib/campaigncue/cue-layers/server.ts:1187 | src/lib/campaigncue/cue-layers/server.ts:1346 | src/constants/campaigncue/database.ts:0","d64b22f95cb7e5e64d321bd6941cac080bc1f2c6089508b0c517a16c8b0b54f0","3","","reviewed","CampaignCue workspace/design-scoped immutable export ledger. The server validates rendered bytes against the saved document/canvas, uploads one immutable object, then atomically registers export, generation-pinned asset, event and idempotency completion after current revision and membership checks; replay strictly binds export to its asset","Active durable exact-CC workspace members may read; every browser write is denied. The Admin create transaction rechecks current member authority","Only exact export replay reads and deterministic document creates occur; no query, composite index or TTL policy is required","AUDIT-CAMPAIGNCUE-FIREBASE-RULES-001 | AUDIT-CC-CUELAYERS-EXPORT-BINDING-001 | AUDIT-CC-CUELAYERS-IDEMPOTENCY-REPLAY-001 | AUDIT-CC-CUELAYERS-STORAGE-COMPENSATION-001 | AUDIT-CC-CUELAYERS-MEMBERSHIP-TOCTOU-001 | AUDIT-CC-ASSET-STORAGE-GENERATION-001"
"cueLayerJobEvents","CampaignCue","CAMPAIGNCUE_COLLECTIONS.CUE_LAYER_JOB_EVENTS","constant definition | security-rule | transaction/batch","3","firestore-campaigncue.rules | scripts/verification/verify-campaigncue-runtime.js | src/constants/campaigncue/database.ts","firestore-campaigncue.rules:118 | scripts/verification/verify-campaigncue-runtime.js:520 | src/constants/campaigncue/database.ts:0","3bfb82cbb0c77ba33a9b0009512b996f044085b5d0dd62c7f88ec527745c948b","2","scripts/verification/verify-campaigncue-runtime.js","in-progress","Reserved CampaignCue CueLayers job-event identity only; active v1 stores compact terminal job truth and intentionally has no event producer, consumer, query, route or job","Only active durable CampaignCue workspace members with exact CC/tenant/store scope may read a future server-owned row; every client write is denied","No active query, composite index or TTL policy exists or is justified","AUDIT-CAMPAIGNCUE-FIREBASE-RULES-001 | AUDIT-CC-CLIENT-WORKSPACE-MEMBERSHIP-001"
"cueLayerJobs","CampaignCue","CAMPAIGNCUE_COLLECTIONS.CUE_LAYER_JOBS","constant definition | read/query | reference | security-rule | write","3","firestore-campaigncue.rules | src/constants/campaigncue/database.ts | src/lib/campaigncue/cue-layers/server.ts","firestore-campaigncue.rules:113 | src/lib/campaigncue/cue-layers/server.ts:560 | src/lib/campaigncue/cue-layers/server.ts:567 | src/lib/campaigncue/cue-layers/server.ts:763 | src/lib/campaigncue/cue-layers/server.ts:816 | src/constants/campaigncue/database.ts:0","116592a651f2e83a3176b69a612e0ae7bad2bac36fa5997da7bed77b340e7769","3","","reviewed","CampaignCue workspace/design-scoped compact CueLayers upload job. Upload atomically creates one terminal job with its design/version and required idempotency completion; exact job and bounded legacy designId fallback reads pass the strict persisted decoder","Active durable exact-CC workspace members may read; every browser write is denied. The Admin create transaction rechecks exact current member authority","Exact job reads and the bounded equality fallback on designId use default indexes; no composite index or TTL policy is required","AUDIT-CAMPAIGNCUE-FIREBASE-RULES-001 | AUDIT-CC-CUELAYERS-IDEMPOTENCY-REPLAY-001 | AUDIT-CC-CUELAYERS-PERSISTED-BOUNDARIES-001 | AUDIT-CC-CUELAYERS-MEMBERSHIP-TOCTOU-001"
"cueLayerQualityReports","CampaignCue","CAMPAIGNCUE_COLLECTIONS.CUE_LAYER_QUALITY_REPORTS","constant definition | security-rule","2","firestore-campaigncue.rules | src/constants/campaigncue/database.ts","firestore-campaigncue.rules:143 | src/constants/campaigncue/database.ts:0","61bc6d9a6c64854adf0c88023ad6ed8adfdda62fc989d7f3f51d0de86a0d8d92","2","","reviewed","Reserved CampaignCue CueLayers quality-report identity only; no current producer, consumer, query, job or deployed document contract exists","Only active durable CampaignCue workspace members with exact CC/tenant/store scope may read future server-owned rows; every client write is denied","No active query, composite index or TTL policy exists or is justified","AUDIT-CAMPAIGNCUE-FIREBASE-RULES-001 | AUDIT-CC-CLIENT-WORKSPACE-MEMBERSHIP-001"
"cueLayerRepairRequests","CampaignCue","CAMPAIGNCUE_COLLECTIONS.CUE_LAYER_REPAIR_REQUESTS","constant definition | reference | security-rule | write","4","firestore-campaigncue.rules | scripts/verification/verify-campaigncue-runtime.js | src/constants/campaigncue/database.ts | src/lib/campaigncue/cue-layers/server.ts","firestore-campaigncue.rules:133 | scripts/verification/verify-campaigncue-runtime.js:532 | src/lib/campaigncue/cue-layers/server.ts:1122 | src/constants/campaigncue/database.ts:0","8597856552c321ff11794a248c906d58dc5a715c14ab707c10e51e459ec6e47c","3","scripts/verification/verify-campaigncue-runtime.js","in-progress","CampaignCue workspace/design-scoped compact repair request. The server validates an optional layer against the durable layer index and atomically creates ready fallback metadata plus idempotency completion only for the transaction-current design revision and current member","Active durable exact-CC workspace members may read; every browser write is denied. The Admin create transaction rechecks exact current member authority","Only deterministic document creation occurs; no active query, composite index or TTL policy is required","AUDIT-CAMPAIGNCUE-FIREBASE-RULES-001 | AUDIT-CC-CUELAYERS-MEMBERSHIP-TOCTOU-001"
"cueLayerReviewSamples","CampaignCue","CAMPAIGNCUE_COLLECTIONS.CUE_LAYER_REVIEW_SAMPLES","constant definition | security-rule","2","firestore-campaigncue.rules | src/constants/campaigncue/database.ts","firestore-campaigncue.rules:153 | src/constants/campaigncue/database.ts:0","9b0cd781fb17a6a2ecaede48526d67cba4105c5e20e4c4ac2b5c1fab0d198437","2","","reviewed","Reserved CampaignCue CueLayers review-sample identity only; no current producer, consumer, query, job or deployed document contract exists","Only platform admins may read a future row; every client write and non-platform read is denied","No active query, composite index or TTL policy exists or is justified","AUDIT-CAMPAIGNCUE-FIREBASE-RULES-001"
"cueLayerVersions","CampaignCue","CAMPAIGNCUE_COLLECTIONS.CUE_LAYER_VERSIONS","constant definition | security-rule | write","3","firestore-campaigncue.rules | src/constants/campaigncue/database.ts | src/lib/campaigncue/cue-layers/server.ts","firestore-campaigncue.rules:123 | src/lib/campaigncue/cue-layers/server.ts:764 | src/lib/campaigncue/cue-layers/server.ts:979 | src/constants/campaigncue/database.ts:0","8ff928dbd4fe220b8eeb274b31edd8b52daec566e7c07bdfd12f36bda3da7c80","3","","reviewed","CampaignCue workspace/design-scoped immutable version metadata. Upload and autosave atomically create a version row with the current design pointer/idempotency result; durable editor and layer-index bytes remain in immutable Storage paths referenced by validated design state","Active durable exact-CC workspace members may read; every browser write is denied. Both Admin create transactions recheck exact current member authority","Only deterministic version document creates occur; no query, composite index or TTL policy is required","AUDIT-CAMPAIGNCUE-FIREBASE-RULES-001 | AUDIT-CC-CUELAYERS-AUTOSAVE-CONCURRENCY-001 | AUDIT-CC-CUELAYERS-MEMBERSHIP-TOCTOU-001"
"errorLogs","MenuList/shared","DB_COLLECTIONS.ERROR_LOGS | FUNCTIONS_DB_COLLECTIONS.ERROR_LOGS","constant definition | security-rule | write","4","firestore.rules | functions/src/constants/database.ts | scripts/verification/test-tenant-store-scoped-rules.ts | src/constants/database.ts","firestore.rules:1103 | scripts/verification/test-tenant-store-scoped-rules.ts:242 | src/constants/database.ts:0 | functions/src/constants/database.ts:0","cde9bfca1f36050e6093d3cadc66b310f7ef1d4b2e80f3a0bc595f55c156689a","2","firestore.rules | src/constants/database.ts","in-progress","Reserved MenuList Firestore error-log namespace. No first-party Firestore producer or consumer exists; similarly named dormant browser DAL exports use Firebase Realtime Database and are deliberately outside this Firestore row.","Shared Firestore rules deny every browser read and write. The tenant/store rules emulator proves an authenticated store owner cannot create a document; any future Firestore activation requires a server-only schema, retention, privacy and cost contract.","No Firestore query, index, TTL field or cache is active. A legacy setup script mentions TTL by collection name, but no current Firestore writer exists.","AUDIT-COLLECTION-CATALOG-RTDB-MISCLASSIFICATION-001"
"events","CampaignCue","CAMPAIGNCUE_COLLECTIONS.EVENTS","constant definition | reference | security-rule | transaction/batch | write","5","firestore-campaigncue.rules | scripts/verification/verify-campaigncue-runtime.js | src/constants/campaigncue/database.ts | src/lib/campaigncue/cue-layers/server.ts | src/lib/campaigncue/server.ts","firestore-campaigncue.rules:61 | scripts/verification/verify-campaigncue-runtime.js:543 | src/lib/campaigncue/cue-layers/server.ts:1335 | src/lib/campaigncue/server.ts:2721 | src/lib/campaigncue/server.ts:3168 | src/lib/campaigncue/server.ts:3237 | src/lib/campaigncue/server.ts:3533 | src/lib/campaigncue/server.ts:3817 | src/lib/campaigncue/server.ts:3959 | src/lib/campaigncue/server.ts:4093 | src/constants/campaigncue/database.ts:0","40e1c3a80889be0d183c01622fcda48acb4378f366d52a65e1e6bc65b88ce90b","4","scripts/verification/verify-campaigncue-runtime.js","in-progress","Dedicated CampaignCue workspace-nested append-only server audit/event ledger. Campaign creation/actions, asset/source/location/Business Brain mutations and CueLayers export create bounded actor/request/effect events in the same transaction as their authoritative domain effect and idempotency completion.","Current exact-CC workspace members may read server-created events. Every browser create, update and delete is denied; Admin writers are admitted by signed session/store/workspace scope and transaction-current membership before persistence.","Current runtime only creates event documents with server-generated IDs; no event list query, composite index or TTL policy is active.","AUDIT-CAMPAIGNCUE-FIREBASE-RULES-001 | AUDIT-CC-ACTION-TRANSACTION-001 | AUDIT-CC-CUELAYERS-MEMBERSHIP-TOCTOU-001 | AUDIT-CC-WORKSPACE-MUTATION-AUTHORITY-IDEMPOTENCY-001"
"faq_feedback","Answerlattice | MenuList/shared","ANSWERLATTICE_FUNCTIONS_DB_COLLECTIONS.FAQ_FEEDBACK | DB_COLLECTIONS.FAQ_FEEDBACK | FUNCTIONS_DB_COLLECTIONS.FAQ_FEEDBACK","constant definition | delete | read/query | reference | security-rule | transaction/batch | write","15","firestore-answerlattice.rules | firestore.rules | functions-answerlattice/src/answerlattice/dataRetention.ts | functions-answerlattice/src/constants/database.ts | functions/src/constants/database.ts | scripts/verification/test-answerlattice-content-feedback-emulator.ts | scripts/verification/test-answerlattice-feedback-rules.ts | scripts/verification/test-answerlattice-workspace-lifecycle-contracts.ts | scripts/verification/verify-answerlattice-feedback-boundary.js | scripts/verification/verify-answerlattice-runtime-truth.js | src/constants/database.ts | src/database/contentFeedback/index.ts | src/lib/answerlattice/contentFeedbackServer.ts | src/lib/answerlattice/workspaceLifecycleContracts.ts | src/lib/answerlattice/workspaceLifecycleServer.ts","firestore-answerlattice.rules:377 | firestore.rules:1021 | functions-answerlattice/src/answerlattice/dataRetention.ts:146 | scripts/verification/test-answerlattice-content-feedback-emulator.ts:277 | scripts/verification/test-answerlattice-content-feedback-emulator.ts:277 | scripts/verification/test-answerlattice-content-feedback-emulator.ts:325 | scripts/verification/test-answerlattice-content-feedback-emulator.ts:325 | scripts/verification/test-answerlattice-content-feedback-emulator.ts:366 | scripts/verification/test-answerlattice-content-feedback-emulator.ts:366 | scripts/verification/test-answerlattice-feedback-rules.ts:300 | scripts/verification/test-answerlattice-feedback-rules.ts:362 | scripts/verification/test-answerlattice-feedback-rules.ts:381 | scripts/verification/test-answerlattice-feedback-rules.ts:382 | scripts/verification/test-answerlattice-feedback-rules.ts:383 | scripts/verification/test-answerlattice-feedback-rules.ts:384 | scripts/verification/test-answerlattice-workspace-lifecycle-contracts.ts:6 | scripts/verification/verify-answerlattice-feedback-boundary.js:308 | scripts/verification/verify-answerlattice-runtime-truth.js:10067 | src/database/contentFeedback/index.ts:176 | src/lib/answerlattice/contentFeedbackServer.ts:115 | src/lib/answerlattice/workspaceLifecycleContracts.ts:32 | src/lib/answerlattice/workspaceLifecycleContracts.ts:80 | src/lib/answerlattice/workspaceLifecycleServer.ts:20 | src/lib/answerlattice/workspaceLifecycleServer.ts:830 | src/constants/database.ts:0 | functions/src/constants/database.ts:0 | functions-answerlattice/src/constants/database.ts:0","8173cbad137ba237f0ab9d9889d10f2b8ee2a8171e2a2e91972f0996f45b5739","10","firestore.rules | scripts/verification/test-answerlattice-feedback-rules.ts | scripts/verification/verify-answerlattice-runtime-truth.js | src/constants/database.ts | src/database/contentFeedback/index.ts","inventory-only","","rule path observed","",""
"feedback","Answerlattice | MenuList/shared","DB_COLLECTIONS.FEEDBACK | FUNCTIONS_DB_COLLECTIONS.FEEDBACK","constant definition | delete | index definition | read/query | reference | security-rule | transaction/batch | write","14","firestore-answerlattice.indexes.json | firestore-answerlattice.rules | firestore.indexes.json | firestore.rules | functions/src/constants/database.ts | scripts/verification/test-answerlattice-feedback-rules.ts | scripts/verification/test-answerlattice-feedback-submission-emulator.ts | scripts/verification/test-answerlattice-workspace-lifecycle-contracts.ts | scripts/verification/verify-answerlattice-runtime-truth.js | src/constants/database.ts | src/database/feedback/index.ts | src/lib/answerlattice/feedbackSubmissionServer.ts | src/lib/answerlattice/workspaceLifecycleContracts.ts | src/lib/answerlattice/workspaceLifecycleServer.ts","firestore-answerlattice.indexes.json:248 | firestore-answerlattice.indexes.json:270 | firestore-answerlattice.indexes.json:296 | firestore-answerlattice.rules:250 | firestore.indexes.json:177 | firestore.indexes.json:203 | firestore.indexes.json:225 | firestore.rules:838 | scripts/verification/test-answerlattice-feedback-rules.ts:167 | scripts/verification/test-answerlattice-feedback-rules.ts:171 | scripts/verification/test-answerlattice-feedback-rules.ts:172 | scripts/verification/test-answerlattice-feedback-rules.ts:173 | scripts/verification/test-answerlattice-feedback-rules.ts:179 | scripts/verification/test-answerlattice-feedback-rules.ts:186 | scripts/verification/test-answerlattice-feedback-rules.ts:187 | scripts/verification/test-answerlattice-feedback-rules.ts:188 | scripts/verification/test-answerlattice-feedback-rules.ts:189 | scripts/verification/test-answerlattice-feedback-rules.ts:190 | scripts/verification/test-answerlattice-feedback-rules.ts:191 | scripts/verification/test-answerlattice-feedback-rules.ts:192 | scripts/verification/test-answerlattice-feedback-rules.ts:193 | scripts/verification/test-answerlattice-feedback-rules.ts:195 | scripts/verification/test-answerlattice-feedback-rules.ts:196 | scripts/verification/test-answerlattice-feedback-rules.ts:197 | scripts/verification/test-answerlattice-feedback-rules.ts:198 | scripts/verification/test-answerlattice-feedback-rules.ts:203 | scripts/verification/test-answerlattice-feedback-rules.ts:212 | scripts/verification/test-answerlattice-feedback-rules.ts:213 | scripts/verification/test-answerlattice-feedback-rules.ts:214 | scripts/verification/test-answerlattice-feedback-rules.ts:222 | scripts/verification/test-answerlattice-feedback-rules.ts:231 | scripts/verification/test-answerlattice-feedback-rules.ts:240 | scripts/verification/test-answerlattice-feedback-rules.ts:245 | scripts/verification/test-answerlattice-feedback-rules.ts:250 | scripts/verification/test-answerlattice-feedback-rules.ts:256 | scripts/verification/test-answerlattice-feedback-rules.ts:265 | scripts/verification/test-answerlattice-feedback-submission-emulator.ts:36 | scripts/verification/test-answerlattice-feedback-submission-emulator.ts:36 | scripts/verification/test-answerlattice-feedback-submission-emulator.ts:48 | scripts/verification/test-answerlattice-feedback-submission-emulator.ts:48 | scripts/verification/test-answerlattice-feedback-submission-emulator.ts:54 | scripts/verification/test-answerlattice-feedback-submission-emulator.ts:54 | scripts/verification/test-answerlattice-feedback-submission-emulator.ts:57 | scripts/verification/test-answerlattice-feedback-submission-emulator.ts:57 | scripts/verification/test-answerlattice-feedback-submission-emulator.ts:87 | scripts/verification/test-answerlattice-feedback-submission-emulator.ts:87 | scripts/verification/test-answerlattice-workspace-lifecycle-contracts.ts:6 | scripts/verification/verify-answerlattice-runtime-truth.js:10067 | src/database/feedback/index.ts:19 | src/lib/answerlattice/feedbackSubmissionServer.ts:187 | src/lib/answerlattice/workspaceLifecycleContracts.ts:32 | src/lib/answerlattice/workspaceLifecycleContracts.ts:69 | src/lib/answerlattice/workspaceLifecycleServer.ts:20 | src/constants/database.ts:0 | functions/src/constants/database.ts:0","22f59cb6f18ac59e63897f61d6eb1f0541c5e358dd4ef9512ba9a235df7741dd","9","firestore.indexes.json | firestore.rules | scripts/verification/test-answerlattice-feedback-rules.ts | scripts/verification/verify-answerlattice-runtime-truth.js | src/constants/database.ts","inventory-only","","rule path observed","",""
"feedbackEvents","MenuList/shared","DB_COLLECTIONS.FEEDBACK_EVENTS | FUNCTIONS_DB_COLLECTIONS.FEEDBACK_EVENTS","constant definition | read/query | reference | security-rule | transaction/batch | write","7","firestore.rules | functions/src/constants/database.ts | functions/src/schedulers/menulistMaintenanceScheduler.ts | scripts/verification/test-guest-feedback-rules.ts | scripts/verification/verify-guest-feedback-boundary.js | src/constants/database.ts | src/database/guestFeedback/server.ts","firestore.rules:679 | functions/src/schedulers/menulistMaintenanceScheduler.ts:852 | functions/src/schedulers/menulistMaintenanceScheduler.ts:1746 | scripts/verification/test-guest-feedback-rules.ts:136 | scripts/verification/test-guest-feedback-rules.ts:137 | scripts/verification/test-guest-feedback-rules.ts:136 | scripts/verification/test-guest-feedback-rules.ts:137 | scripts/verification/test-guest-feedback-rules.ts:183 | scripts/verification/test-guest-feedback-rules.ts:183 | scripts/verification/verify-guest-feedback-boundary.js:356 | scripts/verification/verify-guest-feedback-boundary.js:357 | src/database/guestFeedback/server.ts:133 | src/constants/database.ts:0 | functions/src/constants/database.ts:0","a15c87277f08168cf7dbf4d5bf1ce17edfb2bc620d7c76efc1ed73f0e94c2bd9","4","firestore.rules | functions/src/schedulers/menulistMaintenanceScheduler.ts | src/constants/database.ts","in-progress","MenuList compact non-PII tenant/store/project feedback event ledger; validated Admin submit helper is the only active writer, every client read/write is denied, and the leased maintenance scheduler owns bounded current/legacy retention","Explicit server-only rule path denies every client read and write; forged anonymous and authenticated events are emulator-verified denied","Admin writes use deterministic create-only submission IDs; bounded expiry and legacy timestamp range cleanup use automatic single-field indexes and require no composite index","AUDIT-FEEDBACK-002"
"fontPreset","MenuList/shared","FONT_PRESET_ASSET_COLLECTION","cache/derived-state | constant definition | delete | read/query | reference | security-rule | write","4","firestore.rules | scripts/verification/test-common-assets-rules.ts | src/constants/database.ts | src/database/static/fontPresets.ts","firestore.rules:988 | firestore.rules:988 | scripts/verification/test-common-assets-rules.ts:82 | scripts/verification/test-common-assets-rules.ts:85 | scripts/verification/test-common-assets-rules.ts:87 | scripts/verification/test-common-assets-rules.ts:93 | scripts/verification/test-common-assets-rules.ts:97 | scripts/verification/test-common-assets-rules.ts:101 | scripts/verification/test-common-assets-rules.ts:105 | scripts/verification/test-common-assets-rules.ts:119 | src/constants/database.ts:218 | src/database/static/fontPresets.ts:2 | src/database/static/fontPresets.ts:27 | src/constants/database.ts:0","964fca1040e90cce74d6c68c96078263a69f7ad40ae37fd9f5991b34daca4e6b","2","firestore.rules | src/constants/database.ts","in-progress","MenuList global platform-managed font preset subcollection at common/assets/fontPreset. The platform Font Presets surface is the only active consumer; its client DAL validates persisted shape and document IDs, uploads attempt-unique immutable font objects, creates/updates/deletes presets, performs exact-set batch ordering, and retains prior persisted Storage references because global exclusivity is not proven.","The active nested match /common/assets/{assetType}/{docId} permits authenticated reads for owner editing tools. Create/update require an exact platform-admin claim and the closed bounded font schema; delete is platform-admin-only. No public unauthenticated, Answerlattice, CampaignCue or SignalDesk client receives access. The DAL independently projects persisted values because privileged or legacy data is still runtime input.","Reads use a 501-row overflow probe for the 500-preset/index contract and sorting uses an exact-set batch; no filtered or ordered Firestore query and no composite index or TTL policy applies. Storage objects use immutable cache control and deletion of prior persisted references is intentionally deferred. Restart 781 verified the scalar collection constant is traced into this DAL.","AUDIT-FONT-SHARED-REFERENCE-001 | AUDIT-FONT-001 | AUDIT-COLLECTION-CATALOG-SCALAR-USAGE-001 | AUDIT-COMMON-ASSET-SCHEMA-BOUNDARY-001"
"founderOnboardingTransitions","MenuList/shared","DB_COLLECTIONS.FOUNDER_ONBOARDING_TRANSITIONS | FUNCTIONS_DB_COLLECTIONS.FOUNDER_ONBOARDING_TRANSITIONS","constant definition | read/query | reference | transaction/batch | write","6","functions/src/constants/database.ts | functions/src/schedulers/founderMonitorSnapshot.ts | scripts/backfill-founder-revenue-read-model.ts | scripts/verification/verify-platform-founder-monitor-boundary.js | src/constants/database.ts | src/lib/ops/founderRevenueReadModel.ts","functions/src/schedulers/founderMonitorSnapshot.ts:364 | functions/src/schedulers/founderMonitorSnapshot.ts:503 | scripts/backfill-founder-revenue-read-model.ts:511 | scripts/verification/verify-platform-founder-monitor-boundary.js:221 | scripts/verification/verify-platform-founder-monitor-boundary.js:248 | scripts/verification/verify-platform-founder-monitor-boundary.js:412 | scripts/verification/verify-platform-founder-monitor-boundary.js:560 | src/lib/ops/founderRevenueReadModel.ts:348 | src/constants/database.ts:0 | functions/src/constants/database.ts:0","174436f3c43feb8ed7f42a69ac33b8c4ab9d3db11634ea91469f675a9dca8c24","5","src/constants/database.ts","in-progress","MenuList platform-private payment-to-first-live evidence at founderOnboardingTransitions/{numericStoreId}. Required runtime and guarded backfill transactions seed exact store/tenant/subscription payment evidence for one deterministic store row. The 30-minute Founder Monitor scheduler admits exact document/store/tenant scope and completes observed published-store rows against transaction-current truth. Precomputed platformSummary founder-monitor documents consume only the bounded admitted projection; no owner/public DTO, menu cache, Redux, SWR or local-storage consumer exists.","No explicit browser rule path exists, so the root default deny blocks every client read, query and write. Runtime/backfill/scheduler producers use the Admin SDK after exact MenuList product and numeric tenant/store scope admission. Scheduler completion re-reads selected rows in one transaction, refuses conflicting current scope, preserves current timestamps and treats a capped/unavailable query omission as unknown rather than writable absence.","Runtime and backfill use one deterministic point read/write in the coupled revenue transaction. The scheduler performs one capped 500-row collection read, then at most 50 point reads and conditional merge writes in one transaction; capped/unavailable source truth is surfaced as a data gap and cannot authorize inferred-missing writes. No composite index, TTL, public cache invalidation, queue, webhook effect or additional scheduled Function applies.","AUDIT-FOUNDER-MONITOR-SCOPE-ALIAS-CONFLICT-001 | AUDIT-FOUNDER-ONBOARDING-TRANSITION-SETTLEMENT-001"
"founderRevenueMovements","MenuList/shared","DB_COLLECTIONS.FOUNDER_REVENUE_MOVEMENTS | FUNCTIONS_DB_COLLECTIONS.FOUNDER_REVENUE_MOVEMENTS","constant definition | delete | read/query | reference | transaction/batch | write","8","functions/src/constants/database.ts | functions/src/schedulers/founderMonitorSnapshot.ts | scripts/backfill-founder-revenue-read-model.ts | scripts/verification/test-growth-intelligence-emulator.ts | scripts/verification/verify-platform-founder-monitor-boundary.js | src/app/api/platform/founder-monitor/route.ts | src/constants/database.ts | src/lib/ops/founderRevenueReadModel.ts","functions/src/schedulers/founderMonitorSnapshot.ts:499 | scripts/backfill-founder-revenue-read-model.ts:504 | scripts/backfill-founder-revenue-read-model.ts:670 | scripts/verification/test-growth-intelligence-emulator.ts:332 | scripts/verification/test-growth-intelligence-emulator.ts:364 | scripts/verification/test-growth-intelligence-emulator.ts:365 | scripts/verification/test-growth-intelligence-emulator.ts:366 | scripts/verification/test-growth-intelligence-emulator.ts:367 | scripts/verification/test-growth-intelligence-emulator.ts:368 | scripts/verification/verify-platform-founder-monitor-boundary.js:46 | scripts/verification/verify-platform-founder-monitor-boundary.js:220 | scripts/verification/verify-platform-founder-monitor-boundary.js:244 | scripts/verification/verify-platform-founder-monitor-boundary.js:411 | scripts/verification/verify-platform-founder-monitor-boundary.js:559 | src/app/api/platform/founder-monitor/route.ts:192 | src/lib/ops/founderRevenueReadModel.ts:344 | src/constants/database.ts:0 | functions/src/constants/database.ts:0","5ddc9d382db2f3f6235e3af5da96214b63e0be82ec6f0f240f9e2537910f367b","7","src/constants/database.ts","in-progress","MenuList Admin-only deterministic revenue movement ledger. Signed Razorpay webhook and authenticated verification routes are required financial producers: explicit dual-ML product, exact subscription ownership, exact paired workspace scope and exact provider/financial scalars are admitted before durable writes. Subscription attribution comes from a current exact stored subscription, while order cash requires immutable top-up settlement. Required failure rejects for provider/app replay; deterministic movement IDs make replay idempotent. One transaction creates the movement and updates lifetime/India-day summaries and first-payment onboarding truth. The guarded backfill uses closed project/scalar/time/paging admission. The 30-minute reconciliation and protected platform route independently reproject exact product/day/kind/amount/time/text/scope state through the byte-identical persisted boundary; malformed rows are excluded with bounded diagnostics/data-gap evidence rather than coerced","No browser reader or writer is certified; Admin SDK producers and platform-only summary consumers own the active flow, with root default deny protecting direct client access","Direct deterministic writes need no composite index. Founder Monitor uses the maintained occurredAt-desc capped read plus businessDayKey equality reconciliation; both are bounded and strict projection prevents query-matching malformed rows from becoming financial truth","AUDIT-FOUNDER-REVENUE-DURABILITY-001 | AUDIT-FOUNDER-REVENUE-EMULATOR-CREDENTIAL-001 | AUDIT-FOUNDER-LIFECYCLE-PROJECTION-REPLAY-001 | AUDIT-FOUNDER-REVENUE-IDENTITY-001 | AUDIT-FOUNDER-REVENUE-SCALAR-ADMISSION-001 | AUDIT-FOUNDER-REVENUE-PROVIDER-BOUNDARY-001 | AUDIT-BILLING-PROVIDER-SUBSCRIPTION-SCALAR-001 | AUDIT-BILLING-REPLACEMENT-EVIDENCE-001 | AUDIT-FOUNDER-MONITOR-PERSISTED-REVENUE-BOUNDARY-001"
"graphics","MenuList/shared","STATIC_ASSET_COLLECTIONS.GRAPHICS","constant definition | delete | read/query | security-rule | transaction/batch | write","3","firestore.rules | src/constants/database.ts | src/database/static/static.ts","firestore.rules:985 | src/database/static/static.ts:48 | src/constants/database.ts:0","312d9cbac62211a2ffa8619559269f1130357b8bdf4a810d5e37dc17ec0f8b0f","1","firestore.rules | src/constants/database.ts","in-progress","MenuList global platform-managed graphics category collection at common/assets/graphics. Authenticated owner editor surfaces consume bounded normalized category trees; exact platform administrators create, patch or transactionally mutate categories, nested subcategories and items while immutable preview objects remain in the matching Storage path.","The shared common-assets rule allows authenticated reads, requires an exact platform-admin claim plus the closed bounded category root schema for create/update, and permits delete only to platform admins. The finite collection annotation binds this dynamic terminal path to the shared rule.","One unfiltered read uses a 1,001-row overflow probe for a 1,000-document contract. Exact document operations and nested array transactions require no composite index or TTL policy.","AUDIT-ASSET-001 | AUDIT-ASSET-SHARED-REFERENCE-001 | AUDIT-STATIC-ASSETS-UNBOUNDED-READ-001 | AUDIT-COMMON-ASSET-SCHEMA-BOUNDARY-001 | AUDIT-COLLECTION-CATALOG-DYNAMIC-ASSET-FAMILY-001"
"growthosExports","MenuList/shared","DB_COLLECTIONS.GROWTHOS_EXPORTS","constant definition | delete | read/query | reference | security-rule | write","5","firestore.rules | scripts/verification/test-growthos-transactions-emulator.ts | scripts/verification/test-tenant-store-scoped-rules.ts | src/constants/database.ts | src/database/growthos/server.ts","firestore.rules:768 | scripts/verification/test-growthos-transactions-emulator.ts:210 | scripts/verification/test-tenant-store-scoped-rules.ts:24 | src/database/growthos/server.ts:386 | src/database/growthos/server.ts:519 | src/constants/database.ts:0","931a1d4238d6cfc1e41a01cba69cae84b848c4c6982def053685139f0139b442","3","firestore.rules | src/constants/database.ts","in-progress","MenuList tenant/store/actor-scoped server-owned GrowthOS execution signals. The authenticated export route derives exact current session scope, requires Pro/Premium entitlement, resolves one persisted kit/output and rechecks source freshness before a deterministic Admin transaction creates the signal and conditionally updates kit/latest-summary status. Rows contain bounded method/destination/status identity only; no revenue, order, customer, public-output, cache, Redux, SWR, local-storage, queue, webhook or Canonica consumer exists.","The exact collection branch now denies every browser read and write, including owner, mapped multi-store, foreign-tenant and platform-client identities. Replay and settlement use Admin SDK only after authenticated route scope and entitlement admission. The complete shared rules file remains a conservative whole-file review blocker.","Runtime access is one deterministic operation document read/create within transaction; no composite index is active or required. Exact replay compares operation, tenant, store, kit, destination, method, output and actor, preventing duplicate or conflicting execution signals. History queries remain deferred and no public-cache invalidation applies.","AUDIT-GROWTHOS-BROWSER-ENTITLEMENT-BYPASS-001"
"growthosKits","MenuList/shared","DB_COLLECTIONS.GROWTHOS_KITS","constant definition | delete | read/query | reference | security-rule | write","5","firestore.rules | scripts/verification/test-growthos-transactions-emulator.ts | scripts/verification/test-tenant-store-scoped-rules.ts | src/constants/database.ts | src/database/growthos/server.ts","firestore.rules:761 | scripts/verification/test-growthos-transactions-emulator.ts:189 | scripts/verification/test-tenant-store-scoped-rules.ts:24 | src/database/growthos/server.ts:284 | src/database/growthos/server.ts:356 | src/database/growthos/server.ts:405 | src/constants/database.ts:0","9fee6521ceb18761d48c71a799346dadcfb64304ded3ab1d39ae303d7b644e10","3","firestore.rules | src/constants/database.ts","in-progress","MenuList tenant/store-scoped Pro/Premium generated Growth Kit artifacts. Authenticated generate/export routes derive exact current session scope, validate entitlement and project/output identity, then the Admin DAL creates deterministic kit IDs and atomically couples kit status with the store summary. No direct browser DAL, public DTO, cache, Redux, SWR, local-storage, queue, webhook, billing mutation or Canonica consumer reads the collection.","The exact collection branch now denies every browser read and write, including owner, mapped multi-store, foreign-tenant and platform-client identities. Active reads/writes use Admin SDK only after authenticated route scope and entitlement admission. The complete shared rules file remains a conservative whole-file review blocker.","Runtime access is deterministic document reads and transaction creates/updates only; no composite index is active or required. Generation retries bind one UUID operation to one kit and transactionally reject conflicting identity or stale source facts. Retention/history queries remain deferred and no public-cache invalidation applies.","AUDIT-GROWTHOS-BROWSER-ENTITLEMENT-BYPASS-001"
"guestFeedback","MenuList/shared","DB_COLLECTIONS.GUEST_FEEDBACK | FUNCTIONS_DB_COLLECTIONS.GUEST_FEEDBACK","constant definition | index definition | read/query | reference | security-rule | write","10","firestore.indexes.json | firestore.rules | functions/src/analytics/guestFeedbackRetention.ts | functions/src/constants/database.ts | functions/src/ownerBusinessAssistant/buildOwnerBusinessFeedbackSummary.ts | scripts/verification/test-guest-feedback-rules.ts | scripts/verification/verify-guest-feedback-boundary.js | src/constants/database.ts | src/database/guestFeedback/index.ts | src/database/guestFeedback/server.ts","firestore.indexes.json:991 | firestore.indexes.json:1009 | firestore.indexes.json:1031 | firestore.indexes.json:1053 | firestore.rules:627 | functions/src/analytics/guestFeedbackRetention.ts:81 | functions/src/ownerBusinessAssistant/buildOwnerBusinessFeedbackSummary.ts:329 | scripts/verification/test-guest-feedback-rules.ts:41 | scripts/verification/test-guest-feedback-rules.ts:42 | scripts/verification/test-guest-feedback-rules.ts:43 | scripts/verification/test-guest-feedback-rules.ts:68 | scripts/verification/test-guest-feedback-rules.ts:69 | scripts/verification/test-guest-feedback-rules.ts:70 | scripts/verification/test-guest-feedback-rules.ts:71 | scripts/verification/test-guest-feedback-rules.ts:72 | scripts/verification/test-guest-feedback-rules.ts:73 | scripts/verification/test-guest-feedback-rules.ts:75 | scripts/verification/test-guest-feedback-rules.ts:82 | scripts/verification/test-guest-feedback-rules.ts:88 | scripts/verification/test-guest-feedback-rules.ts:94 | scripts/verification/test-guest-feedback-rules.ts:100 | scripts/verification/test-guest-feedback-rules.ts:107 | scripts/verification/test-guest-feedback-rules.ts:113 | scripts/verification/test-guest-feedback-rules.ts:119 | scripts/verification/test-guest-feedback-rules.ts:179 | scripts/verification/test-guest-feedback-rules.ts:179 | scripts/verification/verify-guest-feedback-boundary.js:341 | scripts/verification/verify-guest-feedback-boundary.js:359 | scripts/verification/verify-guest-feedback-boundary.js:392 | src/database/guestFeedback/index.ts:36 | src/database/guestFeedback/server.ts:75 | src/constants/database.ts:0 | functions/src/constants/database.ts:0","af9f981506260183c28f4522eeb8ed870eb7cc52299093097226a4ff34b177c8","7","firestore.indexes.json | firestore.rules | src/constants/database.ts","in-progress","MenuList private tenant/store feedback with optional guest contact/message fields; validated public Admin route creates idempotently, exact assigned-store owner/manager clients read and transactionally resolve/reopen, owner-health Functions reads scoped windows, and Admin retention deletes expired raw rows","Client create/delete denied; exact tenant/store membership plus write role, allowlisted status fields, actor identity, attention invariant and Firestore request-time modification authority; emulator verified locally","Store-scoped newest/status/needs-attention reads use declared composites, direct feedback reads use document identity, aggregate counts reuse scoped indexes, and bounded expiresOn retention uses its automatic single-field index","AUDIT-FEEDBACK-001 | AUDIT-FEEDBACK-003 | AUDIT-FEEDBACK-MODIFIED-TIME-AUTHORITY-001 | AUDIT-OWNER-FEEDBACK-PERSISTED-BOUNDARY-001"
"idempotencyKeys","CampaignCue","CAMPAIGNCUE_COLLECTIONS.IDEMPOTENCY_KEYS","constant definition | index definition | read/query | reference | security-rule | transaction/batch | write","7","firestore-campaigncue.indexes.json | firestore-campaigncue.rules | scripts/verification/test-campaigncue-rules.ts | scripts/verification/verify-campaigncue-runtime.js | src/constants/campaigncue/database.ts | src/lib/campaigncue/cue-layers/server.ts | src/lib/campaigncue/server.ts","firestore-campaigncue.indexes.json:5 | firestore-campaigncue.rules:104 | scripts/verification/test-campaigncue-rules.ts:137 | scripts/verification/test-campaigncue-rules.ts:206 | scripts/verification/verify-campaigncue-runtime.js:1388 | scripts/verification/verify-campaigncue-runtime.js:242 | scripts/verification/verify-campaigncue-runtime.js:492 | src/lib/campaigncue/cue-layers/server.ts:367 | src/lib/campaigncue/server.ts:2625 | src/lib/campaigncue/server.ts:2690 | src/lib/campaigncue/server.ts:3101 | src/lib/campaigncue/server.ts:3239 | src/lib/campaigncue/server.ts:3537 | src/lib/campaigncue/server.ts:3819 | src/lib/campaigncue/server.ts:3961 | src/lib/campaigncue/server.ts:4095 | src/lib/campaigncue/server.ts:4179 | src/constants/campaigncue/database.ts:0","f0db6664404592650a8409f3ce0ce7b4051b34f376a6ee646a64e7700ca2ced9","6","scripts/verification/verify-campaigncue-runtime.js","in-progress","CampaignCue server-only replay ledger nested under one workspace and one authenticated actor. Each required caller-supplied mutation key is bound to the exact operation and request fingerprint; transactions claim, replay, or complete the record without permitting cross-workspace, cross-actor, or cross-payload reuse.","Dedicated CampaignCue Firestore rules deny every client read and write to idempotencyKeys. All active producers and consumers use the Admin SDK after session, workspace, membership, role and request validation.","Exact document transactions require no composite index. The expiresAt field has a dedicated Firestore TTL field override with indexing disabled and a 90-day retention contract.","AUDIT-CC-MUTATION-IDEMPOTENCY-001 | AUDIT-CC-CUELAYERS-MEMBERSHIP-TOCTOU-001 | AUDIT-CC-WORKSPACE-MUTATION-AUTHORITY-IDEMPOTENCY-001"
"illustrations","MenuList/shared","STATIC_ASSET_COLLECTIONS.ILLUSTRATIONS","constant definition | delete | read/query | security-rule | transaction/batch | write","4","firestore.rules | scripts/verification/test-common-assets-rules.ts | src/constants/database.ts | src/database/static/static.ts","firestore.rules:986 | scripts/verification/test-common-assets-rules.ts:83 | scripts/verification/test-common-assets-rules.ts:111 | src/database/static/static.ts:49 | src/constants/database.ts:0","05c5124434eb6ebcab40aa389737923042236d2b1e6a42f2bcb4babe9d679059","2","firestore.rules | src/constants/database.ts","in-progress","MenuList global platform-managed illustration category collection at common/assets/illustrations. Authenticated owner editor surfaces consume bounded normalized category trees; exact platform administrators create, patch or transactionally mutate categories, nested subcategories and items while immutable preview objects remain in the matching Storage path.","The shared common-assets rule allows authenticated reads, requires an exact platform-admin claim plus the closed bounded category root schema for create/update, and permits delete only to platform admins. The finite collection annotation and emulator fixture bind this dynamic terminal path to the shared rule.","One unfiltered read uses a 1,001-row overflow probe for a 1,000-document contract. Exact document operations and nested array transactions require no composite index or TTL policy.","AUDIT-ASSET-001 | AUDIT-ASSET-SHARED-REFERENCE-001 | AUDIT-STATIC-ASSETS-UNBOUNDED-READ-001 | AUDIT-COMMON-ASSET-SCHEMA-BOUNDARY-001 | AUDIT-COLLECTION-CATALOG-DYNAMIC-ASSET-FAMILY-001"
"imageBatchProcessingJobs","MenuList/shared","DB_COLLECTIONS.IMAGE_BATCH_PROCESSING_JOBS | FUNCTIONS_DB_COLLECTIONS.IMAGE_BATCH_PROCESSING_JOBS","constant definition | read/query | reference | security-rule | write","8","firestore.rules | functions/src/constants/database.ts | functions/src/schedulers/menulistMaintenanceScheduler.ts | scripts/verification/test-image-batch-item-concurrency-emulator.ts | scripts/verification/test-image-batch-rules.ts | src/constants/database.ts | src/database/imageBatchProcessing/index.tsx | src/database/imageBatchProcessing/server.ts","firestore.rules:884 | firestore.rules:892 | functions/src/schedulers/menulistMaintenanceScheduler.ts:1583 | scripts/verification/test-image-batch-item-concurrency-emulator.ts:25 | scripts/verification/test-image-batch-item-concurrency-emulator.ts:27 | scripts/verification/test-image-batch-item-concurrency-emulator.ts:29 | scripts/verification/test-image-batch-item-concurrency-emulator.ts:31 | scripts/verification/test-image-batch-rules.ts:80 | scripts/verification/test-image-batch-rules.ts:85 | scripts/verification/test-image-batch-rules.ts:89 | scripts/verification/test-image-batch-rules.ts:96 | scripts/verification/test-image-batch-rules.ts:104 | scripts/verification/test-image-batch-rules.ts:105 | scripts/verification/test-image-batch-rules.ts:108 | scripts/verification/test-image-batch-rules.ts:112 | scripts/verification/test-image-batch-rules.ts:126 | scripts/verification/test-image-batch-rules.ts:140 | scripts/verification/test-image-batch-rules.ts:144 | scripts/verification/test-image-batch-rules.ts:151 | scripts/verification/test-image-batch-rules.ts:155 | scripts/verification/test-image-batch-rules.ts:159 | scripts/verification/test-image-batch-rules.ts:166 | scripts/verification/test-image-batch-rules.ts:177 | scripts/verification/test-image-batch-rules.ts:188 | scripts/verification/test-image-batch-rules.ts:196 | scripts/verification/test-image-batch-rules.ts:203 | scripts/verification/test-image-batch-rules.ts:210 | scripts/verification/test-image-batch-rules.ts:221 | scripts/verification/test-image-batch-rules.ts:265 | scripts/verification/test-image-batch-rules.ts:272 | scripts/verification/test-image-batch-rules.ts:287 | scripts/verification/test-image-batch-rules.ts:294 | scripts/verification/test-image-batch-rules.ts:309 | scripts/verification/test-image-batch-rules.ts:317 | scripts/verification/test-image-batch-rules.ts:96 | src/database/imageBatchProcessing/index.tsx:23 | src/database/imageBatchProcessing/server.ts:33 | src/constants/database.ts:0 | functions/src/constants/database.ts:0","5baabc295d1b95f2fedddca287f486ff6b64a19f5eff2c06d235eff3be18b5a3","3","firestore.rules | functions/src/schedulers/menulistMaintenanceScheduler.ts | scripts/verification/test-image-batch-rules.ts | src/constants/database.ts | src/database/imageBatchProcessing/server.ts","in-progress","MenuList tenant/store/project-scoped batch image job state at imageBatchProcessingJobs/{tId}/{sId}/{jobId}. Owner/manager browser code creates a bounded queued job and may perform only cancel/finish/discard settlement; the authenticated trigger verifies current session scope and image-generation permission before deterministic Cloud Tasks enqueue, and the secret-authenticated internal worker uses Admin transactions for per-item leases, staged generated-media/accounting evidence, retry/finalization and terminal status. The owner listener runtime-projects every row against the active project scope and selects the newest owner-visible row among at most five recent jobs.","Nested-path reads require exact tenant and assigned-store membership. Create additionally requires owner/manager authority, exact MenuList/user/path/project identity and a bounded queued shape. Browser update is restricted to owner terminal status/outcome/history/retention fields; all result, execution, accounting and count fields remain Admin-only. The legacy flat path is read-only for exact embedded tenant/store and cannot be written. Existing focused rules-emulator evidence passes; the shared rules file remains a conservative whole-file review blocker.","The current listener uses one bounded projectJobKey range/order query with limit 5 and automatic single-field indexing; the legacy fallback uses project/status with limit 5 and is covered by existing index/rules evidence. Exact job transactions need no composite. Daily retention uses bounded single-field expiresAt/itemsExpiresAt queries plus a bounded legacy status query over a deterministic page of active stores. No public cache, Redux, SWR or local-storage entry is derived from the job row; selected images become project/public truth only through the separately reviewed project persistence and invalidation path.","AUDIT-IMAGE-BATCH-RULES-001 | AUDIT-IMAGE-BATCH-CLIENT-001 | AUDIT-IMAGE-BATCH-DURABILITY-001 | AUDIT-IMAGE-BATCH-PERSISTED-001 | AUDIT-IMAGE-BATCH-TERMINAL-CONVERGENCE-001 | AUDIT-IMAGE-BATCH-OVERLAP-VISIBILITY-001"
"imageCompression","MenuList/shared","AI_OPERATIONS_COLLECTIONS.IMAGE_COMPRESSION","constant definition","1","src/constants/database.ts","src/constants/database.ts:0","fc59edbd17b7769f78f973b63b0d65ec9c26d2672aaa333c59b943c241b1565b","0","src/constants/database.ts","in-progress","Reserved legacy MenuList AI-operation collection name only; active AI accounting uses scoped menulistAiOperations rather than this standalone collection","No explicit client rule path; root default deny applies. Any future activation requires a new scoped ownership and runtime-validation review","No active query, document or retention path exists; no index or TTL policy is justified",""
"imageGeneration","MenuList/shared","AI_OPERATIONS_COLLECTIONS.IMAGE_GENERATION","constant definition","1","src/constants/database.ts","src/constants/database.ts:0","a960b94a5d88334f132decec107424377f3ff9547923c9ce96caefb6b10bdbfa","0","src/constants/database.ts","in-progress","Reserved legacy MenuList AI-operation collection name only; active image generation accounts through scoped menulistAiOperations and dedicated batch/cache state","No explicit client rule path; root default deny applies. Any future activation requires a new scoped ownership and runtime-validation review","No active query, document or retention path exists; no index or TTL policy is justified",""
"images","MenuList/shared","STATIC_ASSET_COLLECTIONS.IMAGES","constant definition | delete | read/query | security-rule | transaction/batch | write","3","firestore.rules | src/constants/database.ts | src/database/static/static.ts","firestore.rules:987 | src/database/static/static.ts:50 | src/constants/database.ts:0","c963b9d691dfdda7dd420e5c7117c98ed222446e6a4313900c9ab71a6396b73f","1","firestore.rules | src/constants/database.ts","in-progress","MenuList global platform-managed image category collection at common/assets/images. Authenticated owner editor surfaces consume bounded normalized category trees; exact platform administrators create, patch or transactionally mutate categories, nested subcategories and items while immutable preview objects remain in the matching Storage path.","The shared common-assets rule allows authenticated reads, requires an exact platform-admin claim plus the closed bounded category root schema for create/update, and permits delete only to platform admins. The finite collection annotation binds this dynamic terminal path to the shared rule.","One unfiltered read uses a 1,001-row overflow probe for a 1,000-document contract. Exact document operations and nested array transactions require no composite index or TTL policy.","AUDIT-ASSET-001 | AUDIT-ASSET-SHARED-REFERENCE-001 | AUDIT-STATIC-ASSETS-UNBOUNDED-READ-001 | AUDIT-COMMON-ASSET-SCHEMA-BOUNDARY-001 | AUDIT-COLLECTION-CATALOG-DYNAMIC-ASSET-FAMILY-001"
"imageTranslation","MenuList/shared","AI_OPERATIONS_COLLECTIONS.IMAGE_TRANSLATION","constant definition","1","src/constants/database.ts","src/constants/database.ts:0","7f1508d85386dabf2fafbe0c5cea63b5a1eba114d8fb01bd787a952d6c9ee1f1","0","src/constants/database.ts","in-progress","Reserved legacy MenuList AI-operation collection name only; no active reader, writer, query, route, job or persisted contract references this standalone collection","No explicit client rule path; root default deny applies. Any future activation requires a new scoped ownership and runtime-validation review","No active query, document or retention path exists; no index or TTL policy is justified",""
"insights","Answerlattice | MenuList/shared","ANSWERLATTICE_FUNCTIONS_DB_COLLECTIONS.INSIGHTS | DB_COLLECTIONS.INSIGHTS | FUNCTIONS_DB_COLLECTIONS.INSIGHTS","constant definition | read/query | reference | security-rule | write","17","firestore-answerlattice.rules | firestore.rules | functions-answerlattice/src/answerlattice/chatIntelligence.ts | functions-answerlattice/src/constants/database.ts | functions/src/analytics/authorityMaturation.ts | functions/src/analytics/feedbackIntelligence.ts | functions/src/analytics/weeklyNarrative.ts | functions/src/constants/database.ts | scripts/verification/test-answerlattice-chat-analytics-rules.ts | scripts/verification/test-answerlattice-chat-analytics-scheduler.ts | scripts/verification/verify-owner-control-usage-boundary.js | src/app/api/analytics/weekly-narrative/generate-local/route.ts | src/components/templates/answerlattice/weeklyDigest/AnswerlatticeWeeklyDigest.tsx | src/components/templates/platform/chatManagement/WeeklyDigest.tsx | src/constants/database.ts | src/lib/analytics/dal.ts | src/lib/answerlattice/workspaceLifecycleServer.ts","firestore-answerlattice.rules:235 | firestore.rules:925 | functions-answerlattice/src/answerlattice/chatIntelligence.ts:37 | functions-answerlattice/src/answerlattice/chatIntelligence.ts:344 | functions/src/analytics/authorityMaturation.ts:250 | functions/src/analytics/feedbackIntelligence.ts:225 | functions/src/analytics/weeklyNarrative.ts:301 | scripts/verification/test-answerlattice-chat-analytics-rules.ts:33 | scripts/verification/test-answerlattice-chat-analytics-rules.ts:36 | scripts/verification/test-answerlattice-chat-analytics-rules.ts:39 | scripts/verification/test-answerlattice-chat-analytics-rules.ts:66 | scripts/verification/test-answerlattice-chat-analytics-rules.ts:68 | scripts/verification/test-answerlattice-chat-analytics-rules.ts:69 | scripts/verification/test-answerlattice-chat-analytics-rules.ts:70 | scripts/verification/test-answerlattice-chat-analytics-rules.ts:71 | scripts/verification/test-answerlattice-chat-analytics-rules.ts:72 | scripts/verification/test-answerlattice-chat-analytics-scheduler.ts:45 | scripts/verification/test-answerlattice-chat-analytics-scheduler.ts:45 | scripts/verification/test-answerlattice-chat-analytics-scheduler.ts:213 | scripts/verification/test-answerlattice-chat-analytics-scheduler.ts:214 | scripts/verification/verify-owner-control-usage-boundary.js:79 | src/app/api/analytics/weekly-narrative/generate-local/route.ts:290 | src/components/templates/answerlattice/weeklyDigest/AnswerlatticeWeeklyDigest.tsx:126 | src/components/templates/platform/chatManagement/WeeklyDigest.tsx:64 | src/lib/analytics/dal.ts:148 | src/lib/analytics/dal.ts:157 | src/lib/answerlattice/workspaceLifecycleServer.ts:833 | src/constants/database.ts:0 | functions/src/constants/database.ts:0 | functions-answerlattice/src/constants/database.ts:0","39b35b64c906ddbdcbaff655e533e095729eaf7abeb5fa282c604f166e8b7600","6","firestore.rules | functions-answerlattice/src/answerlattice/chatIntelligence.ts | functions/src/analytics/feedbackIntelligence.ts | functions/src/analytics/weeklyNarrative.ts | scripts/verification/test-answerlattice-chat-analytics-rules.ts | scripts/verification/test-answerlattice-chat-analytics-scheduler.ts | src/app/api/analytics/weekly-narrative/generate-local/route.ts | src/components/templates/answerlattice/weeklyDigest/AnswerlatticeWeeklyDigest.tsx | src/components/templates/platform/chatManagement/WeeklyDigest.tsx | src/constants/database.ts | src/lib/analytics/dal.ts","inventory-only","","rule path observed","",""
"integrations","MenuList/shared","DB_COLLECTIONS.INTEGRATIONS","constant definition | reference","2","src/constants/database.ts | src/database/integrations/gbp.ts","src/database/integrations/gbp.ts:71 | src/database/integrations/gbp.ts:79 | src/constants/database.ts:0","ebd440290ab968cab86029c39b72ffc437890437b81551500c4f384883a0d82d","1","src/constants/database.ts","in-progress","Reserved MenuList Google Business Profile token-path scaffold only; no active collection, writer, reader, OAuth route, provider worker or owner connection flow exists while ENABLE_GBP_SYNC is false and every exported token operation throws before Firebase access","No explicit active rule path is required for the disabled scaffold; the nested reserved tenants/{tId}/integrations/gbp/{sId} path falls through to root default deny for clients, and any future activation requires an explicit server-only token rule review before the first write","No active documents or queries exist, so no index or TTL policy is justified; activation requires a new cost/query/retention review rather than treating the reserved path as deployed storage",""
"kb_ai_runs","Answerlattice | MenuList/shared","DB_COLLECTIONS.KB_AI_RUNS","constant definition | delete | read/query | reference | transaction/batch","5","scripts/verification/test-answerlattice-workspace-lifecycle-contracts.ts | scripts/verification/verify-answerlattice-runtime-truth.js | src/constants/database.ts | src/lib/answerlattice/workspaceLifecycleContracts.ts | src/lib/answerlattice/workspaceLifecycleServer.ts","scripts/verification/test-answerlattice-workspace-lifecycle-contracts.ts:6 | scripts/verification/verify-answerlattice-runtime-truth.js:10067 | src/lib/answerlattice/workspaceLifecycleContracts.ts:32 | src/lib/answerlattice/workspaceLifecycleContracts.ts:76 | src/lib/answerlattice/workspaceLifecycleServer.ts:20 | src/constants/database.ts:0","b30ac466a74a5b01e7ff0a460658258fff4a93a408b21ce64043c1cc29f28cbf","3","scripts/verification/verify-answerlattice-runtime-truth.js | src/constants/database.ts","in-progress","Legacy Answerlattice workspace-scoped AI-run namespace with no current producer or ordinary reader. The only active contract is platform-authorized workspace erasure, which queries both sId and storeId aliases in bounded pages and deletes only records with exact tenant/store aliases and explicit AL product identity; ambiguous rows stop erasure for operator repair","Neither shared nor dedicated Answerlattice rules declares a client path, so root default deny blocks browser reads and writes. The lifecycle route and worker use the dedicated Admin SDK after platform-operator, workspace-state, billing, recovery-window, legal-hold and export admission","Erasure uses two bounded single-field `in` queries on sId/storeId with limit 201 and batch deletion capped at 200. Automatic single-field indexes suffice; no composite index or TTL policy exists","AUDIT-COLLECTION-CATALOG-RUNTIME-REGISTRY-CONSUMER-001"
"kb_articles","Answerlattice | MenuList/shared","ANSWERLATTICE_FUNCTIONS_DB_COLLECTIONS.KB_ARTICLES | DB_COLLECTIONS.KB_ARTICLES | FUNCTIONS_DB_COLLECTIONS.KB_ARTICLES","cache/derived-state | constant definition | delete | index definition | read/query | reference | security-rule | transaction/batch | write","40","firestore-answerlattice.indexes.json | firestore-answerlattice.rules | firestore.indexes.json | firestore.rules | functions-answerlattice/src/answerlattice/contextBundleBuilder.ts | functions-answerlattice/src/answerlattice/onboardingBootstrap.ts | functions-answerlattice/src/constants/database.ts | functions-answerlattice/src/types/constants.ts | functions/src/constants/database.ts | functions/src/types/constants.ts | scripts/verification/test-answerlattice-content-feedback-emulator.ts | scripts/verification/test-answerlattice-feedback-rules.ts | scripts/verification/test-answerlattice-governance-emulator.ts | scripts/verification/test-answerlattice-kb-publishing-emulator.js | scripts/verification/test-answerlattice-ontology-emulator.ts | scripts/verification/test-answerlattice-support-truth-export-contracts.ts | scripts/verification/test-answerlattice-workspace-lifecycle-contracts.ts | scripts/verification/verify-answerlattice-runtime-truth.js | src/app/api/answerlattice/articles/extract-entities/route.ts | src/app/api/answerlattice/faqs/generate-from-article/route.ts | src/app/api/answerlattice/translate/route.ts | src/constants/database.ts | src/database/answerlattice/faqs.ts | src/database/kb-generation/jobs.ts | src/database/knowledgeBase/articles.ts | src/database/knowledgeBase/categories.ts | src/lib/answerlattice/articleEmbeddingServer.ts | src/lib/answerlattice/cacheFreshness.ts | src/lib/answerlattice/contentFeedbackServer.ts | src/lib/answerlattice/contextBundleBuilderServer.ts | src/lib/answerlattice/faqRetrieval.ts | src/lib/answerlattice/governanceServer.ts | src/lib/answerlattice/knowledgeIntake.ts | src/lib/answerlattice/ontologyServer.ts | src/lib/answerlattice/productSurfaceContentServer.ts | src/lib/answerlattice/publicContentCache.ts | src/lib/answerlattice/supportTruthExport.ts | src/lib/answerlattice/workspaceLifecycleContracts.ts | src/lib/answerlattice/workspaceLifecycleServer.ts | src/lib/search/searchCore.ts","firestore-answerlattice.indexes.json:12 | firestore-answerlattice.indexes.json:24 | firestore-answerlattice.indexes.json:39 | firestore-answerlattice.indexes.json:51 | firestore-answerlattice.indexes.json:61 | firestore-answerlattice.indexes.json:164 | firestore-answerlattice.indexes.json:226 | firestore-answerlattice.indexes.json:504 | firestore-answerlattice.rules:321 | firestore.indexes.json:12 | firestore.indexes.json:24 | firestore.indexes.json:39 | firestore.indexes.json:51 | firestore.indexes.json:155 | firestore.indexes.json:239 | firestore.indexes.json:813 | firestore.rules:1046 | functions-answerlattice/src/answerlattice/contextBundleBuilder.ts:477 | functions-answerlattice/src/answerlattice/onboardingBootstrap.ts:396 | functions-answerlattice/src/answerlattice/onboardingBootstrap.ts:615 | functions-answerlattice/src/types/constants.ts:15 | functions/src/types/constants.ts:15 | scripts/verification/test-answerlattice-content-feedback-emulator.ts:108 | scripts/verification/test-answerlattice-content-feedback-emulator.ts:108 | scripts/verification/test-answerlattice-content-feedback-emulator.ts:111 | scripts/verification/test-answerlattice-content-feedback-emulator.ts:111 | scripts/verification/test-answerlattice-content-feedback-emulator.ts:114 | scripts/verification/test-answerlattice-content-feedback-emulator.ts:114 | scripts/verification/test-answerlattice-content-feedback-emulator.ts:117 | scripts/verification/test-answerlattice-content-feedback-emulator.ts:117 | scripts/verification/test-answerlattice-content-feedback-emulator.ts:120 | scripts/verification/test-answerlattice-content-feedback-emulator.ts:120 | scripts/verification/test-answerlattice-content-feedback-emulator.ts:123 | scripts/verification/test-answerlattice-content-feedback-emulator.ts:123 | scripts/verification/test-answerlattice-content-feedback-emulator.ts:234 | scripts/verification/test-answerlattice-content-feedback-emulator.ts:234 | scripts/verification/test-answerlattice-feedback-rules.ts:306 | scripts/verification/test-answerlattice-feedback-rules.ts:314 | scripts/verification/test-answerlattice-feedback-rules.ts:322 | scripts/verification/test-answerlattice-feedback-rules.ts:331 | scripts/verification/test-answerlattice-feedback-rules.ts:453 | scripts/verification/test-answerlattice-feedback-rules.ts:459 | scripts/verification/test-answerlattice-feedback-rules.ts:464 | scripts/verification/test-answerlattice-feedback-rules.ts:466 | scripts/verification/test-answerlattice-governance-emulator.ts:90 | scripts/verification/test-answerlattice-governance-emulator.ts:517 | scripts/verification/test-answerlattice-governance-emulator.ts:548 | scripts/verification/test-answerlattice-kb-publishing-emulator.js:112 | scripts/verification/test-answerlattice-ontology-emulator.ts:196 | scripts/verification/test-answerlattice-ontology-emulator.ts:196 | scripts/verification/test-answerlattice-ontology-emulator.ts:202 | scripts/verification/test-answerlattice-ontology-emulator.ts:202 | scripts/verification/test-answerlattice-support-truth-export-contracts.ts:210 | scripts/verification/test-answerlattice-support-truth-export-contracts.ts:471 | scripts/verification/test-answerlattice-workspace-lifecycle-contracts.ts:6 | scripts/verification/verify-answerlattice-runtime-truth.js:10067 | scripts/verification/verify-answerlattice-runtime-truth.js:3928 | scripts/verification/verify-answerlattice-runtime-truth.js:4007 | scripts/verification/verify-answerlattice-runtime-truth.js:4265 | scripts/verification/verify-answerlattice-runtime-truth.js:5993 | src/app/api/answerlattice/articles/extract-entities/route.ts:119 | src/app/api/answerlattice/articles/extract-entities/route.ts:135 | src/app/api/answerlattice/articles/extract-entities/route.ts:245 | src/app/api/answerlattice/faqs/generate-from-article/route.ts:251 | src/app/api/answerlattice/translate/route.ts:220 | src/database/answerlattice/faqs.ts:41 | src/database/kb-generation/jobs.ts:586 | src/database/kb-generation/jobs.ts:586 | src/database/knowledgeBase/articles.ts:33 | src/database/knowledgeBase/categories.ts:181 | src/database/knowledgeBase/categories.ts:183 | src/lib/answerlattice/articleEmbeddingServer.ts:109 | src/lib/answerlattice/cacheFreshness.ts:126 | src/lib/answerlattice/contentFeedbackServer.ts:126 | src/lib/answerlattice/contextBundleBuilderServer.ts:435 | src/lib/answerlattice/faqRetrieval.ts:355 | src/lib/answerlattice/governanceServer.ts:510 | src/lib/answerlattice/governanceServer.ts:1616 | src/lib/answerlattice/knowledgeIntake.ts:2327 | src/lib/answerlattice/ontologyServer.ts:634","cc4a7adce23f6b5fe6616cdf75f3023fa0f818c7baa2c6978b31c915e3493382","16","firestore.indexes.json | firestore.rules | functions-answerlattice/src/answerlattice/contextBundleBuilder.ts | functions-answerlattice/src/answerlattice/onboardingBootstrap.ts | functions-answerlattice/src/types/constants.ts | scripts/verification/test-answerlattice-feedback-rules.ts | scripts/verification/test-answerlattice-governance-emulator.ts | scripts/verification/test-answerlattice-kb-publishing-emulator.js | scripts/verification/test-answerlattice-ontology-emulator.ts | scripts/verification/test-answerlattice-support-truth-export-contracts.ts | scripts/verification/verify-answerlattice-runtime-truth.js | src/constants/database.ts | src/database/answerlattice/faqs.ts | src/database/kb-generation/jobs.ts | src/lib/answerlattice/cacheFreshness.ts | src/lib/answerlattice/contextBundleBuilderServer.ts | src/lib/answerlattice/faqRetrieval.ts | src/lib/answerlattice/governanceServer.ts | src/lib/answerlattice/knowledgeIntake.ts | src/lib/answerlattice/ontologyServer.ts | src/lib/answerlattice/productSurfaceContentServer.ts | src/lib/answerlattice/publicContentCache.ts | src/lib/answerlattice/supportTruthExport.ts | src/lib/search/searchCore.ts","inventory-only","","rule path observed","",""
"kb_categories","Answerlattice | MenuList/shared","ANSWERLATTICE_FUNCTIONS_DB_COLLECTIONS.KB_CATEGORIES | DB_COLLECTIONS.KB_CATEGORIES | FUNCTIONS_DB_COLLECTIONS.KB_CATEGORIES","constant definition | delete | read/query | reference | security-rule | transaction/batch | write","17","firestore-answerlattice.rules | firestore.rules | functions-answerlattice/src/constants/database.ts | functions-answerlattice/src/types/constants.ts | functions/src/constants/database.ts | functions/src/types/constants.ts | scripts/verification/test-answerlattice-feedback-rules.ts | scripts/verification/test-answerlattice-kb-publishing-emulator.js | scripts/verification/test-answerlattice-workspace-lifecycle-contracts.ts | scripts/verification/verify-answerlattice-runtime-truth.js | src/constants/database.ts | src/database/knowledgeBase/articles.ts | src/database/knowledgeBase/categories.ts | src/lib/answerlattice/knowledgeIntake.ts | src/lib/answerlattice/publicContentCache.ts | src/lib/answerlattice/workspaceLifecycleContracts.ts | src/lib/answerlattice/workspaceLifecycleServer.ts","firestore-answerlattice.rules:313 | firestore.rules:1038 | functions-answerlattice/src/types/constants.ts:14 | functions/src/types/constants.ts:14 | scripts/verification/test-answerlattice-feedback-rules.ts:365 | scripts/verification/test-answerlattice-feedback-rules.ts:436 | scripts/verification/test-answerlattice-feedback-rules.ts:443 | scripts/verification/test-answerlattice-kb-publishing-emulator.js:113 | scripts/verification/test-answerlattice-workspace-lifecycle-contracts.ts:6 | scripts/verification/verify-answerlattice-runtime-truth.js:10067 | src/database/knowledgeBase/articles.ts:78 | src/database/knowledgeBase/articles.ts:80 | src/database/knowledgeBase/categories.ts:31 | src/lib/answerlattice/knowledgeIntake.ts:2368 | src/lib/answerlattice/publicContentCache.ts:95 | src/lib/answerlattice/workspaceLifecycleContracts.ts:32 | src/lib/answerlattice/workspaceLifecycleContracts.ts:70 | src/lib/answerlattice/workspaceLifecycleServer.ts:20 | src/constants/database.ts:0 | functions/src/constants/database.ts:0 | functions-answerlattice/src/constants/database.ts:0","66a1e06ca008be50dc8af074f132894fce408da3dffcf9e0de1e589950e1de38","9","firestore.rules | functions-answerlattice/src/types/constants.ts | scripts/verification/test-answerlattice-feedback-rules.ts | scripts/verification/test-answerlattice-kb-publishing-emulator.js | scripts/verification/verify-answerlattice-runtime-truth.js | src/constants/database.ts | src/lib/answerlattice/knowledgeIntake.ts | src/lib/answerlattice/publicContentCache.ts","inventory-only","","rule path observed","",""
"kb_generation_jobs","Answerlattice | MenuList/shared","ANSWERLATTICE_FUNCTIONS_DB_COLLECTIONS.KB_GENERATION_JOBS | DB_COLLECTIONS.KB_GENERATION_JOBS | FUNCTIONS_DB_COLLECTIONS.KB_GENERATION_JOBS","constant definition | delete | index definition | read/query | reference | security-rule | transaction/batch | write","20","firestore-answerlattice.indexes.json | firestore-answerlattice.rules | firestore.indexes.json | firestore.rules | functions-answerlattice/src/answerlattice/kbGenerationWatchdog.ts | functions-answerlattice/src/answerlattice/onboardingBootstrap.ts | functions-answerlattice/src/constants/database.ts | functions-answerlattice/src/index.ts | functions-answerlattice/src/types/constants.ts | functions/src/constants/database.ts | functions/src/types/constants.ts | scripts/verification/test-answerlattice-kb-generation-watchdog.ts | scripts/verification/test-answerlattice-kb-publishing-emulator.js | scripts/verification/test-answerlattice-knowledge-intake-rules.ts | scripts/verification/test-answerlattice-workspace-lifecycle-contracts.ts | scripts/verification/verify-answerlattice-runtime-truth.js | src/constants/database.ts | src/database/kb-generation/jobs.ts | src/lib/answerlattice/workspaceLifecycleContracts.ts | src/lib/answerlattice/workspaceLifecycleServer.ts","firestore-answerlattice.indexes.json:186 | firestore-answerlattice.indexes.json:212 | firestore-answerlattice.indexes.json:1931 | firestore-answerlattice.rules:335 | firestore.indexes.json:773 | firestore.indexes.json:799 | firestore.indexes.json:2934 | firestore.rules:1078 | functions-answerlattice/src/answerlattice/kbGenerationWatchdog.ts:37 | functions-answerlattice/src/answerlattice/onboardingBootstrap.ts:354 | functions-answerlattice/src/answerlattice/onboardingBootstrap.ts:872 | functions-answerlattice/src/index.ts:223 | functions-answerlattice/src/index.ts:236 | functions-answerlattice/src/index.ts:252 | functions-answerlattice/src/index.ts:518 | functions-answerlattice/src/types/constants.ts:13 | functions/src/types/constants.ts:13 | scripts/verification/test-answerlattice-kb-generation-watchdog.ts:11 | scripts/verification/test-answerlattice-kb-generation-watchdog.ts:11 | scripts/verification/test-answerlattice-kb-publishing-emulator.js:111 | scripts/verification/test-answerlattice-knowledge-intake-rules.ts:59 | scripts/verification/test-answerlattice-workspace-lifecycle-contracts.ts:6 | scripts/verification/verify-answerlattice-runtime-truth.js:10067 | scripts/verification/verify-answerlattice-runtime-truth.js:6922 | src/database/kb-generation/jobs.ts:540 | src/database/kb-generation/jobs.ts:564 | src/database/kb-generation/jobs.ts:21 | src/database/kb-generation/jobs.ts:540 | src/database/kb-generation/jobs.ts:564 | src/lib/answerlattice/workspaceLifecycleContracts.ts:32 | src/lib/answerlattice/workspaceLifecycleContracts.ts:72 | src/lib/answerlattice/workspaceLifecycleServer.ts:20 | src/constants/database.ts:0 | functions/src/constants/database.ts:0 | functions-answerlattice/src/constants/database.ts:0","51d61c59d00d729ba6134ac2dc96b63425f47a1c15d97b8d6cbe881e11ae3b04","8","firestore.indexes.json | firestore.rules | functions-answerlattice/src/answerlattice/kbGenerationWatchdog.ts | functions-answerlattice/src/answerlattice/onboardingBootstrap.ts | functions-answerlattice/src/index.ts | functions-answerlattice/src/types/constants.ts | scripts/verification/test-answerlattice-kb-generation-watchdog.ts | scripts/verification/test-answerlattice-kb-publishing-emulator.js | scripts/verification/test-answerlattice-knowledge-intake-rules.ts | scripts/verification/verify-answerlattice-runtime-truth.js | src/constants/database.ts | src/database/kb-generation/jobs.ts","inventory-only","","rule path observed","",""
"kb_review_tasks","Answerlattice | MenuList/shared","DB_COLLECTIONS.KB_REVIEW_TASKS","constant definition | delete | read/query | reference | transaction/batch","5","scripts/verification/test-answerlattice-workspace-lifecycle-contracts.ts | scripts/verification/verify-answerlattice-runtime-truth.js | src/constants/database.ts | src/lib/answerlattice/workspaceLifecycleContracts.ts | src/lib/answerlattice/workspaceLifecycleServer.ts","scripts/verification/test-answerlattice-workspace-lifecycle-contracts.ts:6 | scripts/verification/verify-answerlattice-runtime-truth.js:10067 | src/lib/answerlattice/workspaceLifecycleContracts.ts:32 | src/lib/answerlattice/workspaceLifecycleContracts.ts:75 | src/lib/answerlattice/workspaceLifecycleServer.ts:20 | src/constants/database.ts:0","b211e95b341b6ba36741895042201a4e3b14cdc34acd659eb240556c10e57216","3","scripts/verification/verify-answerlattice-runtime-truth.js | src/constants/database.ts","in-progress","Legacy Answerlattice workspace-scoped review-task namespace with no current producer or ordinary reader. The only active contract is platform-authorized workspace erasure, which queries both sId and storeId aliases in bounded pages and deletes only records with exact tenant/store aliases and explicit AL product identity; ambiguous rows stop erasure for operator repair","Neither shared nor dedicated Answerlattice rules declares a client path, so root default deny blocks browser reads and writes. The lifecycle route and worker use the dedicated Admin SDK after platform-operator, workspace-state, billing, recovery-window, legal-hold and export admission","Erasure uses two bounded single-field `in` queries on sId/storeId with limit 201 and batch deletion capped at 200. Automatic single-field indexes suffice; no composite index or TTL policy exists","AUDIT-COLLECTION-CATALOG-RUNTIME-REGISTRY-CONSUMER-001"
"kb_sections","Answerlattice | MenuList/shared","DB_COLLECTIONS.KB_SECTIONS | FUNCTIONS_DB_COLLECTIONS.KB_SECTIONS","constant definition | delete | read/query | reference | security-rule | transaction/batch","8","firestore-answerlattice.rules | firestore.rules | functions/src/constants/database.ts | scripts/verification/test-answerlattice-workspace-lifecycle-contracts.ts | scripts/verification/verify-answerlattice-runtime-truth.js | src/constants/database.ts | src/lib/answerlattice/workspaceLifecycleContracts.ts | src/lib/answerlattice/workspaceLifecycleServer.ts","firestore-answerlattice.rules:328 | firestore.rules:1062 | scripts/verification/test-answerlattice-workspace-lifecycle-contracts.ts:6 | scripts/verification/verify-answerlattice-runtime-truth.js:10067 | src/lib/answerlattice/workspaceLifecycleContracts.ts:32 | src/lib/answerlattice/workspaceLifecycleContracts.ts:77 | src/lib/answerlattice/workspaceLifecycleServer.ts:20 | src/constants/database.ts:0 | functions/src/constants/database.ts:0","1c1545accb7927dc7b0b7c34738d19c94e57fc956bfede24182e84a1740d1b0c","5","firestore.rules | scripts/verification/verify-answerlattice-runtime-truth.js | src/constants/database.ts","inventory-only","","rule path observed","",""
"kb_staging_chunks","Answerlattice | MenuList/shared","DB_COLLECTIONS.KB_STAGING_CHUNKS | FUNCTIONS_DB_COLLECTIONS.KB_STAGING_CHUNKS","constant definition | delete | read/query | reference | security-rule | transaction/batch | write","9","firestore-answerlattice.rules | firestore.rules | functions/src/constants/database.ts | scripts/verification/test-answerlattice-knowledge-intake-rules.ts | scripts/verification/test-answerlattice-workspace-lifecycle-contracts.ts | scripts/verification/verify-answerlattice-runtime-truth.js | src/constants/database.ts | src/lib/answerlattice/workspaceLifecycleContracts.ts | src/lib/answerlattice/workspaceLifecycleServer.ts","firestore-answerlattice.rules:345 | firestore.rules:1088 | scripts/verification/test-answerlattice-knowledge-intake-rules.ts:65 | scripts/verification/test-answerlattice-workspace-lifecycle-contracts.ts:6 | scripts/verification/verify-answerlattice-runtime-truth.js:10067 | src/lib/answerlattice/workspaceLifecycleContracts.ts:32 | src/lib/answerlattice/workspaceLifecycleContracts.ts:74 | src/lib/answerlattice/workspaceLifecycleServer.ts:20 | src/constants/database.ts:0 | functions/src/constants/database.ts:0","5cc551d3c23f134e38bda10ac25d89cb119e1831bcd51be9c402bc38cbdef980","5","firestore.rules | scripts/verification/test-answerlattice-knowledge-intake-rules.ts | scripts/verification/verify-answerlattice-runtime-truth.js | src/constants/database.ts","inventory-only","","rule path observed","",""
"kb_staging_sections","Answerlattice | MenuList/shared","DB_COLLECTIONS.KB_STAGING_SECTIONS | FUNCTIONS_DB_COLLECTIONS.KB_STAGING_SECTIONS","constant definition | delete | read/query | reference | security-rule | transaction/batch | write","9","firestore-answerlattice.rules | firestore.rules | functions/src/constants/database.ts | scripts/verification/test-answerlattice-knowledge-intake-rules.ts | scripts/verification/test-answerlattice-workspace-lifecycle-contracts.ts | scripts/verification/verify-answerlattice-runtime-truth.js | src/constants/database.ts | src/lib/answerlattice/workspaceLifecycleContracts.ts | src/lib/answerlattice/workspaceLifecycleServer.ts","firestore-answerlattice.rules:341 | firestore.rules:1084 | scripts/verification/test-answerlattice-knowledge-intake-rules.ts:64 | scripts/verification/test-answerlattice-workspace-lifecycle-contracts.ts:6 | scripts/verification/verify-answerlattice-runtime-truth.js:10067 | src/lib/answerlattice/workspaceLifecycleContracts.ts:32 | src/lib/answerlattice/workspaceLifecycleContracts.ts:73 | src/lib/answerlattice/workspaceLifecycleServer.ts:20 | src/constants/database.ts:0 | functions/src/constants/database.ts:0","0389aa154afa81fdfe5c87c9e0551a855f42b4e7011b8ee3f6168478a343894c","5","firestore.rules | scripts/verification/test-answerlattice-knowledge-intake-rules.ts | scripts/verification/verify-answerlattice-runtime-truth.js | src/constants/database.ts","inventory-only","","rule path observed","",""
"landingPageEnquiries","MenuList/shared","DB_COLLECTIONS.LANDING_PAGE_ENQUIRIES","constant definition | index definition | read/query | reference | security-rule","10","firestore.indexes.json | firestore.rules | scripts/verification/verify-public-business-truth.js | scripts/verification/verify-public-contact-boundary.js | scripts/verification/verify-report-leads-boundary.js | scripts/verification/verify-shareable-tool-reports.js | src/app/api/ops/report-leads/route.ts | src/app/api/ops/website-enquiries/route.ts | src/app/api/public/contact/route.ts | src/constants/database.ts","firestore.indexes.json:343 | firestore.indexes.json:3309 | firestore.indexes.json:3314 | firestore.rules:1028 | scripts/verification/verify-public-business-truth.js:6072 | scripts/verification/verify-public-contact-boundary.js:55 | scripts/verification/verify-report-leads-boundary.js:113 | scripts/verification/verify-report-leads-boundary.js:156 | scripts/verification/verify-shareable-tool-reports.js:258 | src/app/api/ops/report-leads/route.ts:293 | src/app/api/ops/website-enquiries/route.ts:200 | src/app/api/public/contact/route.ts:197 | src/constants/database.ts:0","aa173545a6c23d2df3573814457326b8c8c2de26c9d6073f871d46e494b699fb","4","firestore.indexes.json | firestore.rules | scripts/verification/verify-public-business-truth.js | scripts/verification/verify-shareable-tool-reports.js | src/app/api/public/contact/route.ts | src/constants/database.ts","inventory-only","","rule path observed","",""
"languageTranslation","MenuList/shared","AI_OPERATIONS_COLLECTIONS.LANGUAGE_TRANSLATION","constant definition","1","src/constants/database.ts","src/constants/database.ts:0","6f894b3105365c28568c53ff234642fab549ac17d0e5be1c10a18240c4baf4c8","0","src/constants/database.ts","in-progress","Reserved legacy MenuList AI-operation collection name only; active translation paths do not persist to this standalone collection","No explicit client rule path; root default deny applies. Any future activation requires a new scoped ownership and runtime-validation review","No active query, document or retention path exists; no index or TTL policy is justified",""
"locations","CampaignCue","CAMPAIGNCUE_COLLECTIONS.LOCATIONS","constant definition | read/query | reference | security-rule","4","firestore-campaigncue.rules | scripts/verification/verify-campaigncue-runtime.js | src/constants/campaigncue/database.ts | src/lib/campaigncue/server.ts","firestore-campaigncue.rules:94 | scripts/verification/verify-campaigncue-runtime.js:365 | src/lib/campaigncue/server.ts:1669 | src/lib/campaigncue/server.ts:1747 | src/lib/campaigncue/server.ts:1826 | src/lib/campaigncue/server.ts:3124 | src/lib/campaigncue/server.ts:4073 | src/lib/campaigncue/server.ts:4092 | src/constants/campaigncue/database.ts:0","e7ba77a10de7e6b4a4d3a753afb9db419798d2c534d6e25be900cb0c6cc8c145","3","scripts/verification/verify-campaigncue-runtime.js","in-progress","Dedicated CampaignCue workspace-nested location truth. Overview and campaign authority list only a bounded newest page and strictly project exact workspace identity; creation normalizes the closed location schema and atomically creates location, event and retry completion after current membership and claim verification.","Current active exact-CC workspace members may read. Every browser mutation is denied; server creation uses Admin authority after signed shared-store/workspace validation and transaction-current membership.","The bounded newest-first createdAt query uses the default single-field index. Creation is by a server-generated exact document and requires no composite index or TTL policy.","AUDIT-CAMPAIGNCUE-FIREBASE-RULES-001 | AUDIT-CC-PERSISTED-RECORD-BOUNDARY-001 | AUDIT-CC-WORKSPACE-MUTATION-AUTHORITY-IDEMPOTENCY-001"
"masterOperationalState","MenuList/shared","DB_COLLECTIONS.MASTER_OPERATIONAL_STATE","constant definition | read/query | reference | security-rule | write","6","firestore.rules | scripts/verification/test-master-operational-state-rules.ts | src/constants/database.ts | src/database/multiOutlet/index.ts | src/database/projects/index.ts | src/hooks/useMasterUpdateAwareness.ts","firestore.rules:906 | scripts/verification/test-master-operational-state-rules.ts:86 | scripts/verification/test-master-operational-state-rules.ts:89 | src/database/multiOutlet/index.ts:378 | src/database/multiOutlet/index.ts:510 | src/database/multiOutlet/index.ts:380 | src/database/multiOutlet/index.ts:512 | src/database/projects/index.ts:2011 | src/database/projects/index.ts:2013 | src/hooks/useMasterUpdateAwareness.ts:413 | src/hooks/useMasterUpdateAwareness.ts:415 | src/constants/database.ts:0","bd6b1082a9dfba9a53c2527ba3204009742c76d5004aeced01f6d0fba34b9fb9","4","firestore.rules | src/constants/database.ts","in-progress","MenuList project-scoped signal; tenant members may read same-tenant state, while only platform or current master-store owner/manager authority may create or advance the exact signal","rule path observed; exact project tenant/store ID binding, create-at-1, update-at-current+1, server timestamp, immutable two-field shape, delete denied; emulator verified locally","Direct document reads only; no composite index required","AUDIT-MASTER-OPERATIONAL-WRITE-AUTHORITY-001 | AUDIT-MASTER-OPERATIONAL-RUNTIME-SHAPE-001 | AUDIT-MASTER-AWARENESS-ASYNC-STATE-001 | AUDIT-MASTER-AWARENESS-ACKNOWLEDGE-SCOPE-RACE-001"
"menuChangeLog","MenuList/shared","DB_COLLECTIONS.MENU_CHANGE_LOG | FUNCTIONS_DB_COLLECTIONS.MENU_CHANGE_LOG","constant definition | delete | index definition | read/query | reference | security-rule | write","11","firestore.indexes.json | firestore.rules | functions/src/analytics/extractionLearning.ts | functions/src/analytics/menuDriftMetrics.ts | functions/src/constants/database.ts | scripts/verification/test-menu-change-log-rules.ts | scripts/verification/test-menu-drift-metrics-replacement-emulator.ts | src/constants/database.ts | src/database/menuChangeLog/index.ts | src/lib/pricing/molLogger.ts | src/types/mol.types.ts","firestore.indexes.json:1407 | firestore.rules:1243 | functions/src/analytics/extractionLearning.ts:119 | functions/src/analytics/menuDriftMetrics.ts:194 | scripts/verification/test-menu-change-log-rules.ts:101 | scripts/verification/test-menu-change-log-rules.ts:102 | scripts/verification/test-menu-change-log-rules.ts:103 | scripts/verification/test-menu-change-log-rules.ts:156 | scripts/verification/test-menu-change-log-rules.ts:158 | scripts/verification/test-menu-change-log-rules.ts:159 | scripts/verification/test-menu-change-log-rules.ts:160 | scripts/verification/test-menu-change-log-rules.ts:161 | scripts/verification/test-menu-change-log-rules.ts:162 | scripts/verification/test-menu-change-log-rules.ts:163 | scripts/verification/test-menu-change-log-rules.ts:164 | scripts/verification/test-menu-change-log-rules.ts:167 | scripts/verification/test-menu-change-log-rules.ts:171 | scripts/verification/test-menu-change-log-rules.ts:175 | scripts/verification/test-menu-change-log-rules.ts:179 | scripts/verification/test-menu-change-log-rules.ts:183 | scripts/verification/test-menu-change-log-rules.ts:187 | scripts/verification/test-menu-change-log-rules.ts:196 | scripts/verification/test-menu-change-log-rules.ts:200 | scripts/verification/test-menu-change-log-rules.ts:204 | scripts/verification/test-menu-change-log-rules.ts:208 | scripts/verification/test-menu-change-log-rules.ts:212 | scripts/verification/test-menu-change-log-rules.ts:216 | scripts/verification/test-menu-change-log-rules.ts:220 | scripts/verification/test-menu-change-log-rules.ts:224 | scripts/verification/test-menu-change-log-rules.ts:228 | scripts/verification/test-menu-change-log-rules.ts:235 | scripts/verification/test-menu-change-log-rules.ts:239 | scripts/verification/test-menu-change-log-rules.ts:268 | scripts/verification/test-menu-change-log-rules.ts:272 | scripts/verification/test-menu-change-log-rules.ts:282 | scripts/verification/test-menu-change-log-rules.ts:292 | scripts/verification/test-menu-change-log-rules.ts:306 | scripts/verification/test-menu-change-log-rules.ts:328 | scripts/verification/test-menu-change-log-rules.ts:335 | scripts/verification/test-menu-change-log-rules.ts:346 | scripts/verification/test-menu-change-log-rules.ts:350 | scripts/verification/test-menu-change-log-rules.ts:354 | scripts/verification/test-menu-change-log-rules.ts:358 | scripts/verification/test-menu-change-log-rules.ts:362 | scripts/verification/test-menu-change-log-rules.ts:366 | scripts/verification/test-menu-change-log-rules.ts:377 | scripts/verification/test-menu-change-log-rules.ts:381 | scripts/verification/test-menu-change-log-rules.ts:390 | scripts/verification/test-menu-drift-metrics-replacement-emulator.ts:37 | scripts/verification/test-menu-drift-metrics-replacement-emulator.ts:37 | src/database/menuChangeLog/index.ts:79 | src/lib/pricing/molLogger.ts:40 | src/lib/pricing/molLogger.ts:42 | src/types/mol.types.ts:9 | src/constants/database.ts:0 | functions/src/constants/database.ts:0","7e8dd0e208fe94cd7529337179bd27302e4ba4ca52a20c3852df19c5dafd9e28","8","firestore.indexes.json | firestore.rules | src/constants/database.ts","in-progress","MenuList tenant/store/project private immutable event ledger; owner/manager exact-scope canonical browser writer plus supported legacy exact-scope shape, Admin nightly readers and assigned-store/platform private readers","Exact tenant/store membership, write role, path-payload scope, existing project, strict allowlisted shape and Firestore request-time create authority; client update/delete denied; emulator verified locally","Dynamic store subcollections use automatic timestamp plus document-ID ordered bounded pagination with one lower and one upper timestamp range; no composite index required","AUDIT-MCL-WORKSPACE-001 | AUDIT-MCL-RULES-002 | AUDIT-MCL-APPEND-003 | AUDIT-MCL-DEBOUNCE-004 | AUDIT-MCL-RUNTIME-005 | AUDIT-MCL-READS-006 | AUDIT-MOL-EVENT-TIME-AUTHORITY-001 | AUDIT-MOL-LEGACY-PROVENANCE-SCOPE-001 | AUDIT-MENU-CHANGE-LOG-PERSISTED-SCOPE-001"
"menuImageProcessingJobs","Answerlattice | MenuList/shared","ANSWERLATTICE_FUNCTIONS_DB_COLLECTIONS.MENU_IMAGE_PROCESSING_JOBS | DB_COLLECTIONS.MENU_IMAGE_PROCESSING_JOBS | FUNCTIONS_DB_COLLECTIONS.MENU_IMAGE_PROCESSING_JOBS","cache/derived-state | constant definition | index definition | read/query | reference | security-rule | transaction/batch | write","26","firestore.indexes.json | firestore.rules | functions-answerlattice/src/constants/database.ts | functions-answerlattice/src/types/constants.ts | functions/src/constants/database.ts | functions/src/types/constants.ts | scripts/verification/test-menu-extraction-job-concurrency-emulator.ts | scripts/verification/test-menu-extraction-job-rules.ts | scripts/verification/test-messaging-extraction-lifecycle-emulator.ts | scripts/verification/verify-agent-readiness.js | scripts/verification/verify-menu-extraction-pipeline.js | scripts/verification/verify-menulist-api-tenant-safety.js | scripts/verification/verify-mobile-upload-extraction.mjs | src/app/api/menu-extraction/jobs/route.ts | src/app/api/menu-link-imports/route.ts | src/app/api/ops/extraction/jobs/[jobId]/retry/route.ts | src/app/api/projects/master-job-status/route.ts | src/app/api/projects/outlet-save/route.ts | src/app/api/public/create-menu/route.ts | src/constants/database.ts | src/database/ops/extraction.ts | src/hooks/useMenuProcessingJob.ts | src/lib/extraction/applyChanges.ts | src/lib/firebase/menuProcessing.ts | src/lib/menu-extraction/activeJobClaim.ts | src/lib/menu-link-import/client.ts","firestore.indexes.json:1319 | firestore.indexes.json:1333 | firestore.indexes.json:1347 | firestore.indexes.json:1361 | firestore.indexes.json:1728 | firestore.indexes.json:1754 | firestore.indexes.json:1768 | firestore.indexes.json:1794 | firestore.indexes.json:1812 | firestore.indexes.json:1826 | firestore.rules:1266 | functions-answerlattice/src/types/constants.ts:18 | functions/src/types/constants.ts:18 | scripts/verification/test-menu-extraction-job-concurrency-emulator.ts:15 | scripts/verification/test-menu-extraction-job-rules.ts:58 | scripts/verification/test-menu-extraction-job-rules.ts:59 | scripts/verification/test-menu-extraction-job-rules.ts:60 | scripts/verification/test-menu-extraction-job-rules.ts:90 | scripts/verification/test-menu-extraction-job-rules.ts:91 | scripts/verification/test-menu-extraction-job-rules.ts:92 | scripts/verification/test-menu-extraction-job-rules.ts:93 | scripts/verification/test-menu-extraction-job-rules.ts:94 | scripts/verification/test-menu-extraction-job-rules.ts:95 | scripts/verification/test-menu-extraction-job-rules.ts:98 | scripts/verification/test-menu-extraction-job-rules.ts:112 | scripts/verification/test-menu-extraction-job-rules.ts:118 | scripts/verification/test-menu-extraction-job-rules.ts:123 | scripts/verification/test-menu-extraction-job-rules.ts:129 | scripts/verification/test-menu-extraction-job-rules.ts:98 | scripts/verification/test-menu-extraction-job-rules.ts:112 | scripts/verification/test-messaging-extraction-lifecycle-emulator.ts:30 | scripts/verification/verify-agent-readiness.js:1994 | scripts/verification/verify-menu-extraction-pipeline.js:2827 | scripts/verification/verify-menu-extraction-pipeline.js:2838 | scripts/verification/verify-menu-extraction-pipeline.js:4316 | scripts/verification/verify-menu-extraction-pipeline.js:2827 | scripts/verification/verify-menu-extraction-pipeline.js:2838 | scripts/verification/verify-menu-extraction-pipeline.js:4332 | scripts/verification/verify-menulist-api-tenant-safety.js:1233 | scripts/verification/verify-mobile-upload-extraction.mjs:336 | scripts/verification/verify-mobile-upload-extraction.mjs:336 | src/app/api/menu-extraction/jobs/route.ts:291 | src/app/api/menu-extraction/jobs/route.ts:444 | src/app/api/menu-extraction/jobs/route.ts:489 | src/app/api/menu-link-imports/route.ts:78 | src/app/api/menu-link-imports/route.ts:229 | src/app/api/ops/extraction/jobs/[jobId]/retry/route.ts:69 | src/app/api/projects/master-job-status/route.ts:160 | src/app/api/projects/outlet-save/route.ts:831 | src/app/api/public/create-menu/route.ts:361 | src/database/ops/extraction.ts:39 | src/hooks/useMenuProcessingJob.ts:21 | src/lib/extraction/applyChanges.ts:715 | src/lib/extraction/applyChanges.ts:980 | src/lib/extraction/applyChanges.ts:715 | src/lib/extraction/applyChanges.ts:980 | src/lib/firebase/menuProcessing.ts:36 | src/lib/menu-extraction/activeJobClaim.ts:25 | src/lib/menu-link-import/client.ts:90 | src/lib/menu-link-import/client.ts:90 | src/constants/database.ts:0 | functions/src/constants/database.ts:0 | functions-answerlattice/src/constants/database.ts:0","8f33fd75dd7761a1af09344760b98c66a3b922b815ee84e6a3a66e5e438b1fe3","6","firestore.indexes.json | firestore.rules | functions-answerlattice/src/types/constants.ts | scripts/verification/test-menu-extraction-job-concurrency-emulator.ts | scripts/verification/test-menu-extraction-job-rules.ts | scripts/verification/test-messaging-extraction-lifecycle-emulator.ts | scripts/verification/verify-agent-readiness.js | scripts/verification/verify-menu-extraction-pipeline.js | scripts/verification/verify-menulist-api-tenant-safety.js | scripts/verification/verify-mobile-upload-extraction.mjs | src/app/api/menu-extraction/jobs/route.ts | src/app/api/ops/extraction/jobs/[jobId]/retry/route.ts | src/app/api/projects/master-job-status/route.ts | src/app/api/projects/outlet-save/route.ts | src/constants/database.ts | src/database/ops/extraction.ts | src/hooks/useMenuProcessingJob.ts | src/lib/extraction/applyChanges.ts | src/lib/menu-extraction/activeJobClaim.ts | src/lib/menu-link-import/client.ts","inventory-only","","rule path observed","",""
"menuIntelligence","MenuList/shared","COLLECTION | DB_COLLECTIONS.MENU_INTELLIGENCE | FUNCTIONS_DB_COLLECTIONS.MENU_INTELLIGENCE","constant definition | delete | index definition | read/query | reference | security-rule | write","7","firestore.indexes.json | firestore.rules | functions/src/constants/database.ts | functions/src/decisionBlocksScoring.ts | scripts/verification/test-menu-intelligence-transaction-emulator.ts | scripts/verification/verify-decision-intelligence-boundary.js | src/constants/database.ts","firestore.indexes.json:3153 | firestore.indexes.json:3184 | firestore.indexes.json:3189 | firestore.indexes.json:3194 | firestore.indexes.json:3199 | firestore.indexes.json:3204 | firestore.indexes.json:3209 | firestore.rules:867 | functions/src/decisionBlocksScoring.ts:977 | scripts/verification/test-menu-intelligence-transaction-emulator.ts:12 | scripts/verification/test-menu-intelligence-transaction-emulator.ts:14 | scripts/verification/test-menu-intelligence-transaction-emulator.ts:46 | scripts/verification/test-menu-intelligence-transaction-emulator.ts:50 | scripts/verification/test-menu-intelligence-transaction-emulator.ts:65 | scripts/verification/test-menu-intelligence-transaction-emulator.ts:74 | scripts/verification/verify-decision-intelligence-boundary.js:132 | src/constants/database.ts:0 | functions/src/constants/database.ts:0","5784a7e8c002fbd51c2de9f4b124b06ace652aae40ae1c2b7b99e8dddb0b93a5","4","firestore.indexes.json | firestore.rules | src/constants/database.ts","in-progress","MenuList tenant/store/project private derived projection; Admin scheduler writer, strict Admin reader and separately authorized platform-only diagnostics; no owner/staff/public app reader","rule path observed; authenticated platform-only direct read, every client write denied; emulator verified locally","Exact document access only; six high-cardinality map/audit fields have explicit single-field index exemptions, validUntil is an unindexed TTL field, and no composite index is required","AUDIT-CMI-ITEM-ID-PROTOTYPE-001 | AUDIT-CMI-PRIVATE-READ-001 | AUDIT-CMI-PERSISTED-SHAPE-001 | AUDIT-CMI-READ-COMPUTE-WRITE-RACE-001 | AUDIT-CMI-COMPACT-ANALYTICS-TRUST-001 | AUDIT-CMI-PROJECTOR-INVARIANTS-001 | AUDIT-CMI-DATE-REGRESSION-001 | AUDIT-CMI-DIRECT-STATE-TRUST-001 | AUDIT-CMI-IDENTITY-VALIDATION-ORDER-001 | AUDIT-CMI-RANK-TIE-DETERMINISM-001 | AUDIT-CMI-PERSISTED-CROSS-FIELD-INVARIANTS-001 | AUDIT-CMI-FALSE-CONSTRAINT-CONTRACT-001 | AUDIT-CMI-PROJECTION-USE-BYPASS-001 | AUDIT-CMI-DIRECT-INPUT-TRUST-001 | AUDIT-CMI-DISCRIMINATOR-COERCION-001 | AUDIT-CMI-TTL-CONFIG-001 | AUDIT-SCHEDULER-PARTIAL-FAILURE-STATUS-001"
"menuItemState","MenuList/shared","COLLECTION | DB_COLLECTIONS.MENU_ITEM_STATE | FUNCTIONS_DB_COLLECTIONS.MENU_ITEM_STATE","constant definition | reference","4","functions/src/analytics/menuDriftMetrics.ts | functions/src/constants/database.ts | scripts/verification/test-menu-drift-metrics-replacement-emulator.ts | src/constants/database.ts","functions/src/analytics/menuDriftMetrics.ts:252 | scripts/verification/test-menu-drift-metrics-replacement-emulator.ts:16 | scripts/verification/test-menu-drift-metrics-replacement-emulator.ts:38 | src/constants/database.ts:0 | functions/src/constants/database.ts:0","969bc271954a408463d3239701a84e4eddd594e2e3db37eb842f7a55bd2edcb7","3","src/constants/database.ts","in-progress","MenuList tenant/store/project private rolling-window derived metrics; Admin scheduler is the sole writer and no browser, owner, staff or public reader is certified","No explicit client rule path; root default deny applies to all client reads and writes. Admin scheduler access is server-side only","Per-project metrics subcollections use document-ID ordered exact pagination and direct document replacement/delete; no composite index is required","AUDIT-MOL-DERIVED-METRIC-MERGE-001 | AUDIT-MOL-DUPLICATE-TYPE-DRIFT-001 | AUDIT-MENU-DRIFT-ROLLING-WINDOW-DURATION-001"
"menuLinkImportArtifacts","MenuList/shared","DB_COLLECTIONS.MENU_LINK_IMPORT_ARTIFACTS | FUNCTIONS_DB_COLLECTIONS.MENU_LINK_IMPORT_ARTIFACTS","constant definition | read/query | reference","6","functions/src/constants/database.ts | functions/src/schedulers/menuJobCleanup.ts | scripts/verification/test-menu-extraction-job-concurrency-emulator.ts | scripts/verification/verify-menu-extraction-pipeline.js | src/app/api/menu-link-imports/route.ts | src/constants/database.ts","functions/src/schedulers/menuJobCleanup.ts:279 | scripts/verification/test-menu-extraction-job-concurrency-emulator.ts:16 | scripts/verification/verify-menu-extraction-pipeline.js:4126 | src/app/api/menu-link-imports/route.ts:230 | src/constants/database.ts:0 | functions/src/constants/database.ts:0","f49c598ff2e4f53131501c8208528098b90aca4faf35da63566ef6488430db7a","2","functions/src/schedulers/menuJobCleanup.ts | scripts/verification/test-menu-extraction-job-concurrency-emulator.ts | scripts/verification/verify-menu-extraction-pipeline.js | src/constants/database.ts","in-progress","MenuList tenant/store/project/owner-private source-acquisition metadata. The authenticated Node route derives exact session scope, current extraction permission and project truth, writes one private Storage source, and atomically creates the active extraction job plus its artifact sidecar. Concurrent losers must confirm Storage deletion or persist the same validated artifact as a cleanup record. The consolidated Admin maintenance scheduler scans at most 100 rows older than seven days, batch-loads their jobs and deletes only exact artifact/job/tenant/store/project/owner-bound source paths before metadata. No browser rule, public DTO, cache, Redux, SWR or local-storage consumer receives the collection.","No explicit browser allow exists, so root default deny blocks client reads and writes. The authenticated app route and Cloud Functions maintenance use Admin SDK authority but independently derive/validate exact tenant, store, project, owner, artifact, job and Storage bindings. The large route is completely reviewed; the aggregate maintenance scheduler and source verifier remain conservatively in-progress, so the collection is not marked fully reviewed.","Primary artifact/job creation is one transaction through the project-wide active-job claim. Retention queries createdAt less than the seven-day cutoff with a 100-row limit and uses the automatic single-field index; no composite index or public cache invalidation applies. Storage deletion precedes metadata deletion, and failed immediate pre-job cleanup creates a durable metadata row so later retention can discover the otherwise jobless exact artifact.","AUDIT-MENU-LINK-ARTIFACT-RETENTION-001 | AUDIT-MENU-LINK-LOSER-STORAGE-RETENTION-001"
"MENULIST_AI_OPERATIONS","MenuList/shared","DB_COLLECTIONS.MENULIST_AI_EXTRACTION_OPERATIONS | FUNCTIONS_DB_COLLECTIONS.MENULIST_AI_EXTRACTION_OPERATIONS","constant definition | index definition | reference | security-rule","10","firestore.indexes.json | firestore.rules | functions/src/constants/ai.ts | functions/src/constants/database.ts | functions/src/schedulers/menulistMaintenanceScheduler.ts | scripts/verification/verify-agent-readiness.js | scripts/verification/verify-platform-cost-posture-boundary.js | src/app/api/platform/cost-posture/route.ts | src/constants/database.ts | src/database/ops/extraction.ts","firestore.indexes.json:1836 | firestore.rules:1118 | functions/src/constants/ai.ts:95 | functions/src/schedulers/menulistMaintenanceScheduler.ts:988 | scripts/verification/verify-agent-readiness.js:1993 | scripts/verification/verify-platform-cost-posture-boundary.js:84 | src/app/api/platform/cost-posture/route.ts:267 | src/app/api/platform/cost-posture/route.ts:459 | src/database/ops/extraction.ts:663 | src/database/ops/extraction.ts:660 | src/database/ops/extraction.ts:663 | src/constants/database.ts:0 | functions/src/constants/database.ts:0","d254936367d6d1461ca55e06353f3bb7d4643d216cee79fb039e3f217786d5d1","1","firestore.indexes.json | firestore.rules | functions/src/constants/ai.ts | functions/src/schedulers/menulistMaintenanceScheduler.ts | scripts/verification/verify-agent-readiness.js | scripts/verification/verify-platform-cost-posture-boundary.js | src/app/api/platform/cost-posture/route.ts | src/constants/database.ts | src/database/ops/extraction.ts","inventory-only","","rule path observed","",""
"menulistAiOperations","MenuList/shared","DB_COLLECTIONS.MENULIST_AI_OPERATIONS | FUNCTIONS_DB_COLLECTIONS.MENULIST_AI_OPERATIONS","constant definition | read/query | reference | security-rule | write","11","firestore.rules | functions/src/constants/database.ts | functions/src/logic/processMenuImages.ts | functions/src/schedulers/menulistMaintenanceScheduler.ts | scripts/verification/test-ai-capacity-reservation-emulator.ts | scripts/verification/test-ai-operation-log-scope-boundary.ts | scripts/verification/verify-ai-accounting-hardening.js | src/app/api/ai-operations/route.ts | src/constants/database.ts | src/lib/ai/capacityCheck.ts | src/lib/ai/operationLog.ts","firestore.rules:1123 | functions/src/logic/processMenuImages.ts:749 | functions/src/schedulers/menulistMaintenanceScheduler.ts:1003 | scripts/verification/test-ai-capacity-reservation-emulator.ts:25 | scripts/verification/test-ai-capacity-reservation-emulator.ts:29 | scripts/verification/test-ai-capacity-reservation-emulator.ts:288 | scripts/verification/test-ai-operation-log-scope-boundary.ts:13 | scripts/verification/test-ai-operation-log-scope-boundary.ts:26 | scripts/verification/verify-ai-accounting-hardening.js:3774 | src/app/api/ai-operations/route.ts:197 | src/app/api/ai-operations/route.ts:361 | src/lib/ai/capacityCheck.ts:251 | src/lib/ai/capacityCheck.ts:430 | src/lib/ai/operationLog.ts:56 | src/lib/ai/operationLog.ts:129 | src/constants/database.ts:0 | functions/src/constants/database.ts:0","a019125afca228e7d87b466cfb14be098f9be1a96d1f6bbd27aa53c0a64f7e8b","7","firestore.rules | functions/src/schedulers/menulistMaintenanceScheduler.ts | scripts/verification/verify-ai-accounting-hardening.js | src/constants/database.ts","in-progress","MenuList-only tenant/store-scoped server/Admin AI operation ledger. Paid routes reserve exact safe-integer credits before provider work, settle the same deterministic operation shell after valid output, or refund the evidenced buckets once. Interactive shells use bounded maintenance recovery; durable batch shells remain retry-owned. Free owner extraction mirrors only authenticated project uploads/link imports with exact tenant/store/user scope and preserved source identities. The protected history route revalidates current billing permission and returns explicit owner/platform allowlists.","Current exact MenuList tenant/store members reach the ledger only through the protected server projection; Firestore rules reserve full rows for platform reads and deny every browser write. Server/Admin writers use canonical tenant/store subcollection paths and exact session/persisted scope projection.","Owner history uses bounded createdOn ordering with action/date filtering and persisted-cursor corroboration. Pending reservation shells use the reviewed reservationRecoveryAt collection-group index and bounded per-store recovery; refunded shells retain replay evidence for fourteen days before reviewed maintenance deletion. No unbounded reader remains in the complete 11-file evidence set.","AUDIT-AI-CAPACITY-RESERVATION-RACE-001 | AUDIT-IMAGE-BATCH-DURABLE-RESERVATION-001 | AUDIT-AI-RESERVATION-RECOVERY-ISOLATION-001 | AUDIT-AI-OPERATIONS-RESPONSE-IDENTITY-001 | AUDIT-AI-OPERATIONS-BILLING-PERMISSION-001 | AUDIT-AI-CAPACITY-SUBSCRIPTION-SCOPE-ALIAS-001 | AUDIT-AI-CREDIT-SCALAR-001 | AUDIT-AI-ACCOUNTING-REPLAY-SCALAR-001 | AUDIT-AI-OPERATION-LOG-SCALAR-001 | AUDIT-AI-OPERATION-PRODUCT-SCOPE-001 | AUDIT-AI-OPERATION-SESSION-SCOPE-001 | AUDIT-AI-OPERATION-RESPONSE-SUMMARY-ALLOWLIST-001 | AUDIT-AI-OPERATION-DOCUMENT-ALLOWLIST-001 | AUDIT-MENU-EXTRACTION-BATCH-SOURCE-INDEX-001"
"menuSnapshots","MenuList/shared","DB_COLLECTIONS.MENU_SNAPSHOTS | FUNCTIONS_DB_COLLECTIONS.MENU_SNAPSHOTS","constant definition | delete | read/query | reference | security-rule | write","7","firestore.rules | functions/src/constants/database.ts | functions/src/schedulers/menulistMaintenanceScheduler.ts | scripts/verification/test-menu-change-log-rules.ts | scripts/verification/test-menu-snapshot-retention-emulator.ts | src/constants/database.ts | src/database/projects/index.ts","firestore.rules:1253 | functions/src/schedulers/menulistMaintenanceScheduler.ts:1655 | scripts/verification/test-menu-change-log-rules.ts:104 | scripts/verification/test-menu-change-log-rules.ts:105 | scripts/verification/test-menu-change-log-rules.ts:106 | scripts/verification/test-menu-change-log-rules.ts:397 | scripts/verification/test-menu-change-log-rules.ts:399 | scripts/verification/test-menu-change-log-rules.ts:400 | scripts/verification/test-menu-change-log-rules.ts:401 | scripts/verification/test-menu-change-log-rules.ts:402 | scripts/verification/test-menu-change-log-rules.ts:403 | scripts/verification/test-menu-change-log-rules.ts:404 | scripts/verification/test-menu-change-log-rules.ts:405 | scripts/verification/test-menu-change-log-rules.ts:408 | scripts/verification/test-menu-change-log-rules.ts:412 | scripts/verification/test-menu-change-log-rules.ts:416 | scripts/verification/test-menu-change-log-rules.ts:420 | scripts/verification/test-menu-change-log-rules.ts:426 | scripts/verification/test-menu-change-log-rules.ts:430 | scripts/verification/test-menu-change-log-rules.ts:434 | scripts/verification/test-menu-change-log-rules.ts:438 | scripts/verification/test-menu-change-log-rules.ts:442 | scripts/verification/test-menu-change-log-rules.ts:446 | scripts/verification/test-menu-snapshot-retention-emulator.ts:26 | scripts/verification/test-menu-snapshot-retention-emulator.ts:26 | src/database/projects/index.ts:590 | src/constants/database.ts:0 | functions/src/constants/database.ts:0","cb4f35df8679ccc5634b296df473e2d1d04e661f67942db30ec801c3a5126a7e","4","firestore.rules | functions/src/schedulers/menulistMaintenanceScheduler.ts | src/constants/database.ts","in-progress","MenuList tenant/store/project private immutable publish-time proof snapshot; owner/manager exact-scope browser writer, assigned-store/platform private reader and leased Admin expiry cleanup","Exact tenant/store membership, write role, existing project, bounded count-consistent shape, Firestore request-time creation, exact 90-day marker and bounded expiry; client update/delete denied; emulator verified locally","Direct private reads plus per-store automatic expiresAt range cleanup; dynamic store collection names preclude one collection-group TTL policy and require no composite index","AUDIT-MCL-RULES-002 | AUDIT-MENU-SNAPSHOT-RETENTION-AUTHORITY-001 | AUDIT-MENU-SNAPSHOT-LEGACY-RETENTION-001"
"messageLogs","MenuList/shared","DB_COLLECTIONS.MESSAGE_LOGS | FUNCTIONS_DB_COLLECTIONS.MESSAGE_LOGS | MESSAGE_LOGS","constant definition | index definition | read/query | reference | security-rule | transaction/batch | write","11","firestore.indexes.json | firestore.rules | functions/src/analytics/stalenessCheck.ts | functions/src/constants/database.ts | functions/src/messaging/messagingEngine.ts | functions/src/schedulers/menulistMaintenanceScheduler.ts | scripts/verification/test-functions-analytics-persistence.ts | scripts/verification/verify-functions-analytics-persistence.js | scripts/verification/verify-owner-notifications-boundary.js | src/constants/database.ts | src/lib/messaging/index.ts","firestore.indexes.json:1251 | firestore.indexes.json:1273 | firestore.indexes.json:1421 | firestore.rules:1180 | functions/src/analytics/stalenessCheck.ts:109 | functions/src/analytics/stalenessCheck.ts:111 | functions/src/messaging/messagingEngine.ts:148 | functions/src/messaging/messagingEngine.ts:200 | functions/src/messaging/messagingEngine.ts:228 | functions/src/messaging/messagingEngine.ts:312 | functions/src/messaging/messagingEngine.ts:644 | functions/src/messaging/messagingEngine.ts:717 | functions/src/messaging/messagingEngine.ts:723 | functions/src/schedulers/menulistMaintenanceScheduler.ts:1694 | scripts/verification/test-functions-analytics-persistence.ts:303 | scripts/verification/test-functions-analytics-persistence.ts:303 | scripts/verification/test-functions-analytics-persistence.ts:317 | scripts/verification/test-functions-analytics-persistence.ts:317 | scripts/verification/test-functions-analytics-persistence.ts:331 | scripts/verification/test-functions-analytics-persistence.ts:331 | scripts/verification/verify-functions-analytics-persistence.js:116 | scripts/verification/verify-owner-notifications-boundary.js:625 | scripts/verification/verify-owner-notifications-boundary.js:697 | src/lib/messaging/index.ts:38 | src/lib/messaging/index.ts:88 | src/lib/messaging/index.ts:206 | src/lib/messaging/index.ts:230 | src/lib/messaging/index.ts:430 | src/constants/database.ts:0 | functions/src/constants/database.ts:0","e2f1c701d3667008adcee3abcbd40948a285a46e459a410d930e7af1c9236540","3","firestore.indexes.json | firestore.rules | functions/src/analytics/stalenessCheck.ts | functions/src/messaging/messagingEngine.ts | functions/src/schedulers/menulistMaintenanceScheduler.ts | scripts/verification/test-functions-analytics-persistence.ts | scripts/verification/verify-owner-notifications-boundary.js | src/constants/database.ts","inventory-only","","rule path observed","",""
"messagingOnboardingEvents","MenuList/shared","DB_COLLECTIONS.MESSAGING_ONBOARDING_EVENTS | FUNCTIONS_DB_COLLECTIONS.MESSAGING_ONBOARDING_EVENTS","constant definition | index definition | read/query | reference | security-rule","11","firestore.indexes.json | firestore.rules | functions/src/constants/database.ts | functions/src/messagingOnboarding/eventLogger.ts | functions/src/messagingOnboarding/healthMonitor.ts | src/app/api/msg-preview/[sessionId]/approve/route.ts | src/app/api/msg-preview/[sessionId]/fix/route.ts | src/app/api/msg-preview/[sessionId]/route.ts | src/app/api/ops/messaging-onboarding/route.ts | src/constants/database.ts | src/lib/messaging-onboarding/publish.ts","firestore.indexes.json:1223 | firestore.indexes.json:1237 | firestore.rules:700 | functions/src/messagingOnboarding/eventLogger.ts:219 | functions/src/messagingOnboarding/eventLogger.ts:237 | functions/src/messagingOnboarding/healthMonitor.ts:274 | src/app/api/msg-preview/[sessionId]/approve/route.ts:164 | src/app/api/msg-preview/[sessionId]/approve/route.ts:348 | src/app/api/msg-preview/[sessionId]/fix/route.ts:152 | src/app/api/msg-preview/[sessionId]/route.ts:178 | src/app/api/ops/messaging-onboarding/route.ts:192 | src/app/api/ops/messaging-onboarding/route.ts:204 | src/lib/messaging-onboarding/publish.ts:515 | src/constants/database.ts:0 | functions/src/constants/database.ts:0","144c89c9df2524c49c9ea926d8f5c362d192b517d89a9beceb65909408d94211","6","firestore.indexes.json | firestore.rules | functions/src/messagingOnboarding/eventLogger.ts | src/constants/database.ts | src/lib/messaging-onboarding/publish.ts","inventory-only","","rule path observed","",""
"messagingOnboardingInboundMessages","MenuList/shared","DB_COLLECTIONS.MESSAGING_ONBOARDING_INBOUND_MESSAGES | FUNCTIONS_DB_COLLECTIONS.MESSAGING_ONBOARDING_INBOUND_MESSAGES","constant definition | index definition | read/query | reference | security-rule","9","firestore.indexes.json | firestore.rules | functions/src/constants/database.ts | functions/src/messagingOnboarding/inboundQueue.ts | functions/src/schedulers/messagingSessionCleanup.ts | scripts/verification/test-messaging-inbound-queue-emulator.ts | scripts/verification/test-messaging-session-cleanup-emulator.ts | src/app/api/ops/messaging-onboarding/route.ts | src/constants/database.ts","firestore.indexes.json:1195 | firestore.indexes.json:1209 | firestore.rules:692 | functions/src/messagingOnboarding/inboundQueue.ts:27 | functions/src/schedulers/messagingSessionCleanup.ts:37 | scripts/verification/test-messaging-inbound-queue-emulator.ts:19 | scripts/verification/test-messaging-session-cleanup-emulator.ts:13 | src/app/api/ops/messaging-onboarding/route.ts:117 | src/constants/database.ts:0 | functions/src/constants/database.ts:0","1a613c06cf5177cff408c626e96cced28419488d3932d597ac03f798bbd125e7","5","firestore.indexes.json | firestore.rules | scripts/verification/test-messaging-inbound-queue-emulator.ts | src/constants/database.ts","in-progress","MenuList server-only durable provider-webhook queue keyed by SHA-256(provider:providerMessageId). WhatsApp/Telegram adapters authenticate and normalize every inbound row before atomic create/BulkWriter create. Persisted projection revalidates exact ID, bounded provider/user/display/media/text fields, status/attempt/timestamp coherence and 30-day expiry before one token-fenced claim. Session handling checkpoints the bounded deterministic reply before provider delivery; completion/retry/stale recovery remain processing-token fenced. The platform-only ops route exposes aggregate status counts only. No browser, tenant/public DTO, cache, Redux, SWR or local-storage consumer reads queue content.","The exact rule denies every browser read and write; Cloud Functions/Admin code owns create, claim, checkpoint, retry, completion and cleanup. Provider identity is derived from authenticated webhook adapters rather than tenant headers. Relevant rule and Admin/client emulator behavior are reconciled, but the complete shared rules file lacks a whole-file review fingerprint.","Two composites exactly support pending due-work ordering by nextAttemptAt and bounded stale PROCESSING recovery by processingStartedAt. Intake drains two rows per two-minute run; helper default is 20 and stale reset is capped at 20. Queue docs carry 30-day expiresAt for TTL and the daily scheduler precondition-deletes at most 100 non-PROCESSING expired rows as fallback. Expiry/session/upload/inbound cleanup now continues while the feature is disabled; only reminder sending stays gated. The complete shared index file and large scheduler context remain conservative blockers.","AUDIT-MESSAGING-CLEANUP-FEATURE-GATE-001"
"messagingOnboardingRateLimits","MenuList/shared","DB_COLLECTIONS.MESSAGING_ONBOARDING_RATE_LIMITS | FUNCTIONS_DB_COLLECTIONS.MESSAGING_ONBOARDING_RATE_LIMITS","constant definition | reference | security-rule","7","firestore.rules | functions/src/constants/database.ts | functions/src/messagingOnboarding/extractionLifecycle.ts | functions/src/messagingOnboarding/sessionEngine.ts | scripts/verification/test-messaging-extraction-lifecycle-emulator.ts | scripts/verification/test-messaging-session-concurrency-emulator.ts | src/constants/database.ts","firestore.rules:696 | functions/src/messagingOnboarding/extractionLifecycle.ts:28 | functions/src/messagingOnboarding/sessionEngine.ts:49 | scripts/verification/test-messaging-extraction-lifecycle-emulator.ts:31 | scripts/verification/test-messaging-session-concurrency-emulator.ts:27 | src/constants/database.ts:0 | functions/src/constants/database.ts:0","e80fa19cf510009cfab3d8b5a0d53b8699c1470f0cad9962c99ef4f7fbb83beb","1","firestore.rules | functions/src/messagingOnboarding/extractionLifecycle.ts | functions/src/messagingOnboarding/sessionEngine.ts | scripts/verification/test-messaging-extraction-lifecycle-emulator.ts | scripts/verification/test-messaging-session-concurrency-emulator.ts | src/constants/database.ts","in-progress","MenuList provider/user-private abuse-control state at messagingOnboardingRateLimits/{sha256(provider:userId)}. Session admission owns exact daily/weekly/cooldown and active-session settlement; extraction enqueue atomically consumes weekly processing quota; invalid-upload settlement atomically applies cooldown. Every admitted mutation refreshes a 90-day expiry. No raw provider identity, tenant/store selector, browser/public DTO, cache, Redux, SWR, local-storage, billing, queue or webhook payload consumer can address the row.","The explicit Firestore rule denies every browser read and write. Current producers/consumers use MenuList Functions Admin SDK and derive the opaque deterministic key from normalized provider runtime identity. Existing rows must match their exact hash and bounded counter/timestamp shapes before use; malformed truth fails closed. The shared ruleset and large runtime modules retain conservative partial current review evidence.","All runtime access is one deterministic point read inside the owning transaction or one diagnostic precheck; no composite index applies. The guarded MenuList TTL setup includes expiresAt and removes rows after 90 inactive days, longer than every enforced daily/weekly/48-hour/session window. Functions QA deployment is authentication-blocked and TTL policy inspection/application is gcloud-blocked, so remote retention remains unverified.","AUDIT-MESSAGING-RATE-LIMIT-RETENTION-001"
"messagingOnboardingSessions","MenuList/shared","DB_COLLECTIONS.MESSAGING_ONBOARDING_SESSIONS | FUNCTIONS_DB_COLLECTIONS.MESSAGING_ONBOARDING_SESSIONS","constant definition | index definition | read/query | reference | security-rule | transaction/batch","26","firestore.indexes.json | firestore.rules | functions/src/constants/database.ts | functions/src/messagingOnboarding/extractionLifecycle.ts | functions/src/messagingOnboarding/extractionWatcher.ts | functions/src/messagingOnboarding/healthMonitor.ts | functions/src/messagingOnboarding/intakeProcessor.ts | functions/src/messagingOnboarding/messageDeliveryLease.ts | functions/src/messagingOnboarding/reminderLease.ts | functions/src/messagingOnboarding/sessionEngine.ts | functions/src/messagingOnboarding/uploadCleanup.ts | functions/src/schedulers/messagingSessionCleanup.ts | scripts/verification/test-messaging-extraction-lifecycle-emulator.ts | scripts/verification/test-messaging-fix-request-emulator.ts | scripts/verification/test-messaging-inbound-queue-emulator.ts | scripts/verification/test-messaging-reminder-lease-emulator.ts | scripts/verification/test-messaging-replacement-upload-lifecycle-emulator.ts | scripts/verification/test-messaging-session-cleanup-emulator.ts | scripts/verification/test-messaging-session-concurrency-emulator.ts | src/app/api/msg-preview/[sessionId]/approve/route.ts | src/app/api/msg-preview/[sessionId]/route.ts | src/app/api/ops/messaging-onboarding/route.ts | src/constants/database.ts | src/lib/messaging-onboarding/fixRequestTransaction.ts | src/lib/messaging-onboarding/publish.ts | src/lib/messaging-onboarding/uploadCleanup.ts","firestore.indexes.json:1075 | firestore.indexes.json:1093 | firestore.indexes.json:1107 | firestore.indexes.json:1121 | firestore.indexes.json:1139 | firestore.indexes.json:1153 | firestore.indexes.json:1167 | firestore.indexes.json:1181 | firestore.rules:688 | functions/src/messagingOnboarding/extractionLifecycle.ts:27 | functions/src/messagingOnboarding/extractionWatcher.ts:43 | functions/src/messagingOnboarding/healthMonitor.ts:269 | functions/src/messagingOnboarding/healthMonitor.ts:280 | functions/src/messagingOnboarding/intakeProcessor.ts:51 | functions/src/messagingOnboarding/messageDeliveryLease.ts:65 | functions/src/messagingOnboarding/reminderLease.ts:28 | functions/src/messagingOnboarding/reminderLease.ts:67 | functions/src/messagingOnboarding/reminderLease.ts:97 | functions/src/messagingOnboarding/sessionEngine.ts:48 | functions/src/messagingOnboarding/uploadCleanup.ts:8 | functions/src/schedulers/messagingSessionCleanup.ts:36 | scripts/verification/test-messaging-extraction-lifecycle-emulator.ts:29 | scripts/verification/test-messaging-fix-request-emulator.ts:14 | scripts/verification/test-messaging-inbound-queue-emulator.ts:292 | scripts/verification/test-messaging-reminder-lease-emulator.ts:14 | scripts/verification/test-messaging-replacement-upload-lifecycle-emulator.ts:20 | scripts/verification/test-messaging-session-cleanup-emulator.ts:12 | scripts/verification/test-messaging-session-concurrency-emulator.ts:26 | src/app/api/msg-preview/[sessionId]/approve/route.ts:239 | src/app/api/msg-preview/[sessionId]/route.ts:107 | src/app/api/ops/messaging-onboarding/route.ts:135 | src/app/api/ops/messaging-onboarding/route.ts:227 | src/lib/messaging-onboarding/fixRequestTransaction.ts:180 | src/lib/messaging-onboarding/publish.ts:230 | src/lib/messaging-onboarding/uploadCleanup.ts:71 | src/constants/database.ts:0 | functions/src/constants/database.ts:0","b3b84f2f3f413d7cf49bd1531dd8ece51dbe8232bf050d50ea3661217401acd2","9","firestore.indexes.json | firestore.rules | functions/src/messagingOnboarding/extractionLifecycle.ts | functions/src/messagingOnboarding/extractionWatcher.ts | functions/src/messagingOnboarding/intakeProcessor.ts | functions/src/messagingOnboarding/messageDeliveryLease.ts | functions/src/messagingOnboarding/reminderLease.ts | functions/src/messagingOnboarding/sessionEngine.ts | functions/src/messagingOnboarding/uploadCleanup.ts | scripts/verification/test-messaging-extraction-lifecycle-emulator.ts | scripts/verification/test-messaging-inbound-queue-emulator.ts | scripts/verification/test-messaging-reminder-lease-emulator.ts | scripts/verification/test-messaging-replacement-upload-lifecycle-emulator.ts | scripts/verification/test-messaging-session-concurrency-emulator.ts | src/constants/database.ts | src/lib/messaging-onboarding/publish.ts | src/lib/messaging-onboarding/uploadCleanup.ts","inventory-only","","rule path observed","",""
"metrics","MenuList/shared","DB_COLLECTIONS.METRICS | FUNCTIONS_DB_COLLECTIONS.METRICS","constant definition | delete | transaction/batch","3","functions/src/analytics/menuDriftMetrics.ts | functions/src/constants/database.ts | scripts/verification/test-menu-drift-metrics-replacement-emulator.ts","functions/src/analytics/menuDriftMetrics.ts:256 | scripts/verification/test-menu-drift-metrics-replacement-emulator.ts:42 | scripts/verification/test-menu-drift-metrics-replacement-emulator.ts:42 | functions/src/constants/database.ts:0","c68bd848b73798d15483b85bfa098b6c98d2474a2b5b1303f032973b4f0dd21d","3","","in-progress","MenuList Admin-only derived menu-drift cache nested at menuItemState/{tenantId}/{storeId}/{projectId}/metrics/{itemId}. The platform-daily scheduler derives exact 30-day price/availability contributions only from the same tenant/store ledger and active document-path projects, exact-replaces admitted item rows, deletes aged-out rows and reports partial failures","No client rule path covers menuItemState or its metrics descendants, so root default deny blocks browser reads and writes. Only the consolidated MenuList Functions scheduler and focused Admin emulator access the collection","Derived-row cleanup pages by document ID with a 500-row page and 10,000-row project cap; automatic document-name ordering suffices. Source menuChangeLog timestamp/document ordering is separately indexed. Writes batch at 400 and no TTL policy is required because each successful run deletes aged-out rows","AUDIT-MOL-DERIVED-METRIC-MERGE-001 | AUDIT-MOL-EVENT-TIME-AUTHORITY-001 | AUDIT-MENU-DRIFT-ROLLING-WINDOW-DURATION-001 | AUDIT-MENU-DRIFT-RESERVED-DOCUMENT-ID-001"
"negativeFeedbackAlerts","MenuList/shared","FUNCTIONS_DB_COLLECTIONS.NEGATIVE_FEEDBACK_ALERTS","constant definition | security-rule","2","firestore.rules | functions/src/constants/database.ts","firestore.rules:1176 | functions/src/constants/database.ts:0","0361a19dfdd70a0e7f592a4d69732972563da6519554d3a671de36954a7fd4c2","1","firestore.rules","in-progress","Retired MenuList global server-only compatibility collection. No current first-party producer, reader, updater, deleter, queue, webhook, cache, Redux, SWR, local-storage or public-output consumer exists. The former unexported pre-separation trigger was removed in restart 903; current support feedback, escalation and notification truth belongs to the dedicated Answerlattice runtime.","The explicit /negativeFeedbackAlerts/{docId} match denies all browser reads, queries and writes. The root default deny provides the same fallback. No Admin SDK writer remains; historical rows, if any, are contained and inaccessible to owner, platform or public clients.","No current query or write exists, so no composite, single-field override, TTL or cache invalidation contract applies. Historical retention remains unchanged because no verified product/legal retention authority permits deletion during this audit.","AUDIT-RETIRED-NEGATIVE-FEEDBACK-TRIGGER-001"
"notes","MenuList/shared","DB_COLLECTIONS.NOTES","constant definition | delete | read/query | security-rule | write","3","firestore.rules | scripts/verification/test-tenant-store-scoped-rules.ts | src/constants/database.ts","firestore.rules:727 | scripts/verification/test-tenant-store-scoped-rules.ts:13 | scripts/verification/test-tenant-store-scoped-rules.ts:249 | scripts/verification/test-tenant-store-scoped-rules.ts:252 | scripts/verification/test-tenant-store-scoped-rules.ts:255 | src/constants/database.ts:0","8170044240887072dcb21c6519bf64641af23834908f75468d80d0095049efc7","1","firestore.rules | src/constants/database.ts","in-progress","Retired MenuList tenant/store-private compatibility collection at notes/{tId}/{sId}/{docId}. No current first-party producer, updater, deleter, list/detail reader, UI, hook, reducer, cache, queue, webhook or public-output consumer exists after restart 905 removed the orphan DAL. Historical rows remain scoped-readable for recovery only.","Authenticated clients may read only when both tenant and store claims match the path. All browser create, update and delete operations are denied. The tenant/store emulator proves own-store read compatibility, mapped-store isolation, foreign-tenant denial and owner create/update/delete refusal.","No active query remains and no composite index or TTL policy applies. The removed DAL's unbounded uId query is no longer executable. Historical retention is unchanged because no verified authority permits bulk deletion.","AUDIT-ORPHAN-GENERIC-NOTES-PERSISTENCE-001"
"notesMetadata","MenuList/shared","DB_COLLECTIONS.NOTES_METADATA","constant definition | delete | read/query | security-rule | write","3","firestore.rules | scripts/verification/test-tenant-store-scoped-rules.ts | src/constants/database.ts","firestore.rules:737 | scripts/verification/test-tenant-store-scoped-rules.ts:13 | scripts/verification/test-tenant-store-scoped-rules.ts:256 | scripts/verification/test-tenant-store-scoped-rules.ts:259 | scripts/verification/test-tenant-store-scoped-rules.ts:262 | src/constants/database.ts:0","40bcbf1352eb4c56e8116e41dfae3b597282c9bc29ac0ac24519cbd8a9df657f","1","firestore.rules | src/constants/database.ts","in-progress","Retired MenuList tenant/store-private compatibility configuration at notesMetadata/data/{tId}/{sId}. No current first-party producer or consumer exists after removal of the orphan generic Notes DAL. Historical category/tag rows remain scoped-readable for recovery and are not active application configuration.","Authenticated clients may read only when both tenant and store claims match the path. All browser create, update and delete operations are denied. The tenant/store emulator proves scoped reads and owner write/delete refusal.","Access was one exact document and required no index; no active access now exists. No cache, Redux, SWR, local-storage, TTL or public-output contract applies.","AUDIT-ORPHAN-GENERIC-NOTES-PERSISTENCE-001"
"notificationLogs","MenuList/shared","NOTIFICATION_LOGS","index definition | read/query | reference | transaction/batch | write","2","firestore.indexes.json | src/lib/notifications/index.ts","firestore.indexes.json:2988 | firestore.indexes.json:3012 | firestore.indexes.json:3023 | src/lib/notifications/index.ts:51 | src/lib/notifications/index.ts:50 | src/lib/notifications/index.ts:51 | src/lib/notifications/index.ts:104 | src/lib/notifications/index.ts:124","2322b1d8183e725843d1eb4faa093f31150d91759c8efe10df78376709426d66","1","firestore.indexes.json","in-progress","Reserved MenuList/shared server-only fallback selected only when the generic notification sender is explicitly called with a non-Answerlattice product. Current first-party ticket and notification-test callers select the separate answerlattice_notificationLogs collection, while owner notifications use their own event/delivery ledgers. If activated, the shared sender derives a deterministic event/reference document, transactionally claims one delivery lease, runs a product-and-recipient-partitioned 21-row daily query, sends after admission and finalizes only the matching claim.","No explicit browser rule path exists; root default deny blocks all client reads, queries and writes. The conditional fallback uses the trusted MenuList Admin SDK only. The complete sender review confirms no public DTO, browser DAL, cache, Redux, SWR or local-storage consumer exists.","The maintained productId/recipientEmail/status/createdAt composite exactly supports the fail-closed daily sent-count query with limit 21. Exact deterministic document transactions require no additional composite. Single-field eventType and recipientEmail overrides retain current queryability; no TTL or active cleanup policy applies to the dormant fallback, so activation must include a retention decision.","AUDIT-AL-NOTIFY-IDEMP-001 | AUDIT-ANSWERLATTICE-NOTIFICATION-RATE-PRODUCT-PARTITION-001 | AUDIT-COLLECTION-CATALOG-INDIRECT-TARGET-OPERATIONS-001"
"opportunities","CampaignCue","CAMPAIGNCUE_COLLECTIONS.OPPORTUNITIES","constant definition | security-rule","2","firestore-campaigncue.rules | src/constants/campaigncue/database.ts","firestore-campaigncue.rules:36 | src/constants/campaigncue/database.ts:0","3951ef034cdc7676f513e08c6b9734c8ee5a3d7bacbf43a7651aaeff072c7302","2","","reviewed","Reserved CampaignCue workspace opportunity identity only; no current producer, consumer, query, route, job or deployed document contract exists","Only active durable CampaignCue workspace members with exact CC/tenant/store scope may read future server-owned rows; every client write is denied","No active query, composite index or TTL policy exists or is justified","AUDIT-CAMPAIGNCUE-FIREBASE-RULES-001 | AUDIT-CC-CLIENT-WORKSPACE-MEMBERSHIP-001"
"ops_config","MenuList/shared","DB_COLLECTIONS.OPS_CONFIG | FUNCTIONS_DB_COLLECTIONS.OPS_CONFIG | OPS_CONFIG","cache/derived-state | constant definition | read/query | reference | security-rule | transaction/batch | write","18","firestore.rules | functions/src/constants/database.ts | functions/src/messaging/messagingEngine.ts | functions/src/monitoring/deployMute.ts | functions/src/monitoring/safeMode.ts | functions/src/ownerNotifications/processor.ts | scripts/verification/verify-menulist-api-tenant-safety.js | scripts/verification/verify-ops-control-room-boundary.js | scripts/verification/verify-platform-cost-posture-boundary.js | src/app/api/ops/mute-alerts/route.ts | src/app/api/ops/safe-mode/route.ts | src/app/api/platform/cost-posture/route.ts | src/constants/database.ts | src/database/ops/index.ts | src/lib/messaging/index.ts | src/lib/ops/alerts.ts | src/lib/ops/safeMode.ts | src/lib/search/searchCore.ts","firestore.rules:1157 | functions/src/messaging/messagingEngine.ts:179 | functions/src/monitoring/deployMute.ts:18 | functions/src/monitoring/safeMode.ts:21 | functions/src/ownerNotifications/processor.ts:114 | scripts/verification/verify-menulist-api-tenant-safety.js:2801 | scripts/verification/verify-ops-control-room-boundary.js:47 | scripts/verification/verify-ops-control-room-boundary.js:69 | scripts/verification/verify-ops-control-room-boundary.js:96 | scripts/verification/verify-ops-control-room-boundary.js:109 | scripts/verification/verify-platform-cost-posture-boundary.js:68 | src/app/api/ops/mute-alerts/route.ts:99 | src/app/api/ops/safe-mode/route.ts:106 | src/app/api/platform/cost-posture/route.ts:195 | src/database/ops/index.ts:86 | src/database/ops/index.ts:86 | src/lib/messaging/index.ts:39 | src/lib/messaging/index.ts:188 | src/lib/ops/alerts.ts:108 | src/lib/ops/safeMode.ts:42 | src/lib/search/searchCore.ts:677 | src/constants/database.ts:0 | functions/src/constants/database.ts:0","6b15ff3ba6ad7b53d135eeccd8ff50d7ddee1a55eb84dc64256f53979f950948","7","firestore.rules | functions/src/messaging/messagingEngine.ts | scripts/verification/verify-menulist-api-tenant-safety.js | scripts/verification/verify-ops-control-room-boundary.js | scripts/verification/verify-platform-cost-posture-boundary.js | src/app/api/ops/mute-alerts/route.ts | src/app/api/ops/safe-mode/route.ts | src/app/api/platform/cost-posture/route.ts | src/constants/database.ts | src/database/ops/index.ts | src/lib/search/searchCore.ts","inventory-only","","rule path observed","",""
"ownerBusinessAssistantAnswerEvents","MenuList/shared","DB_COLLECTIONS.OWNER_BUSINESS_ASSISTANT_ANSWER_EVENTS | FUNCTIONS_DB_COLLECTIONS.OWNER_BUSINESS_ASSISTANT_ANSWER_EVENTS","constant definition | read/query | reference | security-rule","10","firestore.rules | functions/src/constants/database.ts | functions/src/schedulers/menulistMaintenanceScheduler.ts | scripts/verification/verify-menulist-api-tenant-safety.js | scripts/verification/verify-owner-business-health-boundary.js | scripts/verification/verify-platform-cost-posture-boundary.js | src/app/api/platform/cost-posture/route.ts | src/app/api/platform/owner-business-assistant/monitor/route.ts | src/constants/database.ts | src/lib/ownerBusinessAssistant/server/answerEventLogger.ts","firestore.rules:1194 | functions/src/schedulers/menulistMaintenanceScheduler.ts:1941 | scripts/verification/verify-menulist-api-tenant-safety.js:7398 | scripts/verification/verify-menulist-api-tenant-safety.js:7409 | scripts/verification/verify-owner-business-health-boundary.js:275 | scripts/verification/verify-platform-cost-posture-boundary.js:85 | src/app/api/platform/cost-posture/route.ts:297 | src/app/api/platform/cost-posture/route.ts:466 | src/app/api/platform/owner-business-assistant/monitor/route.ts:271 | src/lib/ownerBusinessAssistant/server/answerEventLogger.ts:41 | src/constants/database.ts:0 | functions/src/constants/database.ts:0","abdea922850019cb09d2c71e61aec14e688e3a9b581f63d7bd7a8651f9459ee1","3","firestore.rules | functions/src/schedulers/menulistMaintenanceScheduler.ts | scripts/verification/verify-menulist-api-tenant-safety.js | scripts/verification/verify-owner-business-health-boundary.js | scripts/verification/verify-platform-cost-posture-boundary.js | src/app/api/platform/cost-posture/route.ts | src/constants/database.ts","in-progress","MenuList tenant/store/user-private Business Health answer telemetry. The protected answer route derives exact selected-store and actor scope, then the Admin logger writes one bounded event with a 90-day expiry after answer resolution. Platform-only monitoring and the daily maintenance scheduler are the only readers/deleters; no owner readback, public DTO, menu cache, Redux, SWR, local-storage, queue, webhook or billing consumer exists.","The explicit collection rule denies every browser read and write. Admin production follows protected answer-route scope and permission admission; platform monitoring independently requires current platform authority. Shared rules and large aggregate sources remain conservative whole-file review blockers.","Accepted logging adds one bounded event write. Platform monitoring uses a bounded newest-first createdAt query through the automatic single-field index. Daily retention always uses expiresAt <= now limit 50 regardless producer feature activation, also through an automatic single-field index; no new composite or TTL policy is required.","AUDIT-OBA-SESSION-ALIAS-001 | AUDIT-OBA-RETENTION-FEATURE-GATE-001"
"ownerBusinessAssistantFeedback","MenuList/shared","DB_COLLECTIONS.OWNER_BUSINESS_ASSISTANT_FEEDBACK | FUNCTIONS_DB_COLLECTIONS.OWNER_BUSINESS_ASSISTANT_FEEDBACK","constant definition | read/query | reference | security-rule","8","firestore.rules | functions/src/constants/database.ts | functions/src/schedulers/menulistMaintenanceScheduler.ts | scripts/verification/verify-menulist-api-tenant-safety.js | scripts/verification/verify-owner-business-health-boundary.js | src/app/api/owner-business-assistant/feedback/route.ts | src/app/api/platform/owner-business-assistant/monitor/route.ts | src/constants/database.ts","firestore.rules:1198 | functions/src/schedulers/menulistMaintenanceScheduler.ts:1946 | scripts/verification/verify-menulist-api-tenant-safety.js:7362 | scripts/verification/verify-menulist-api-tenant-safety.js:7399 | scripts/verification/verify-menulist-api-tenant-safety.js:7410 | scripts/verification/verify-owner-business-health-boundary.js:276 | src/app/api/owner-business-assistant/feedback/route.ts:76 | src/app/api/platform/owner-business-assistant/monitor/route.ts:276 | src/constants/database.ts:0 | functions/src/constants/database.ts:0","1f60c251a7494ae4df2d6a3692949c7f797dd0f7d341b65c1d22efaa9c16e97c","3","firestore.rules | functions/src/schedulers/menulistMaintenanceScheduler.ts | scripts/verification/verify-menulist-api-tenant-safety.js | scripts/verification/verify-owner-business-health-boundary.js | src/constants/database.ts","in-progress","MenuList tenant/store/user-private Business Health quality evidence at ownerBusinessAssistantFeedback/{answerId_userId}. The protected owner route is the sole content producer: it derives exact selected-store scope from the authenticated session, verifies VIEW_ANALYTICS and exact-replaces one closed current-feedback record with a 90-day expiry. The platform-only monitor reads the latest 30 rows and emits only hashed/length/rating/timestamp summaries. The maintenance scheduler deletes expired rows; no owner readback, public DTO, menu cache, Redux, SWR, local-storage, queue, webhook or billing consumer exists.","The explicit collection rule denies every browser read and write. The owner write and platform monitor use Node/Admin SDK only after protected-route authorization; the writer does not accept tenant/user identity from the request. The complete focused route and monitor are reviewed, while the shared 4,500-line ruleset remains conservatively in-progress.","Accepted submissions cost one exact deterministic replacement write. Platform monitoring uses createdAt descending limit 30 through the automatic single-field index. Maintenance uses expiresAt <= now limit 50 and a batch delete through the automatic single-field index. The current route/verifier evidence is reviewed; the large shared maintenance scheduler remains range-reviewed, so the collection cannot yet be marked fully reviewed.","AUDIT-OBA-SESSION-ALIAS-001 | AUDIT-OWNER-BUSINESS-FEEDBACK-REPLACEMENT-001 | AUDIT-OBA-RETENTION-FEATURE-GATE-001"
"ownerBusinessAssistantMessages","MenuList/shared","","security-rule","1","firestore.rules","firestore.rules:1190","dd1423b6e0cc1daed02d397d40e52800f978df24bcd6aff4b9ab78cef285a3a3","0","firestore.rules","in-progress","Retired MenuList Owner Business Assistant message namespace; current conversation history persists inside the server-owned thread document and no runtime reader, writer, query, route or job uses this collection","Explicit server-only rule denies every browser read and write. No Admin producer remains; future reactivation requires a new compact-storage and retention review","The stale message index was previously removed; no active query, index or TTL policy applies",""
"ownerBusinessAssistantThreads","MenuList/shared","DB_COLLECTIONS.OWNER_BUSINESS_ASSISTANT_THREADS | FUNCTIONS_DB_COLLECTIONS.OWNER_BUSINESS_ASSISTANT_THREADS","constant definition | read/query | reference | security-rule | transaction/batch","8","firestore.rules | functions/src/constants/database.ts | functions/src/schedulers/menulistMaintenanceScheduler.ts | scripts/verification/verify-menulist-api-tenant-safety.js | scripts/verification/verify-owner-business-health-boundary.js | src/app/api/owner-business-assistant/thread/[threadId]/route.ts | src/constants/database.ts | src/lib/ownerBusinessAssistant/server/threadStore.ts","firestore.rules:1186 | functions/src/schedulers/menulistMaintenanceScheduler.ts:1951 | scripts/verification/verify-menulist-api-tenant-safety.js:7376 | scripts/verification/verify-owner-business-health-boundary.js:277 | scripts/verification/verify-owner-business-health-boundary.js:301 | src/app/api/owner-business-assistant/thread/[threadId]/route.ts:60 | src/lib/ownerBusinessAssistant/server/threadStore.ts:71 | src/constants/database.ts:0 | functions/src/constants/database.ts:0","63113fdb9e4d48b3ac63c4c1515e776d7abd1700259a3a065a415d9641c5eaad","3","firestore.rules | functions/src/schedulers/menulistMaintenanceScheduler.ts | scripts/verification/verify-menulist-api-tenant-safety.js | scripts/verification/verify-owner-business-health-boundary.js | src/constants/database.ts","in-progress","MenuList tenant/store/actor-private bounded conversation state. The protected answer route derives exact current selected-store and actor scope; one Admin transaction creates/appends at most 20 compact messages only when an existing thread has exact tenant/store/user ownership. The protected GET independently re-authorizes VIEW_ANALYTICS, exact actor ownership and allowlisted DTO projection before desktop/mobile SWR consumption. Rows carry a refreshed 30-day expiry.","The explicit collection rule denies every browser read and write. All reads/writes use Admin SDK only after current authenticated scope and permission admission. Thread IDs pass the shared strict oba_ Firestore document-ID boundary; colliding foreign actor/store/tenant rows fail closed. The shared rules file remains a conservative whole-file review blocker.","Append is one exact transaction read plus one set/write and needs no index. GET is one exact document read with no cacheable public output. The existing daily leased maintenance task always queries expiresAt <= now with limit 50 even while producer flags are disabled, preventing feature deactivation from extending private retention. The automatic single-field index is sufficient; no browser local state contains thread content beyond SWR memory.","AUDIT-OBA-THREAD-ACTOR-OWNERSHIP-001 | AUDIT-OBA-THREAD-DTO-PROJECTION-001 | AUDIT-OBA-SESSION-ALIAS-001 | AUDIT-OBA-RETENTION-FEATURE-GATE-001"
"ownerControlUsage","MenuList/shared","DB_COLLECTIONS.OWNER_CONTROL_USAGE | FUNCTIONS_DB_COLLECTIONS.OWNER_CONTROL_USAGE","constant definition | delete | read/query | reference | security-rule | transaction/batch | write","8","firestore.rules | functions/src/analytics/authorityMaturation.ts | functions/src/constants/database.ts | scripts/verification/test-owner-control-usage-rules.ts | scripts/verification/verify-owner-control-usage-boundary.js | src/constants/database.ts | src/database/ownerControlUsage/index.ts | src/lib/ownerControlUsage/writeOwnerControlUsage.ts","firestore.rules:873 | functions/src/analytics/authorityMaturation.ts:185 | scripts/verification/test-owner-control-usage-rules.ts:142 | scripts/verification/test-owner-control-usage-rules.ts:173 | scripts/verification/test-owner-control-usage-rules.ts:174 | scripts/verification/test-owner-control-usage-rules.ts:175 | scripts/verification/test-owner-control-usage-rules.ts:176 | scripts/verification/test-owner-control-usage-rules.ts:182 | scripts/verification/test-owner-control-usage-rules.ts:208 | scripts/verification/verify-owner-control-usage-boundary.js:83 | src/database/ownerControlUsage/index.ts:86 | src/lib/ownerControlUsage/writeOwnerControlUsage.ts:52 | src/lib/ownerControlUsage/writeOwnerControlUsage.ts:52 | src/constants/database.ts:0 | functions/src/constants/database.ts:0","83a318a2fb1ceb0f371bbb15647cd95a10816f0892a68d4cbfd89905ee1c089f","6","firestore.rules | src/constants/database.ts","in-progress","MenuList tenant/store aggregate produced by confirmed owner controls; exact owner/manager scope writes and same-store reads, with Admin-only nightly platform aggregation","rule path observed; exact tenant/store document binding, create-at-one or one-control increment, current UTC month and server timestamps, staff/cross-scope/arbitrary rewrites/delete denied; emulator verified locally","Direct document read plus Admin document-ID pagination; no composite index required","AUDIT-OWNER-CONTROL-WRITE-INTEGRITY-001 | AUDIT-OWNER-CONTROL-RUNTIME-SHAPE-001 | AUDIT-OWNER-CONTROL-SCHEDULER-BOUND-001 | AUDIT-OWNER-CONTROL-EFFECT-ORDER-001 | AUDIT-OWNER-CONTROL-MONTH-ROLLOVER-001"
"ownerNotificationDeliveries","Answerlattice | MenuList/shared","ANSWERLATTICE_DB_COLLECTIONS.OWNER_NOTIFICATION_DELIVERIES | ANSWERLATTICE_FUNCTIONS_DB_COLLECTIONS.OWNER_NOTIFICATION_DELIVERIES | DB_COLLECTIONS.OWNER_NOTIFICATION_DELIVERIES | FUNCTIONS_DB_COLLECTIONS.OWNER_NOTIFICATION_DELIVERIES | OWNER_NOTIFICATION_COLLECTIONS.DELIVERIES","constant definition | delete | index definition | read/query | reference | transaction/batch","19","firestore-answerlattice.indexes.json | firestore.indexes.json | functions-answerlattice/src/answerlattice/dataRetention.ts | functions-answerlattice/src/constants/database.ts | functions/src/constants/database.ts | functions/src/ownerNotifications/processor.ts | functions/src/schedulers/menulistMaintenanceScheduler.ts | scripts/verification/test-answerlattice-workspace-lifecycle-contracts.ts | scripts/verification/test-maintenance-task-lease.ts | scripts/verification/verify-answerlattice-runtime-truth.js | scripts/verification/verify-ops-current-authorization-boundary.js | scripts/verification/verify-owner-notifications-boundary.js | src/app/api/ops/owner-notifications/route.ts | src/constants/answerlattice/database.ts | src/constants/database.ts | src/data/shared/ownerNotificationRegistry.ts | src/lib/answerlattice/workspaceLifecycleContracts.ts | src/lib/answerlattice/workspaceLifecycleServer.ts | src/lib/owner-notifications/index.ts","firestore-answerlattice.indexes.json:94 | firestore-answerlattice.indexes.json:1056 | firestore-answerlattice.indexes.json:2029 | firestore.indexes.json:85 | firestore.indexes.json:473 | firestore.indexes.json:491 | firestore.indexes.json:519 | firestore.indexes.json:3105 | functions-answerlattice/src/answerlattice/dataRetention.ts:548 | functions/src/ownerNotifications/processor.ts:477 | functions/src/ownerNotifications/processor.ts:553 | functions/src/ownerNotifications/processor.ts:1112 | functions/src/ownerNotifications/processor.ts:1118 | functions/src/schedulers/menulistMaintenanceScheduler.ts:1692 | functions/src/schedulers/menulistMaintenanceScheduler.ts:1703 | scripts/verification/test-answerlattice-workspace-lifecycle-contracts.ts:6 | scripts/verification/test-maintenance-task-lease.ts:50 | scripts/verification/test-maintenance-task-lease.ts:50 | scripts/verification/test-maintenance-task-lease.ts:209 | scripts/verification/test-maintenance-task-lease.ts:209 | scripts/verification/test-maintenance-task-lease.ts:212 | scripts/verification/test-maintenance-task-lease.ts:212 | scripts/verification/test-maintenance-task-lease.ts:215 | scripts/verification/test-maintenance-task-lease.ts:215 | scripts/verification/test-maintenance-task-lease.ts:354 | scripts/verification/test-maintenance-task-lease.ts:354 | scripts/verification/test-maintenance-task-lease.ts:374 | scripts/verification/test-maintenance-task-lease.ts:374 | scripts/verification/test-maintenance-task-lease.ts:427 | scripts/verification/test-maintenance-task-lease.ts:427 | scripts/verification/verify-answerlattice-runtime-truth.js:10067 | scripts/verification/verify-ops-current-authorization-boundary.js:191 | scripts/verification/verify-ops-current-authorization-boundary.js:247 | scripts/verification/verify-owner-notifications-boundary.js:268 | src/app/api/ops/owner-notifications/route.ts:525 | src/app/api/ops/owner-notifications/route.ts:677 | src/lib/answerlattice/workspaceLifecycleContracts.ts:32 | src/lib/answerlattice/workspaceLifecycleContracts.ts:62 | src/lib/answerlattice/workspaceLifecycleServer.ts:20 | src/lib/owner-notifications/index.ts:257 | src/lib/owner-notifications/index.ts:336 | src/constants/database.ts:0 | src/constants/answerlattice/database.ts:0 | src/data/shared/ownerNotificationRegistry.ts:0 | functions/src/constants/database.ts:0 | functions-answerlattice/src/constants/database.ts:0","be10f7b9e7d5b3c929e6d3320a2a1a3a6c359119d6ae4860cb4945af25f66530","12","firestore.indexes.json | functions/src/schedulers/menulistMaintenanceScheduler.ts | scripts/verification/verify-answerlattice-runtime-truth.js | scripts/verification/verify-ops-current-authorization-boundary.js | scripts/verification/verify-owner-notifications-boundary.js | src/app/api/ops/owner-notifications/route.ts | src/constants/database.ts","inventory-only","","no rule path observed by catalog","",""
"ownerNotificationEvents","Answerlattice | MenuList/shared","ANSWERLATTICE_DB_COLLECTIONS.OWNER_NOTIFICATION_EVENTS | ANSWERLATTICE_FUNCTIONS_DB_COLLECTIONS.OWNER_NOTIFICATION_EVENTS | DB_COLLECTIONS.OWNER_NOTIFICATION_EVENTS | FUNCTIONS_DB_COLLECTIONS.OWNER_NOTIFICATION_EVENTS | OWNER_NOTIFICATION_COLLECTIONS.EVENTS","constant definition | delete | index definition | read/query | reference | transaction/batch","18","firestore-answerlattice.indexes.json | firestore.indexes.json | functions-answerlattice/src/answerlattice/dataRetention.ts | functions-answerlattice/src/constants/database.ts | functions/src/constants/database.ts | functions/src/ownerNotifications/processor.ts | functions/src/schedulers/menulistMaintenanceScheduler.ts | scripts/verification/test-answerlattice-workspace-lifecycle-contracts.ts | scripts/verification/test-maintenance-task-lease.ts | scripts/verification/verify-answerlattice-runtime-truth.js | scripts/verification/verify-owner-notifications-boundary.js | src/app/api/ops/owner-notifications/route.ts | src/constants/answerlattice/database.ts | src/constants/database.ts | src/data/shared/ownerNotificationRegistry.ts | src/lib/answerlattice/workspaceLifecycleContracts.ts | src/lib/answerlattice/workspaceLifecycleServer.ts | src/lib/owner-notifications/index.ts","firestore-answerlattice.indexes.json:86 | firestore-answerlattice.indexes.json:1065 | firestore-answerlattice.indexes.json:2023 | firestore.indexes.json:77 | firestore.indexes.json:423 | firestore.indexes.json:441 | firestore.indexes.json:459 | firestore.indexes.json:537 | firestore.indexes.json:3099 | functions-answerlattice/src/answerlattice/dataRetention.ts:537 | functions/src/ownerNotifications/processor.ts:746 | functions/src/ownerNotifications/processor.ts:796 | functions/src/ownerNotifications/processor.ts:984 | functions/src/ownerNotifications/processor.ts:1077 | functions/src/schedulers/menulistMaintenanceScheduler.ts:1691 | functions/src/schedulers/menulistMaintenanceScheduler.ts:1696 | scripts/verification/test-answerlattice-workspace-lifecycle-contracts.ts:6 | scripts/verification/test-maintenance-task-lease.ts:49 | scripts/verification/test-maintenance-task-lease.ts:49 | scripts/verification/test-maintenance-task-lease.ts:188 | scripts/verification/test-maintenance-task-lease.ts:188 | scripts/verification/test-maintenance-task-lease.ts:194 | scripts/verification/test-maintenance-task-lease.ts:194 | scripts/verification/test-maintenance-task-lease.ts:203 | scripts/verification/test-maintenance-task-lease.ts:203 | scripts/verification/test-maintenance-task-lease.ts:238 | scripts/verification/test-maintenance-task-lease.ts:238 | scripts/verification/test-maintenance-task-lease.ts:259 | scripts/verification/test-maintenance-task-lease.ts:259 | scripts/verification/test-maintenance-task-lease.ts:276 | scripts/verification/test-maintenance-task-lease.ts:276 | scripts/verification/test-maintenance-task-lease.ts:297 | scripts/verification/test-maintenance-task-lease.ts:297 | scripts/verification/test-maintenance-task-lease.ts:305 | scripts/verification/test-maintenance-task-lease.ts:305 | scripts/verification/test-maintenance-task-lease.ts:322 | scripts/verification/test-maintenance-task-lease.ts:322 | scripts/verification/test-maintenance-task-lease.ts:336 | scripts/verification/test-maintenance-task-lease.ts:336 | scripts/verification/test-maintenance-task-lease.ts:378 | scripts/verification/test-maintenance-task-lease.ts:378 | scripts/verification/test-maintenance-task-lease.ts:392 | scripts/verification/test-maintenance-task-lease.ts:392 | scripts/verification/test-maintenance-task-lease.ts:407 | scripts/verification/test-maintenance-task-lease.ts:407 | scripts/verification/test-maintenance-task-lease.ts:424 | scripts/verification/test-maintenance-task-lease.ts:424 | scripts/verification/verify-answerlattice-runtime-truth.js:10067 | scripts/verification/verify-owner-notifications-boundary.js:257 | src/app/api/ops/owner-notifications/route.ts:476 | src/app/api/ops/owner-notifications/route.ts:502 | src/app/api/ops/owner-notifications/route.ts:595 | src/app/api/ops/owner-notifications/route.ts:676 | src/lib/answerlattice/workspaceLifecycleContracts.ts:32 | src/lib/answerlattice/workspaceLifecycleContracts.ts:61 | src/lib/answerlattice/workspaceLifecycleServer.ts:20 | src/lib/owner-notifications/index.ts:415 | src/lib/owner-notifications/index.ts:506 | src/constants/database.ts:0 | src/constants/answerlattice/database.ts:0 | src/data/shared/ownerNotificationRegistry.ts:0 | functions/src/constants/database.ts:0 | functions-answerlattice/src/constants/database.ts:0","b41fc4fe2e81b54aaa09785f60eec23d27126bb720c597917713209889e0df8e","12","firestore.indexes.json | functions/src/schedulers/menulistMaintenanceScheduler.ts | scripts/verification/verify-answerlattice-runtime-truth.js | scripts/verification/verify-owner-notifications-boundary.js | src/app/api/ops/owner-notifications/route.ts | src/constants/database.ts","inventory-only","","no rule path observed by catalog","",""
"ownerNotificationRateLimits","Answerlattice | MenuList/shared","ANSWERLATTICE_DB_COLLECTIONS.OWNER_NOTIFICATION_RATE_LIMITS | ANSWERLATTICE_FUNCTIONS_DB_COLLECTIONS.OWNER_NOTIFICATION_RATE_LIMITS | DB_COLLECTIONS.OWNER_NOTIFICATION_RATE_LIMITS | FUNCTIONS_DB_COLLECTIONS.OWNER_NOTIFICATION_RATE_LIMITS | OWNER_NOTIFICATION_COLLECTIONS.RATE_LIMITS","constant definition | delete | index definition | read/query | reference | transaction/batch","16","firestore-answerlattice.indexes.json | firestore.indexes.json | functions-answerlattice/src/answerlattice/dataRetention.ts | functions-answerlattice/src/constants/database.ts | functions/src/constants/database.ts | functions/src/ownerNotifications/processor.ts | functions/src/schedulers/menulistMaintenanceScheduler.ts | scripts/verification/test-answerlattice-workspace-lifecycle-contracts.ts | scripts/verification/test-maintenance-task-lease.ts | scripts/verification/verify-answerlattice-runtime-truth.js | src/constants/answerlattice/database.ts | src/constants/database.ts | src/data/shared/ownerNotificationRegistry.ts | src/lib/answerlattice/workspaceLifecycleContracts.ts | src/lib/answerlattice/workspaceLifecycleServer.ts | src/lib/owner-notifications/index.ts","firestore-answerlattice.indexes.json:102 | firestore-answerlattice.indexes.json:2035 | firestore.indexes.json:93 | firestore.indexes.json:505 | firestore.indexes.json:3111 | functions-answerlattice/src/answerlattice/dataRetention.ts:559 | functions/src/ownerNotifications/processor.ts:406 | functions/src/ownerNotifications/processor.ts:408 | functions/src/schedulers/menulistMaintenanceScheduler.ts:1693 | functions/src/schedulers/menulistMaintenanceScheduler.ts:1710 | scripts/verification/test-answerlattice-workspace-lifecycle-contracts.ts:6 | scripts/verification/test-maintenance-task-lease.ts:51 | scripts/verification/test-maintenance-task-lease.ts:51 | scripts/verification/test-maintenance-task-lease.ts:412 | scripts/verification/test-maintenance-task-lease.ts:412 | scripts/verification/test-maintenance-task-lease.ts:421 | scripts/verification/test-maintenance-task-lease.ts:421 | scripts/verification/verify-answerlattice-runtime-truth.js:10067 | src/lib/answerlattice/workspaceLifecycleContracts.ts:32 | src/lib/answerlattice/workspaceLifecycleContracts.ts:63 | src/lib/answerlattice/workspaceLifecycleServer.ts:20 | src/lib/owner-notifications/index.ts:172 | src/lib/owner-notifications/index.ts:178 | src/constants/database.ts:0 | src/constants/answerlattice/database.ts:0 | src/data/shared/ownerNotificationRegistry.ts:0 | functions/src/constants/database.ts:0 | functions-answerlattice/src/constants/database.ts:0","2b0dd9e43f8cd41c609019bbd7e2c3d68bc71672051d9a464eaca88079daf51b","12","firestore.indexes.json | functions/src/schedulers/menulistMaintenanceScheduler.ts | scripts/verification/verify-answerlattice-runtime-truth.js | src/constants/database.ts","inventory-only","","no rule path observed by catalog","",""
"ownerReferrals","MenuList/shared","DB_COLLECTIONS.OWNER_REFERRALS","constant definition | delete | index definition | read/query | reference | security-rule | transaction/batch | write","8","firestore.indexes.json | firestore.rules | scripts/verification/test-owner-referral-emulator.ts | scripts/verification/verify-owner-referral.ts | src/app/api/owner-referrals/route.ts | src/constants/database.ts | src/lib/ownerReferral/ownerReferralAttributionServer.ts | src/lib/ownerReferral/ownerReferralSettlementServer.ts","firestore.indexes.json:303 | firestore.indexes.json:321 | firestore.rules:609 | scripts/verification/test-owner-referral-emulator.ts:564 | scripts/verification/test-owner-referral-emulator.ts:95 | scripts/verification/test-owner-referral-emulator.ts:160 | scripts/verification/test-owner-referral-emulator.ts:314 | scripts/verification/test-owner-referral-emulator.ts:351 | scripts/verification/test-owner-referral-emulator.ts:419 | scripts/verification/test-owner-referral-emulator.ts:564 | scripts/verification/verify-owner-referral.ts:535 | src/app/api/owner-referrals/route.ts:97 | src/lib/ownerReferral/ownerReferralAttributionServer.ts:191 | src/lib/ownerReferral/ownerReferralAttributionServer.ts:216 | src/lib/ownerReferral/ownerReferralAttributionServer.ts:247 | src/lib/ownerReferral/ownerReferralSettlementServer.ts:201 | src/lib/ownerReferral/ownerReferralSettlementServer.ts:463 | src/constants/database.ts:0","8f37dfb56a9448c4d58f10270855973e55ed2574f12336b4a10e67aefa501a06","5","firestore.indexes.json | firestore.rules | src/constants/database.ts","in-progress","MenuList server-only, referred-store-keyed attribution and reward-settlement state at deterministic ownerReferrals/{sha256(programVersion:referredTenantId:referredStoreId)}. A signed encrypted invite resolves only against a current active/unblocked pilot referrer store. New-account onboarding transactionally creates at most one immutable referral before first successful payment, with a transaction-scoped bounded subscription-history check preventing retroactive attribution. Verified Razorpay/manual/reseller payment paths settle the referred row and a bounded batch where the paid store is referrer. The protected owner route derives exact session scope, requires paid entitlement and billing permission, then projects only business name/general status/date plus policy/invite URL. No public document output, browser cache, Redux, SWR or local-storage copy of persisted referral rows exists.","The exact ownerReferrals rule denies every browser read and write. Attribution, payment repair, reward issuance and owner projection use the Admin SDK only after their own token/session/store/payment boundaries. The real emulator proves owner direct read/write denial and the adjacent payment-transaction client-write denial. The complete shared rules file remains ranged-reviewed, so this collection cannot yet be marked reviewed.","Two composites are exact and exclusive: referrerTenantId/referrerStoreId/createdAt-desc for the owner limit-10 recent projection, and referrerTenantId/referrerStoreId/status/referredFirstPaidAt-asc for one limit-26 pending-repair lookahead that processes at most 25. Direct referred lookup is one deterministic point read. Reward issue and both payment ledger IDs are deterministic; one transaction rechecks referral, both subscriptions and both stores, increments both wallets and creates both ledger rows exactly once. No TTL, scheduler, cap, publication invalidation or extra read model applies under the explicit payment-only policy. The complete shared index file remains a whole-file evidence blocker.",""
"packTemplateIndexes","CampaignCue","CAMPAIGNCUE_COLLECTIONS.PACK_TEMPLATE_INDEXES | CAMPAIGNCUE_PACK_TEMPLATE_REGISTRY.WORKSPACE_INDEX_COLLECTION","constant definition | read/query | reference | security-rule | write","7","firestore-campaigncue.rules | scripts/verification/test-campaigncue-rules.ts | scripts/verification/verify-campaigncue-pack-templates.js | src/constants/campaigncue/database.ts | src/constants/campaigncue/packTemplates.ts | src/lib/campaigncue/pack-templates/catalog.ts | src/lib/campaigncue/pack-templates/workspaceTemplates.ts","firestore-campaigncue.rules:86 | scripts/verification/test-campaigncue-rules.ts:224 | scripts/verification/test-campaigncue-rules.ts:228 | scripts/verification/test-campaigncue-rules.ts:232 | scripts/verification/test-campaigncue-rules.ts:236 | scripts/verification/test-campaigncue-rules.ts:240 | scripts/verification/test-campaigncue-rules.ts:244 | scripts/verification/verify-campaigncue-pack-templates.js:169 | src/lib/campaigncue/pack-templates/catalog.ts:95 | src/lib/campaigncue/pack-templates/catalog.ts:99 | src/lib/campaigncue/pack-templates/workspaceTemplates.ts:40 | src/lib/campaigncue/pack-templates/workspaceTemplates.ts:44 | src/constants/campaigncue/database.ts:0 | src/constants/campaigncue/packTemplates.ts:0","d73de4b94b85d896333df41e4cb0b65934b1774ff01c0724da1d6cea4c907d2a","7","","reviewed","Active CampaignCue browser DAL index nested under one exact workspace. The catalog reads the bounded default index; save/delete transactions write it only after exact schema, workspace and immutable Storage-path validation.","Only the default document is accessible. Reads and schema-bound writes require exact tenant/store claims plus the authoritative active CC workspace document and an allowed durable members[uid] role; same-scope nonmembers and disabled workspaces fail in the dedicated emulator.","Exact default-document access only; no composite index or TTL policy applies","AUDIT-CAMPAIGNCUE-FIREBASE-RULES-001 | AUDIT-COLLECTION-CATALOG-NESTED-REGISTRY-ALIAS-001 | AUDIT-CC-CLIENT-WORKSPACE-MEMBERSHIP-001"
"payment_transactions","Answerlattice | MenuList/shared","DB_COLLECTIONS.PAYMENT_TRANSACTIONS | FUNCTIONS_DB_COLLECTIONS.PAYMENT_TRANSACTIONS","constant definition | delete | index definition | read/query | reference | security-rule | transaction/batch | write","22","firestore-answerlattice.indexes.json | firestore-answerlattice.rules | firestore.indexes.json | firestore.rules | functions/src/constants/database.ts | scripts/backfill-billing-record-product-identity.ts | scripts/backfill-founder-revenue-read-model.ts | scripts/verification/test-answerlattice-billing-rules.ts | scripts/verification/test-answerlattice-workspace-lifecycle-contracts.ts | scripts/verification/test-answerlattice-workspace-lifecycle-emulator.ts | scripts/verification/test-owner-referral-emulator.ts | scripts/verification/test-razorpay-webhook-lease-emulator.ts | scripts/verification/verify-answerlattice-runtime-truth.js | scripts/verification/verify-billing-entitlement-boundary.js | scripts/verification/verify-platform-founder-monitor-boundary.js | src/constants/database.ts | src/database/answerlattice/billing.ts | src/database/subscriptions/paymentTransactions.ts | src/lib/answerlattice/workspaceLifecycleContracts.ts | src/lib/answerlattice/workspaceLifecycleServer.ts | src/lib/billing/productBillingServer.ts | src/lib/ownerReferral/ownerReferralSettlementServer.ts","firestore-answerlattice.indexes.json:946 | firestore-answerlattice.rules:294 | firestore.indexes.json:265 | firestore.rules:586 | scripts/backfill-billing-record-product-identity.ts:19 | scripts/backfill-founder-revenue-read-model.ts:628 | scripts/verification/test-answerlattice-billing-rules.ts:85 | scripts/verification/test-answerlattice-billing-rules.ts:101 | scripts/verification/test-answerlattice-billing-rules.ts:109 | scripts/verification/test-answerlattice-billing-rules.ts:124 | scripts/verification/test-answerlattice-billing-rules.ts:165 | scripts/verification/test-answerlattice-billing-rules.ts:188 | scripts/verification/test-answerlattice-billing-rules.ts:193 | scripts/verification/test-answerlattice-billing-rules.ts:197 | scripts/verification/test-answerlattice-billing-rules.ts:199 | scripts/verification/test-answerlattice-billing-rules.ts:233 | scripts/verification/test-answerlattice-billing-rules.ts:245 | scripts/verification/test-answerlattice-billing-rules.ts:248 | scripts/verification/test-answerlattice-billing-rules.ts:273 | scripts/verification/test-answerlattice-billing-rules.ts:282 | scripts/verification/test-answerlattice-billing-rules.ts:294 | scripts/verification/test-answerlattice-billing-rules.ts:308 | scripts/verification/test-answerlattice-billing-rules.ts:320 | scripts/verification/test-answerlattice-billing-rules.ts:332 | scripts/verification/test-answerlattice-billing-rules.ts:335 | scripts/verification/test-answerlattice-billing-rules.ts:358 | scripts/verification/test-answerlattice-billing-rules.ts:367 | scripts/verification/test-answerlattice-billing-rules.ts:233 | scripts/verification/test-answerlattice-billing-rules.ts:273 | scripts/verification/test-answerlattice-billing-rules.ts:282 | scripts/verification/test-answerlattice-billing-rules.ts:294 | scripts/verification/test-answerlattice-billing-rules.ts:320 | scripts/verification/test-answerlattice-billing-rules.ts:358 | scripts/verification/test-answerlattice-billing-rules.ts:367 | scripts/verification/test-answerlattice-workspace-lifecycle-contracts.ts:181 | scripts/verification/test-answerlattice-workspace-lifecycle-contracts.ts:183 | scripts/verification/test-answerlattice-workspace-lifecycle-emulator.ts:360 | scripts/verification/test-answerlattice-workspace-lifecycle-emulator.ts:490 | scripts/verification/test-owner-referral-emulator.ts:552 | scripts/verification/test-owner-referral-emulator.ts:568 | scripts/verification/test-owner-referral-emulator.ts:569 | scripts/verification/test-owner-referral-emulator.ts:570 | scripts/verification/test-owner-referral-emulator.ts:161 | scripts/verification/test-owner-referral-emulator.ts:162 | scripts/verification/test-owner-referral-emulator.ts:552 | scripts/verification/test-owner-referral-emulator.ts:568 | scripts/verification/test-owner-referral-emulator.ts:569 | scripts/verification/test-owner-referral-emulator.ts:570 | scripts/verification/test-razorpay-webhook-lease-emulator.ts:173 | scripts/verification/verify-answerlattice-runtime-truth.js:7502 | scripts/verification/verify-answerlattice-runtime-truth.js:10058 | scripts/verification/verify-answerlattice-runtime-truth.js:10078 | scripts/verification/verify-billing-entitlement-boundary.js:375 | scripts/verification/verify-billing-entitlement-boundary.js:1141 | scripts/verification/verify-platform-founder-monitor-boundary.js:86 | src/database/answerlattice/billing.ts:21 | src/database/answerlattice/billing.ts:21 | src/database/subscriptions/paymentTransactions.ts:8 | src/lib/answerlattice/workspaceLifecycleContracts.ts:85 | src/lib/answerlattice/workspaceLifecycleServer.ts:1092 | src/lib/billing/productBillingServer.ts:563 | src/lib/ownerReferral/ownerReferralSettlementServer.ts:293 | src/lib/ownerReferral/ownerReferralSettlementServer.ts:294 | src/constants/database.ts:0 | functions/src/constants/database.ts:0","eddc639f8f48ca5fc595dfff6df0fd1ebcf879ef15d8be4d98fad5af9c8db6b7","17","firestore.indexes.json | firestore.rules | scripts/verification/verify-answerlattice-runtime-truth.js | scripts/verification/verify-billing-entitlement-boundary.js | src/constants/database.ts","in-progress","Product-local server-owned immutable/deterministic billing ledger. Subscription-bearing signed webhooks establish one exact subscription ID and one unique persisted product owner before selecting this ledger. Event-key audits then require exact dual product plus either no scope or complete agreeing numeric tenant/store aliases; product, workspace, event/type, provider entity IDs, amount, currency and provider time are immutable on replay. Top-up history is written only after immutable settlement supplies canonical billing scope/value, while unknown orders remain unscoped. Deterministic owner-referral reward rows retain their separate exact scoped contract. MenuList and Answerlattice owner histories are read-only, bounded and require all identity aliases; Founder Monitor reads only the shared MenuList project through an explicitly guarded maintenance backfill","Shared rules admit payment rows only with exact ML or AL product aliases plus present, agreeing tenant/store aliases and the current authorized workspace; dedicated Answerlattice rules enforce the same AL contract. Both deny all browser writes. Emulator coverage rejects conflicting direct rows and list queries that omit either compatibility alias before browser disclosure","Both product composites cover pId + productId + event + tenantId + storeId + tId + sId + created_at desc. Writes use deterministic exact-document transactions and need no TTL. The guarded MenuList compatibility migration pages by document ID and repairs only explicit single-ML-alias legacy rows; alias-less/conflicting ownership remains quarantined","AUDIT-BILLING-AUDIT-TIMESTAMP-001 | AUDIT-BILLING-LEDGER-PRODUCT-ISOLATION-001 | AUDIT-BILLING-TRANSACTION-SCOPE-ALIAS-001 | AUDIT-BILLING-PAYMENT-AUDIT-IMMUTABILITY-001 | AUDIT-BILLING-WEBHOOK-PRODUCT-RESOLUTION-001 | AUDIT-BILLING-WEBHOOK-SUBSCRIPTION-OWNERSHIP-001 | AUDIT-OWNER-REFERRAL-TRANSACTION-SCOPE-001"
"platformAssetTemplates","MenuList/shared","DB_COLLECTIONS.CREATIVE_EDITOR_PLATFORM_ASSET_TEMPLATES","constant definition | reference | security-rule","3","firestore.rules | src/constants/database.ts | src/lib/creative-editor/templateRegistryDal.ts","firestore.rules:96 | src/lib/creative-editor/templateRegistryDal.ts:44 | src/constants/database.ts:0","ae924b02d95721a39c1d4a1a13829cdb171f70a78f04530d5163702958998cdd","1","firestore.rules | src/constants/database.ts","in-progress","MenuList global authenticated-owner-readable, platform-admin-managed creative-template metadata at platformAssetTemplates/{businessCategory}. One bounded category document carries at most 200 summary records for local product/source/asset filtering; editor document and preview bytes live in versioned platform Storage paths. Generic templates are mirrored transactionally to every supported business category. Only published rows are selected by owner list/open flows; platform management may inspect drafts and archives.","Authenticated clients can read category catalogs. Create/update require exact platform-admin claims and the bounded outer catalog shape; delete is platform-admin-only. The client DAL applies product/source/status filtering, runtime editor-document validation and exact category/template Storage-path ownership before owner consumption. Platform Storage writes/deletes remain platform-only and reads require authentication.","One exact category document read serves each list/open. Platform save/update/delete uses one transaction across the source category and, for generic templates, every finite category mirror; arrays cap at 200. No collection query/composite index, cache, Redux, SWR or local-storage layer applies.","AUDIT-CREATIVE-EDITOR-TEMPLATE-REGISTRY-CONCURRENCY-001 | AUDIT-TEMPLATE-REGISTRY-PERSISTED-SCOPE-001"
"platformSummary","Answerlattice | MenuList/shared","ANSWERLATTICE_FUNCTIONS_DB_COLLECTIONS.PLATFORM_SUMMARY | DB_COLLECTIONS.PLATFORM_SUMMARY | FUNCTIONS_DB_COLLECTIONS.PLATFORM_SUMMARY","cache/derived-state | constant definition | delete | index definition | read/query | reference | security-rule | transaction/batch | write","175","firestore-answerlattice.rules | firestore.indexes.json | firestore.rules | functions-answerlattice/src/answerlattice/aiProviderHealth.ts | functions-answerlattice/src/answerlattice/answerlatticeMasterScheduler.ts | functions-answerlattice/src/answerlattice/answerlatticeNightly.ts | functions-answerlattice/src/answerlattice/chatAnalyticsAggregation.ts | functions-answerlattice/src/answerlattice/compiledContextVersions.ts | functions-answerlattice/src/answerlattice/contextBundleBuilder.ts | functions-answerlattice/src/answerlattice/dataRetention.ts | functions-answerlattice/src/answerlattice/frictionAggregation.ts | functions-answerlattice/src/answerlattice/frictionInsight.ts | functions-answerlattice/src/answerlattice/knowledgeIntakeSummary.ts | functions-answerlattice/src/answerlattice/onboardingBootstrap.ts | functions-answerlattice/src/answerlattice/predictiveTriggerSync.ts | functions-answerlattice/src/answerlattice/supportBoardSummary.ts | functions-answerlattice/src/answerlattice/supportBoardSync.ts | functions-answerlattice/src/answerlattice/tenantSummary.ts | functions-answerlattice/src/constants/database.ts | functions-answerlattice/src/integrations/configStore.ts | functions-answerlattice/src/integrations/deliveryLogger.ts | functions/src/aggregateCustomerAnalytics.ts | functions/src/analytics/extractionLearning.ts | functions/src/analytics/menuDriftMetrics.ts | functions/src/analytics/obpAnalyticsAggregation.ts | functions/src/analytics/stalenessCheck.ts | functions/src/analytics/storeTruthConfidence.ts | functions/src/answerlattice/compiledContextVersions.ts | functions/src/billing/reconcileSubscriptions.ts | functions/src/constants/database.ts | functions/src/decisionBlocksScoring.ts | functions/src/logic/publicCacheRevalidation.ts | functions/src/logic/saveFilesToProject.ts | functions/src/ownerBusinessAssistant/ownerBusinessHealthWriters.ts | functions/src/schedulers/founderMonitorSnapshot.ts | functions/src/schedulers/menulistMaintenanceScheduler.ts | functions/src/schedulers/specialMenuLifecycle.ts | functions/src/triggers/operations.ts | scripts/backfill-digital-screen-private-controls.ts | scripts/backfill-digital-screen-public-mirrors.ts | scripts/backfill-founder-revenue-read-model.ts | scripts/backfill-project-slugs.ts | scripts/backfill-public-routing-project-summaries.ts | scripts/migrate-business-type-swap.ts | scripts/verification/test-answerlattice-ai-provider-health-state-emulator.ts | scripts/verification/test-answerlattice-changelog-emulator.ts | scripts/verification/test-answerlattice-chat-analytics-scheduler.ts | scripts/verification/test-answerlattice-compiled-context-invalidation-emulator.ts | scripts/verification/test-answerlattice-content-feedback-emulator.ts | scripts/verification/test-answerlattice-friction-insight-state-emulator.ts | scripts/verification/test-answerlattice-governance-emulator.ts | scripts/verification/test-answerlattice-integration-config-emulator.js | scripts/verification/test-answerlattice-integration-rules.ts | scripts/verification/test-answerlattice-kb-publishing-emulator.js | scripts/verification/test-answerlattice-knowledge-intake-rules.ts | scripts/verification/test-answerlattice-knowledge-intake-summary-emulator.js | scripts/verification/test-answerlattice-ontology-emulator.ts | scripts/verification/test-answerlattice-ontology-rules.ts | scripts/verification/test-answerlattice-platform-summary-rules.ts | scripts/verification/test-answerlattice-predictive-sync-state-emulator.ts | scripts/verification/test-answerlattice-product-surface-summary-emulator.ts | scripts/verification/test-answerlattice-release-emulator.ts | scripts/verification/test-answerlattice-support-board-rules.ts | scripts/verification/test-answerlattice-support-board-summary-emulator.ts | scripts/verification/test-answerlattice-workspace-lifecycle-contracts.ts | scripts/verification/test-answerlattice-workspace-lifecycle-emulator.ts | scripts/verification/test-answerlattice-workspace-profile-emulator.ts | scripts/verification/test-custom-domain-claim.ts | scripts/verification/test-digital-screens-rules.ts | scripts/verification/test-growth-intelligence-emulator.ts | scripts/verification/test-growthos-transactions-emulator.ts | scripts/verification/test-special-menu-lifecycle-emulator.ts | scripts/verification/test-special-menu-lifecycle-rules.ts | scripts/verification/test-stores-summary-rules.ts | scripts/verification/verify-answerlattice-founder-daily-brief.js | scripts/verification/verify-answerlattice-runtime-truth.js | scripts/verification/verify-billing-entitlement-boundary.js | scripts/verification/verify-internal-ops-flow-boundary.js | scripts/verification/verify-menu-extraction-pipeline.js | scripts/verification/verify-menulist-api-tenant-safety.js | scripts/verification/verify-mobile-upload-extraction.mjs | scripts/verification/verify-multi-location-boundary.js | scripts/verification/verify-owner-business-health-boundary.js | scripts/verification/verify-platform-entity-blocks-boundary.js | scripts/verification/verify-platform-founder-monitor-boundary.js | scripts/verification/verify-public-business-truth.js | scripts/verification/verify-public-routing-summary-backfill.mjs | scripts/verification/verify-public-truth-monitor-addon.js | scripts/verification/verify-scheduler-monitor-boundary.js | src/app/(answerlattice)/answerlattice/page.tsx | src/app/api/admin/subdomains/rename/route.ts | src/app/api/answerlattice/activation/summary/route.ts | src/app/api/answerlattice/answer-tests/route.ts | src/app/api/answerlattice/integrations/route.ts | src/app/api/answerlattice/integrations/test/route.ts | src/app/api/answerlattice/onboard/route.ts | src/app/api/answerlattice/operations/status/route.ts | src/app/api/answerlattice/platform/workspaces/route.ts | src/app/api/domain/route.ts | src/app/api/outlets/brand-propagation/route.ts | src/app/api/outlets/create/route.ts | src/app/api/outlets/deactivate/route.ts | src/app/api/outlets/policy/route.ts | src/app/api/outlets/rename/route.ts | src/app/api/owner-business-assistant/locations/route.ts | src/app/api/platform/entity-blocks/route.ts | src/app/api/platform/founder-monitor/route.ts | src/app/api/projects/delete/route.ts | src/app/api/projects/outlet-save/route.ts | src/app/api/public/analytics/track/route.ts | src/app/api/public/create-menu/claim/route.ts | src/app/api/public/v1/menu/route.ts | src/app/api/screen/seen/route.ts | src/app/api/subdomain/check/route.ts | src/app/api/tenants/name/route.ts | src/app/api/widget/config/route.ts | src/app/client/[[...slug]]/page.tsx | src/app/client/obp/OBPContent.tsx | src/app/client/sitemap.ts | src/app/manifest.webmanifest/route.ts | src/app/screen/[token]/MenuBoardDisplay.tsx | src/app/screen/[token]/ScreenDisplay.tsx | src/constants/database.ts | src/database/answerlattice/branding.ts | src/database/answerlattice/coverageKPI.ts | src/database/answerlattice/frictionStats.ts | src/database/answerlattice/knowledgeMap.ts | src/database/answerlattice/predictiveTriggers.ts | src/database/answerlattice/productSurfaces.ts | src/database/answerlattice/supportBoard.ts | src/database/answerlattice/trustMetrics.ts | src/database/campaigns/index.ts | src/database/campaigns/serverScreen.ts | src/database/growthos/index.ts | src/database/growthos/server.ts | src/database/multiOutlet/propagation.ts | src/database/ops/scheduler.ts | src/database/platformSummary/index.ts | src/database/projects/index.ts | src/database/projects/specialMenuLifecycle.ts | src/database/publicTruthMonitor/server.ts | src/database/stores/index.tsx | src/hooks/usePlatformStoreSummaryOptions.ts | src/lib/answerlattice/answerTestServer.ts | src/lib/answerlattice/compiledSourceVersionsAdmin.ts | src/lib/answerlattice/contextBundleBuilderServer.ts | src/lib/answerlattice/firstTrustedAnswerPackServer.ts | src/lib/answerlattice/governanceServer.ts | src/lib/answerlattice/graphTraversal.ts | src/lib/answerlattice/invalidationOwnership.ts | src/lib/answerlattice/invalidationOwnershipClient.ts | src/lib/answerlattice/knowledgeIntake.ts | src/lib/answerlattice/onboardingProvisioningServer.ts | src/lib/answerlattice/ontologyServer.ts | src/lib/answerlattice/ownerSupportAssistant.ts | src/lib/answerlattice/predictiveEngine.ts | src/lib/answerlattice/productSurfaceContentServer.ts | src/lib/answerlattice/tenantSummaryAdmin.ts | src/lib/answerlattice/workspaceLifecycleContracts.ts | src/lib/answerlattice/workspaceLifecycleServer.ts | src/lib/answerlattice/workspaceProfileServer.ts | src/lib/billing/subscriptionEntitlementSync.ts | src/lib/messaging-onboarding/publish.ts | src/lib/onboarding/compensateFailedOnboarding.ts | src/lib/onboarding/createTenantStore.ts | src/lib/ops/founderGrowthReadModel.ts | src/lib/ops/founderRevenueReadModel.ts | src/lib/ownerBusinessAssistant/server/buildOwnerBusinessAssistantContextPacket.ts | src/lib/platform/platformCounterAllocator.ts | src/lib/routing/customDomainClaim.ts | src/lib/routing/outletSlugClaim.ts | src/lib/routing/subdomainClaim.ts | src/lib/screen/publicScreenState.ts | src/lib/screen/screenManagementServer.ts | src/lib/screen/serverScreenInvalidation.ts","firestore-answerlattice.rules:10 | firestore.indexes.json:3299 | firestore.indexes.json:3304 | firestore.rules:245 | functions-answerlattice/src/answerlattice/aiProviderHealth.ts:146 | functions-answerlattice/src/answerlattice/aiProviderHealth.ts:154 | functions-answerlattice/src/answerlattice/answerlatticeMasterScheduler.ts:86 | functions-answerlattice/src/answerlattice/answerlatticeNightly.ts:1091 | functions-answerlattice/src/answerlattice/answerlatticeNightly.ts:1207 | functions-answerlattice/src/answerlattice/answerlatticeNightly.ts:1389 | functions-answerlattice/src/answerlattice/answerlatticeNightly.ts:1785 | functions-answerlattice/src/answerlattice/answerlatticeNightly.ts:1789 | functions-answerlattice/src/answerlattice/answerlatticeNightly.ts:2011 | functions-answerlattice/src/answerlattice/answerlatticeNightly.ts:2039 | functions-answerlattice/src/answerlattice/chatAnalyticsAggregation.ts:165 | functions-answerlattice/src/answerlattice/chatAnalyticsAggregation.ts:215 | functions-answerlattice/src/answerlattice/chatAnalyticsAggregation.ts:430 | functions-answerlattice/src/answerlattice/compiledContextVersions.ts:290 | functions-answerlattice/src/answerlattice/compiledContextVersions.ts:292 | functions-answerlattice/src/answerlattice/contextBundleBuilder.ts:472 | functions-answerlattice/src/answerlattice/contextBundleBuilder.ts:480 | functions-answerlattice/src/answerlattice/contextBundleBuilder.ts:674 | functions-answerlattice/src/answerlattice/contextBundleBuilder.ts:675 | functions-answerlattice/src/answerlattice/contextBundleBuilder.ts:676 | functions-answerlattice/src/answerlattice/dataRetention.ts:286 | functions-answerlattice/src/answerlattice/dataRetention.ts:408 | functions-answerlattice/src/answerlattice/dataRetention.ts:410 | functions-answerlattice/src/answerlattice/frictionAggregation.ts:578 | functions-answerlattice/src/answerlattice/frictionInsight.ts:525 | functions-answerlattice/src/answerlattice/frictionInsight.ts:526 | functions-answerlattice/src/answerlattice/frictionInsight.ts:586 | functions-answerlattice/src/answerlattice/knowledgeIntakeSummary.ts:218 | functions-answerlattice/src/answerlattice/onboardingBootstrap.ts:235 | functions-answerlattice/src/answerlattice/predictiveTriggerSync.ts:367 | functions-answerlattice/src/answerlattice/predictiveTriggerSync.ts:548 | functions-answerlattice/src/answerlattice/supportBoardSummary.ts:131 | functions-answerlattice/src/answerlattice/supportBoardSync.ts:771 | functions-answerlattice/src/answerlattice/tenantSummary.ts:74 | functions-answerlattice/src/answerlattice/tenantSummary.ts:146 | functions-answerlattice/src/answerlattice/tenantSummary.ts:196 | functions-answerlattice/src/integrations/configStore.ts:65 | functions-answerlattice/src/integrations/configStore.ts:134 | functions-answerlattice/src/integrations/configStore.ts:181 | functions-answerlattice/src/integrations/configStore.ts:214 | functions-answerlattice/src/integrations/deliveryLogger.ts:220 | functions/src/aggregateCustomerAnalytics.ts:1857 | functions/src/analytics/extractionLearning.ts:104 | functions/src/analytics/extractionLearning.ts:209 | functions/src/analytics/menuDriftMetrics.ts:361 | functions/src/analytics/obpAnalyticsAggregation.ts:1280 | functions/src/analytics/stalenessCheck.ts:193 | functions/src/analytics/storeTruthConfidence.ts:159 | functions/src/analytics/storeTruthConfidence.ts:166 | functions/src/analytics/storeTruthConfidence.ts:234 | functions/src/answerlattice/compiledContextVersions.ts:290 | functions/src/answerlattice/compiledContextVersions.ts:292 | functions/src/billing/reconcileSubscriptions.ts:302 | functions/src/decisionBlocksScoring.ts:325 | functions/src/decisionBlocksScoring.ts:376 | functions/src/decisionBlocksScoring.ts:380 | functions/src/decisionBlocksScoring.ts:1637 | functions/src/decisionBlocksScoring.ts:2171 | functions/src/decisionBlocksScoring.ts:2391 | functions/src/decisionBlocksScoring.ts:2855 | functions/src/decisionBlocksScoring.ts:2949 | functions/src/logic/publicCacheRevalidation.ts:61 | functions/src/logic/publicCacheRevalidation.ts:64 | functions/src/logic/saveFilesToProject.ts:461 | functions/src/ownerBusinessAssistant/ownerBusinessHealthWriters.ts:33 | functions/src/ownerBusinessAssistant/ownerBusinessHealthWriters.ts:34 | functions/src/ownerBusinessAssistant/ownerBusinessHealthWriters.ts:50 | functions/src/ownerBusinessAssistant/ownerBusinessHealthWriters.ts:61 | functions/src/schedulers/founderMonitorSnapshot.ts:495 | functions/src/schedulers/founderMonitorSnapshot.ts:496 | functions/src/schedulers/founderMonitorSnapshot.ts:846 | functions/src/schedulers/founderMonitorSnapshot.ts:847 | functions/src/schedulers/founderMonitorSnapshot.ts:848 | functions/src/schedulers/menulistMaintenanceScheduler.ts:977 | functions/src/schedulers/menulistMaintenanceScheduler.ts:1566 | functions/src/schedulers/menulistMaintenanceScheduler.ts:1637","e4da5cdb90fd759629a74cd0caab2db82154cedacec6c2cfa58f72aa164f2833","55","firestore.indexes.json | firestore.rules | functions-answerlattice/src/answerlattice/aiProviderHealth.ts | functions-answerlattice/src/answerlattice/answerlatticeMasterScheduler.ts | functions-answerlattice/src/answerlattice/answerlatticeNightly.ts | functions-answerlattice/src/answerlattice/chatAnalyticsAggregation.ts | functions-answerlattice/src/answerlattice/compiledContextVersions.ts | functions-answerlattice/src/answerlattice/contextBundleBuilder.ts | functions-answerlattice/src/answerlattice/frictionAggregation.ts | functions-answerlattice/src/answerlattice/frictionInsight.ts | functions-answerlattice/src/answerlattice/knowledgeIntakeSummary.ts | functions-answerlattice/src/answerlattice/onboardingBootstrap.ts | functions-answerlattice/src/answerlattice/predictiveTriggerSync.ts | functions-answerlattice/src/answerlattice/supportBoardSummary.ts | functions-answerlattice/src/answerlattice/supportBoardSync.ts | functions-answerlattice/src/answerlattice/tenantSummary.ts | functions-answerlattice/src/integrations/configStore.ts | functions-answerlattice/src/integrations/deliveryLogger.ts | functions/src/aggregateCustomerAnalytics.ts | functions/src/analytics/obpAnalyticsAggregation.ts | functions/src/analytics/stalenessCheck.ts | functions/src/analytics/storeTruthConfidence.ts | functions/src/answerlattice/compiledContextVersions.ts | functions/src/logic/publicCacheRevalidation.ts | functions/src/logic/saveFilesToProject.ts | functions/src/ownerBusinessAssistant/ownerBusinessHealthWriters.ts | functions/src/schedulers/menulistMaintenanceScheduler.ts | functions/src/triggers/operations.ts | scripts/backfill-digital-screen-private-controls.ts | scripts/backfill-digital-screen-public-mirrors.ts | scripts/backfill-project-slugs.ts | scripts/backfill-public-routing-project-summaries.ts | scripts/migrate-business-type-swap.ts | scripts/verification/test-answerlattice-ai-provider-health-state-emulator.ts | scripts/verification/test-answerlattice-changelog-emulator.ts | scripts/verification/test-answerlattice-chat-analytics-scheduler.ts | scripts/verification/test-answerlattice-compiled-context-invalidation-emulator.ts | scripts/verification/test-answerlattice-friction-insight-state-emulator.ts | scripts/verification/test-answerlattice-governance-emulator.ts | scripts/verification/test-answerlattice-integration-config-emulator.js | scripts/verification/test-answerlattice-integration-rules.ts | scripts/verification/test-answerlattice-kb-publishing-emulator.js | scripts/verification/test-answerlattice-knowledge-intake-rules.ts | scripts/verification/test-answerlattice-knowledge-intake-summary-emulator.js | scripts/verification/test-answerlattice-ontology-emulator.ts | scripts/verification/test-answerlattice-ontology-rules.ts | scripts/verification/test-answerlattice-platform-summary-rules.ts | scripts/verification/test-answerlattice-predictive-sync-state-emulator.ts | scripts/verification/test-answerlattice-product-surface-summary-emulator.ts | scripts/verification/test-answerlattice-release-emulator.ts | scripts/verification/test-answerlattice-support-board-rules.ts | scripts/verification/test-answerlattice-support-board-summary-emulator.ts | scripts/verification/test-custom-domain-claim.ts | scripts/verification/test-digital-screens-rules.ts | scripts/verification/test-special-menu-lifecycle-emulator.ts | scripts/verification/test-special-menu-lifecycle-rules.ts | scripts/verification/verify-answerlattice-founder-daily-brief.js | scripts/verification/verify-answerlattice-runtime-truth.js | scripts/verification/verify-billing-entitlement-boundary.js | scripts/verification/verify-internal-ops-flow-boundary.js | scripts/verification/verify-menu-extraction-pipeline.js | scripts/verification/verify-menulist-api-tenant-safety.js | scripts/verification/verify-mobile-upload-extraction.mjs | scripts/verification/verify-multi-location-boundary.js | scripts/verification/verify-owner-business-health-boundary.js | scripts/verification/verify-public-business-truth.js | scripts/verification/verify-public-routing-summary-backfill.mjs | scripts/verification/verify-public-truth-monitor-addon.js | src/app/api/answerlattice/answer-tests/route.ts | src/app/api/answerlattice/onboard/route.ts | src/app/api/answerlattice/operations/status/route.ts | src/app/api/domain/route.ts | src/app/api/outlets/brand-propagation/route.ts | src/app/api/outlets/rename/route.ts | src/app/api/platform/entity-blocks/route.ts | src/app/api/projects/outlet-save/route.ts | src/app/api/public/create-menu/claim/route.ts | src/app/api/screen/seen/route.ts | src/app/api/subdomain/check/route.ts | src/app/api/widget/config/route.ts | src/app/client/[[...slug]]/page.tsx | src/app/client/obp/OBPContent.tsx | src/app/client/sitemap.ts | src/app/screen/[token]/MenuBoardDisplay.tsx | src/app/screen/[token]/ScreenDisplay.tsx | src/constants/database.ts | src/database/answerlattice/frictionStats.ts | src/database/answerlattice/predictiveTriggers.ts | src/database/answerlattice/productSurfaces.ts | src/database/campaigns/index.ts | src/database/campaigns/serverScreen.ts | src/database/growthos/index.ts | src/database/multiOutlet/propagation.ts | src/database/platformSummary/index.ts | src/database/stores/index.tsx | src/hooks/usePlatformStoreSummaryOptions.ts | src/lib/answerlattice/compiledSourceVersionsAdmin.ts | src/lib/answerlattice/contextBundleBuilderServer.ts | src/lib/answerlattice/firstTrustedAnswerPackServer.ts | src/lib/answerlattice/governanceServer.ts | src/lib/answerlattice/graphTraversal.ts | src/lib/answerlattice/invalidationOwnership.ts | src/lib/answerlattice/invalidationOwnershipClient.ts | src/lib/answerlattice/knowledgeIntake.ts | src/lib/answerlattice/ontologyServer.ts | src/lib/answerlattice/ownerSupportAssistant.ts | src/lib/answerlattice/predictiveEngine.ts | src/lib/answerlattice/productSurfaceContentServer.ts | src/lib/answerlattice/tenantSummaryAdmin.ts | src/lib/messaging-onboarding/publish.ts | src/lib/onboarding/compensateFailedOnboarding.ts | src/lib/onboarding/createTenantStore.ts | src/lib/ownerBusinessAssistant/server/buildOwnerBusinessAssistantContextPacket.ts | src/lib/platform/platformCounterAllocator.ts | src/lib/routing/customDomainClaim.ts | src/lib/routing/outletSlugClaim.ts | src/lib/routing/subdomainClaim.ts | src/lib/screen/publicScreenState.ts | src/lib/screen/screenManagementServer.ts | src/lib/screen/serverScreenInvalidation.ts","in-progress","Same collection name in separate MenuList and Answerlattice Firebase projects, with document-family-specific authority rather than one shared cross-product datastore. Restart 982 fully traces Answerlattice platformSummary/entityGraphIndex_{tId}_{sId} and sourceVersions_{tId}_{sId}: the nightly Admin scheduler derives the graph from exact AL tenant/workspace entities, relations and active canonical answers; the authenticated Knowledge Map DAL independently derives its active Answerlattice session scope and performs two product-local point reads; strict runtime projectors return only bounded graph/freshness data. Other MenuList and Answerlattice summary families have independent producers/consumers and retain prior or inventory evidence, so the collection is not globally closed.","MenuList and Answerlattice use separate rulesets and Firebase projects. For Answerlattice, default deny applies; entityGraphIndex is client-readable only to an exact persisted tenant/workspace member with knowledge-control permission, while sourceVersions is available by exact get only to the current workspace and knowledge-control or context-rebuild authority. Browser writes to entityGraphIndex remain denied. Runtime parsing independently requires pId AL, exact numeric tId/sId, bounded timestamp/version/counts, governed entity/relation values and valid graph references before projection. Restart 982 changes no Firestore rule.","The Knowledge Map uses two deterministic point reads and needs no index, listener, per-node query, browser cache, Redux, SWR or local-storage state. The nightly graph writer uses bounded product/tenant/workspace collection queries guarded by existing Answerlattice indexes, one source-version point read and one existing-summary point read. It now skips a write only when exact envelope keys and both independently hashed stored/new payloads match; otherwise it exact-replaces the summary. The complete 175-source multi-family collection remains in-progress pending direct review of every other summary producer, reader, rule, index and verifier.","AUDIT-AL-KNOWLEDGE-MAP-SOURCE-HASH-RECOVERY-001"
"posDeliveryLogs","MenuList/shared","DB_COLLECTIONS.POS_DELIVERY_LOGS","constant definition | read/query | reference | security-rule | transaction/batch | write","6","firestore.rules | scripts/verification/test-pos-sync-secret-rules.ts | scripts/verification/verify-pos-sync-boundary.js | src/app/api/pos-sync/deliver/route.ts | src/components/templates/main-app/businessSettings/tabs/PosSyncTab.tsx | src/constants/database.ts","firestore.rules:229 | scripts/verification/test-pos-sync-secret-rules.ts:60 | scripts/verification/test-pos-sync-secret-rules.ts:89 | scripts/verification/test-pos-sync-secret-rules.ts:100 | scripts/verification/test-pos-sync-secret-rules.ts:109 | scripts/verification/verify-pos-sync-boundary.js:194 | src/app/api/pos-sync/deliver/route.ts:360 | src/components/templates/main-app/businessSettings/tabs/PosSyncTab.tsx:271 | src/components/templates/main-app/businessSettings/tabs/PosSyncTab.tsx:275 | src/constants/database.ts:0","698f2e76fb91f1635bbc813bafc7c4aa82ef8ff9498bb3e56f4c18696a5a96ee","4","firestore.rules | src/constants/database.ts","in-progress","MenuList nested store delivery history; server/Functions producers only, exact parent tenant/store owner reader, no client writer","rule path observed; nested exact parent tenant/store read path with client create/update/delete denied; emulator verified locally","Nested ordered read uses the existing single-field timestamp index; no composite index required","AUDIT-POS-DELIVERY-HISTORY-RULES-001 | AUDIT-POS-DELIVERY-HISTORY-PROJECTION-001 | AUDIT-AUDIT-CATALOG-SCRIPT-001"
"posSyncSecrets","MenuList/shared","DB_COLLECTIONS.POS_SYNC_SECRETS","constant definition | delete | read/query | reference | security-rule | write","5","firestore.rules | scripts/verification/test-pos-sync-secret-rules.ts | scripts/verification/verify-pos-sync-boundary.js | src/constants/database.ts | src/lib/posSync/serverSecretStore.ts","firestore.rules:1172 | scripts/verification/test-pos-sync-secret-rules.ts:53 | scripts/verification/test-pos-sync-secret-rules.ts:92 | scripts/verification/test-pos-sync-secret-rules.ts:93 | scripts/verification/verify-pos-sync-boundary.js:490 | src/lib/posSync/serverSecretStore.ts:32 | src/constants/database.ts:0","eea34db9fcaa1e7dce2b9cc0fc8387b3925c41f66cbb378a79a7a5fb342706b6","3","firestore.rules | src/constants/database.ts","in-progress","MenuList server-owned per-tenant/store HMAC secret at deterministic posSyncSecrets/{numericTenantDocumentId}_{numericStoreDocumentId}. Protected no-store routes first reconcile exact session/request scope, transaction-read current tenant/store lifecycle and require integration-management permission. The private row is then projected through exact MenuList product, numeric tenant/store identity, positive safe-integer version and bounded secret before reveal, test signing or delivery signing. Identity-less legacy rows are compatibility input only and exact-rewrite on migration-capable reads; contradictory identity fails closed. Store truth retains a non-secret version marker and legacy store secrets are transactionally deleted.","The explicit /posSyncSecrets/{docId} rule denies every browser read and write, including owner, staff, platform and anonymous identities; the focused real emulator proves denial. Store rules separately prevent clients from adding/changing/deleting a legacy posSync.webhookSecret. All canonical access uses authenticated Node/Admin routes after independent current scope and permission checks. The complete shared rules file remains in-progress, so this collection cannot yet be marked reviewed.","All secret access uses one exact deterministic document in the same transaction as current tenant/store state. No collection query, composite index, TTL, cache, Redux, SWR, local-storage or public DTO applies. Migration/rotation exact-replace the private row and couple the store version/legacy deletion in one transaction; no orphan or partial cross-document state is committed.","AUDIT-POS-SECRET-CURRENT-SCOPE-001 | AUDIT-POS-SECRET-PERSISTED-IDENTITY-001"
"pricingPlans","MenuList/shared","DB_COLLECTIONS.PRICING_PLANS","constant definition | read/query | security-rule | transaction/batch | write","4","firestore.rules | scripts/verification/test-pricing-plans-rules.ts | src/constants/database.ts | src/database/pricingPlans/index.ts","firestore.rules:946 | scripts/verification/test-pricing-plans-rules.ts:47 | scripts/verification/test-pricing-plans-rules.ts:48 | scripts/verification/test-pricing-plans-rules.ts:56 | scripts/verification/test-pricing-plans-rules.ts:57 | scripts/verification/test-pricing-plans-rules.ts:71 | scripts/verification/test-pricing-plans-rules.ts:72 | scripts/verification/test-pricing-plans-rules.ts:73 | scripts/verification/test-pricing-plans-rules.ts:74 | scripts/verification/test-pricing-plans-rules.ts:75 | scripts/verification/test-pricing-plans-rules.ts:76 | scripts/verification/test-pricing-plans-rules.ts:78 | scripts/verification/test-pricing-plans-rules.ts:82 | scripts/verification/test-pricing-plans-rules.ts:84 | scripts/verification/test-pricing-plans-rules.ts:89 | scripts/verification/test-pricing-plans-rules.ts:94 | scripts/verification/test-pricing-plans-rules.ts:96 | scripts/verification/test-pricing-plans-rules.ts:97 | scripts/verification/test-pricing-plans-rules.ts:98 | scripts/verification/test-pricing-plans-rules.ts:102 | scripts/verification/test-pricing-plans-rules.ts:84 | scripts/verification/test-pricing-plans-rules.ts:89 | scripts/verification/test-pricing-plans-rules.ts:94 | src/database/pricingPlans/index.ts:9 | src/constants/database.ts:0","5664e088f50a0ae695d62de70b99bb0bcd1355afff52dd29bfb93c9522929685","2","firestore.rules | src/constants/database.ts","in-progress","MenuList global platform billing-catalog namespace, not tenant-owned subscription truth. Anonymous clients may directly get only strict-shaped active plans and may list only active records carrying the platform-write-only publicSafe marker with an explicit 101-row overflow limit. Authenticated platform administrators can read legacy rows for repair and are the only browser writers.","Direct public get requires the complete public field allowlist and active state. Public list requires active plus publicSafe and a query limit no greater than 101; new/updated rows require exact public shape and publicSafe. Platform writes are create/update only and the DAL uses exact-replacement transactions so legacy internal fields are actually removed. Owner writes and every delete are denied.","DAL list admission is at most 100 rows after a 101-row overflow probe. Active public listing uses equality predicates on active/publicSafe plus a limit and relies on Firestore single-field index merging; no ordering or composite index is currently required. Existing strict legacy rows without publicSafe remain direct-get compatible but are intentionally absent from lists until exact rewrite; active legacy-private live rows require owner inspection because rules are not filters.","AUDIT-BILLING-001 | AUDIT-BILLING-017 | AUDIT-BILLING-018 | AUDIT-PRICING-PLAN-INACTIVE-PUBLIC-READ-001 | AUDIT-PRICING-PLAN-UNBOUNDED-READ-001"
"privateData","MenuList/shared","","delete | read/query | write","1","scripts/verification/test-tenant-store-scoped-rules.ts","scripts/verification/test-tenant-store-scoped-rules.ts:13","7a1d7368ba228e87112103f011d796613022cb3947d10ed99e1dcb4548e65737","1","","in-progress","Rules-emulator-only sentinel subcollection under tenants/{tId}/stores/{sId}; no production constant, reader, writer, route, job or persisted contract uses this name","The generic tenant/store descendant rule is exercised to prove exact tenant and assigned-store read isolation; the emulator seeds through disabled rules and performs no production client mutation","Test documents use exact reads only; no production index, TTL or retention policy applies","AUDIT-COLLECTION-CATALOG-LITERAL-PATH-OMISSION-001"
"projects","MenuList/shared","DB_COLLECTIONS.PROJECTS | FUNCTIONS_DB_COLLECTIONS.PROJECTS","cache/derived-state | constant definition | delete | read/query | reference | security-rule | write","52","firestore.rules | functions/src/analytics/menuDriftMetrics.ts | functions/src/constants/database.ts | functions/src/decisionBlocksScoring.ts | functions/src/logic/saveFilesToProject.ts | functions/src/monitoring/publishVerification.ts | functions/src/schedulers/menulistMaintenanceScheduler.ts | functions/src/schedulers/specialMenuLifecycle.ts | scripts/backfill-public-routing-project-summaries.ts | scripts/verification/test-ai-menu-manager-emulator.ts | scripts/verification/test-decision-blocks-stale-clear-emulator.ts | scripts/verification/test-growthos-transactions-emulator.ts | scripts/verification/test-menu-change-log-rules.ts | scripts/verification/test-menu-extraction-job-concurrency-emulator.ts | scripts/verification/test-publish-verification-scope.ts | scripts/verification/test-special-menu-lifecycle-emulator.ts | scripts/verification/test-special-menu-lifecycle-rules.ts | scripts/verification/test-tenant-store-scoped-rules.ts | scripts/verification/verify-ai-menu-manager.js | scripts/verification/verify-guest-feedback-boundary.js | scripts/verification/verify-menu-extraction-pipeline.js | scripts/verification/verify-menulist-api-tenant-safety.js | scripts/verification/verify-mobile-upload-extraction.mjs | scripts/verification/verify-platform-pull-api-boundary.js | scripts/verification/verify-public-business-truth.js | scripts/verification/verify-public-routing-summary-backfill.mjs | src/app/api/menu-extraction/jobs/route.ts | src/app/api/menu-link-imports/route.ts | src/app/api/ops/extraction/jobs/[jobId]/retry/route.ts | src/app/api/outlets/create/route.ts | src/app/api/pos-sync/deliver/route.ts | src/app/api/projects/delete/route.ts | src/app/api/projects/master-job-status/route.ts | src/app/api/projects/outlet-save/route.ts | src/app/api/public/create-menu/claim/route.ts | src/app/api/public/feedback/submit/route.ts | src/app/api/public/v1/menu/route.ts | src/app/client/[[...slug]]/page.tsx | src/app/feedback/[projectId]/page.tsx | src/constants/database.ts | src/database/aiMenuManager/server.ts | src/database/campaigns/serverScreen.ts | src/database/growthos/server.ts | src/database/multiOutlet/index.ts | src/database/multiOutlet/propagation.ts | src/database/projects/index.ts | src/database/projects/specialMenuLifecycle.ts | src/database/publicTruthMonitor/server.ts | src/hooks/useMasterUpdateAwareness.ts | src/lib/extraction/applyChanges.ts | src/lib/menu-extraction/menuIntakeIdentityServer.ts | src/lib/multiOutlet/serverOutletPolicy.ts","firestore.rules:29 | firestore.rules:37 | functions/src/analytics/menuDriftMetrics.ts:390 | functions/src/decisionBlocksScoring.ts:237 | functions/src/decisionBlocksScoring.ts:245 | functions/src/logic/saveFilesToProject.ts:24 | functions/src/monitoring/publishVerification.ts:369 | functions/src/schedulers/menulistMaintenanceScheduler.ts:1289 | functions/src/schedulers/specialMenuLifecycle.ts:195 | scripts/backfill-public-routing-project-summaries.ts:236 | scripts/backfill-public-routing-project-summaries.ts:236 | scripts/verification/test-ai-menu-manager-emulator.ts:31 | scripts/verification/test-decision-blocks-stale-clear-emulator.ts:7 | scripts/verification/test-decision-blocks-stale-clear-emulator.ts:7 | scripts/verification/test-growthos-transactions-emulator.ts:40 | scripts/verification/test-growthos-transactions-emulator.ts:150 | scripts/verification/test-menu-change-log-rules.ts:95 | scripts/verification/test-menu-change-log-rules.ts:96 | scripts/verification/test-menu-change-log-rules.ts:97 | scripts/verification/test-menu-extraction-job-concurrency-emulator.ts:64 | scripts/verification/test-publish-verification-scope.ts:103 | scripts/verification/test-publish-verification-scope.ts:103 | scripts/verification/test-special-menu-lifecycle-emulator.ts:42 | scripts/verification/test-special-menu-lifecycle-emulator.ts:42 | scripts/verification/test-special-menu-lifecycle-rules.ts:68 | scripts/verification/test-special-menu-lifecycle-rules.ts:69 | scripts/verification/test-special-menu-lifecycle-rules.ts:70 | scripts/verification/test-special-menu-lifecycle-rules.ts:71 | scripts/verification/test-special-menu-lifecycle-rules.ts:101 | scripts/verification/test-special-menu-lifecycle-rules.ts:122 | scripts/verification/test-special-menu-lifecycle-rules.ts:123 | scripts/verification/test-special-menu-lifecycle-rules.ts:156 | scripts/verification/test-special-menu-lifecycle-rules.ts:157 | scripts/verification/test-special-menu-lifecycle-rules.ts:166 | scripts/verification/test-special-menu-lifecycle-rules.ts:198 | scripts/verification/test-special-menu-lifecycle-rules.ts:227 | scripts/verification/test-special-menu-lifecycle-rules.ts:240 | scripts/verification/test-special-menu-lifecycle-rules.ts:258 | scripts/verification/test-special-menu-lifecycle-rules.ts:279 | scripts/verification/test-tenant-store-scoped-rules.ts:74 | scripts/verification/test-tenant-store-scoped-rules.ts:80 | scripts/verification/test-tenant-store-scoped-rules.ts:86 | scripts/verification/test-tenant-store-scoped-rules.ts:92 | scripts/verification/test-tenant-store-scoped-rules.ts:99 | scripts/verification/test-tenant-store-scoped-rules.ts:105 | scripts/verification/test-tenant-store-scoped-rules.ts:111 | scripts/verification/test-tenant-store-scoped-rules.ts:118 | scripts/verification/test-tenant-store-scoped-rules.ts:125 | scripts/verification/test-tenant-store-scoped-rules.ts:305 | scripts/verification/test-tenant-store-scoped-rules.ts:311 | scripts/verification/test-tenant-store-scoped-rules.ts:317 | scripts/verification/test-tenant-store-scoped-rules.ts:324 | scripts/verification/test-tenant-store-scoped-rules.ts:331 | scripts/verification/test-tenant-store-scoped-rules.ts:334 | scripts/verification/test-tenant-store-scoped-rules.ts:338 | scripts/verification/test-tenant-store-scoped-rules.ts:339 | scripts/verification/test-tenant-store-scoped-rules.ts:363 | scripts/verification/test-tenant-store-scoped-rules.ts:367 | scripts/verification/test-tenant-store-scoped-rules.ts:370 | scripts/verification/test-tenant-store-scoped-rules.ts:373 | scripts/verification/test-tenant-store-scoped-rules.ts:376 | scripts/verification/test-tenant-store-scoped-rules.ts:379 | scripts/verification/test-tenant-store-scoped-rules.ts:382 | scripts/verification/test-tenant-store-scoped-rules.ts:385 | scripts/verification/test-tenant-store-scoped-rules.ts:388 | scripts/verification/test-tenant-store-scoped-rules.ts:391 | scripts/verification/test-tenant-store-scoped-rules.ts:394 | scripts/verification/verify-ai-menu-manager.js:1265 | scripts/verification/verify-guest-feedback-boundary.js:146 | scripts/verification/verify-guest-feedback-boundary.js:188 | scripts/verification/verify-menu-extraction-pipeline.js:176 | scripts/verification/verify-menu-extraction-pipeline.js:177 | scripts/verification/verify-menu-extraction-pipeline.js:2186 | scripts/verification/verify-menu-extraction-pipeline.js:2826 | scripts/verification/verify-menu-extraction-pipeline.js:4269 | scripts/verification/verify-menulist-api-tenant-safety.js:872 | scripts/verification/verify-menulist-api-tenant-safety.js:1944 | scripts/verification/verify-menulist-api-tenant-safety.js:4587 | scripts/verification/verify-mobile-upload-extraction.mjs:369 | scripts/verification/verify-mobile-upload-extraction.mjs:369","09f182d715d24adf7dda716f7ebd522d835445b69b6c061dc19628865c8bafb0","26","firestore.rules | functions/src/logic/saveFilesToProject.ts | functions/src/schedulers/menulistMaintenanceScheduler.ts | scripts/backfill-public-routing-project-summaries.ts | scripts/verification/test-decision-blocks-stale-clear-emulator.ts | scripts/verification/test-menu-extraction-job-concurrency-emulator.ts | scripts/verification/test-special-menu-lifecycle-emulator.ts | scripts/verification/test-special-menu-lifecycle-rules.ts | scripts/verification/verify-ai-menu-manager.js | scripts/verification/verify-menu-extraction-pipeline.js | scripts/verification/verify-menulist-api-tenant-safety.js | scripts/verification/verify-mobile-upload-extraction.mjs | scripts/verification/verify-platform-pull-api-boundary.js | scripts/verification/verify-public-business-truth.js | scripts/verification/verify-public-routing-summary-backfill.mjs | src/app/api/menu-extraction/jobs/route.ts | src/app/api/ops/extraction/jobs/[jobId]/retry/route.ts | src/app/api/projects/master-job-status/route.ts | src/app/api/projects/outlet-save/route.ts | src/app/api/public/create-menu/claim/route.ts | src/app/client/[[...slug]]/page.tsx | src/constants/database.ts | src/database/campaigns/serverScreen.ts | src/database/multiOutlet/propagation.ts | src/lib/extraction/applyChanges.ts | src/lib/menu-extraction/menuIntakeIdentityServer.ts","inventory-only","","rule path observed","",""
"projectsData","MenuList/shared","","delete | security-rule | transaction/batch | write","4","firestore.rules | scripts/verification/test-tenant-store-scoped-rules.ts | scripts/verification/verify-pricing-integrity-boundary.js | src/lib/pricing/integrityEngine.ts","firestore.rules:55 | scripts/verification/test-tenant-store-scoped-rules.ts:131 | scripts/verification/test-tenant-store-scoped-rules.ts:136 | scripts/verification/test-tenant-store-scoped-rules.ts:342 | scripts/verification/test-tenant-store-scoped-rules.ts:345 | scripts/verification/test-tenant-store-scoped-rules.ts:348 | scripts/verification/test-tenant-store-scoped-rules.ts:353 | scripts/verification/verify-pricing-integrity-boundary.js:172 | scripts/verification/verify-pricing-integrity-boundary.js:180 | src/lib/pricing/integrityEngine.ts:112","8270b7b10b4c382d784cab807cd951df0163e5d9ada70141f538e5dceb4705d8","2","firestore.rules | scripts/verification/verify-pricing-integrity-boundary.js","in-progress","Retired MenuList tenant/store legacy full-project alias at projectsData/{tId}/{sId}/{projectId}. The only executable writer/read helper is a deliberately unimported, non-barrel-exported pricing-integrity scaffold; active owner, mobile, multi-location, publish and public-output mutations use the canonical projects path. Historical alias rows remain browser-readable only as compatibility input. No active component, route, hook, cache, Redux, SWR, local-storage or public consumer reads this namespace.","Browser reads now require authenticated exact tenant membership plus current or mapped membership in the {sId} path. Single-store same-tenant cross-store, foreign-tenant and unauthenticated reads are denied; mapped multi-store reads remain admitted. Every create/update/delete remains denied, preventing parallel menu truth outside canonical project validation and publication effects. The broad real emulator covers the matrix. Shared rules remain ranged-reviewed, so the row stays in-progress.","Compatibility access is by exact document reference and needs no index. No active query, pagination, cache or TTL exists. No migration/delete is performed because historical rows may still be needed for owner recovery. Future retirement requires an evidence-backed data migration/retention decision rather than destructive cleanup.","AUDIT-RETIRED-PROJECT-ALIAS-STORE-READ-001"
"projectsMetadata","MenuList/shared","","delete | read/query | security-rule | transaction/batch | write","4","firestore.rules | scripts/verification/test-tenant-store-scoped-rules.ts | scripts/verification/verify-pricing-integrity-boundary.js | src/lib/pricing/integrityEngine.ts","firestore.rules:18 | scripts/verification/test-tenant-store-scoped-rules.ts:141 | scripts/verification/test-tenant-store-scoped-rules.ts:147 | scripts/verification/test-tenant-store-scoped-rules.ts:354 | scripts/verification/test-tenant-store-scoped-rules.ts:357 | scripts/verification/test-tenant-store-scoped-rules.ts:362 | scripts/verification/verify-pricing-integrity-boundary.js:170 | scripts/verification/verify-pricing-integrity-boundary.js:177 | src/lib/pricing/integrityEngine.ts:111 | src/lib/pricing/integrityEngine.ts:250 | src/lib/pricing/integrityEngine.ts:289 | src/lib/pricing/integrityEngine.ts:325","bdf6998bd0766f2c61e1522687c41fa4171109b6b5022dfaa85a8a5f5bc37d8c","2","firestore.rules | scripts/verification/verify-pricing-integrity-boundary.js","in-progress","Retired MenuList tenant/store pricing-integrity metadata alias at projectsMetadata/{tId}/{sId}/{projectId}. The only executable reader/writer is a deliberately unimported, non-barrel-exported pricing scaffold. Active menu price truth remains inside canonical projects documents; public cache, screen version and on-demand PDF behavior use maintained canonical flows. No active component, route, hook, Redux, SWR, local-storage or public consumer reads this alias.","Browser reads now require authenticated exact tenant membership plus current or mapped membership in the {sId} path. Single-store same-tenant cross-store, foreign-tenant and unauthenticated reads are denied; mapped multi-store reads remain admitted. Every browser write remains denied. The broad real emulator covers exact own/mapped/foreign scope and mutation denial. Shared rules remain ranged-reviewed, so the row stays in-progress.","The dormant scaffold performs exact-document reads/transactional updates only and no active caller exists, so no composite index, pagination or cache applies. No TTL or destructive migration is defined for historical compatibility state. Activation is prohibited without moving behavior to the canonical project publication/cache pipeline.","AUDIT-RETIRED-PROJECT-ALIAS-STORE-READ-001"
"providerConnections","CampaignCue","CAMPAIGNCUE_COLLECTIONS.PROVIDER_CONNECTIONS","constant definition | security-rule","2","firestore-campaigncue.rules | src/constants/campaigncue/database.ts","firestore-campaigncue.rules:81 | src/constants/campaigncue/database.ts:0","c74225f62804b8e59562f788b6daa358f8eab6fe4bc6344d0c24de70fa179740","2","","reviewed","Reserved CampaignCue workspace provider-connection identity only; export_download_only remains active and no OAuth/provider persistence producer or consumer exists","Only active durable CampaignCue workspace members with exact CC/tenant/store scope may read future server-owned rows; every client write is denied","No active query, composite index or TTL policy exists or is justified","AUDIT-CAMPAIGNCUE-FIREBASE-RULES-001 | AUDIT-CC-CLIENT-WORKSPACE-MEMBERSHIP-001"
"publicMenuDrafts","MenuList/shared","DB_COLLECTIONS.PUBLIC_MENU_DRAFTS | FUNCTIONS_DB_COLLECTIONS.PUBLIC_MENU_DRAFTS","constant definition | index definition | read/query | reference | transaction/batch | write","11","firestore.indexes.json | functions/src/constants/database.ts | functions/src/logic/processMenuImagesJob.ts | functions/src/schedulers/menulistMaintenanceScheduler.ts | scripts/verification/test-growth-intelligence-emulator.ts | scripts/verification/verify-growth-intelligence-boundary.js | scripts/verification/verify-public-menu-entry-boundary.js | src/app/api/public/create-menu/claim/route.ts | src/app/api/public/create-menu/route.ts | src/constants/database.ts | src/lib/ops/founderGrowthReadModel.ts","firestore.indexes.json:3259 | firestore.indexes.json:3264 | firestore.indexes.json:3269 | firestore.indexes.json:3274 | functions/src/logic/processMenuImagesJob.ts:465 | functions/src/logic/processMenuImagesJob.ts:641 | functions/src/logic/processMenuImagesJob.ts:673 | functions/src/schedulers/menulistMaintenanceScheduler.ts:694 | scripts/verification/test-growth-intelligence-emulator.ts:62 | scripts/verification/test-growth-intelligence-emulator.ts:63 | scripts/verification/test-growth-intelligence-emulator.ts:64 | scripts/verification/verify-growth-intelligence-boundary.js:72 | scripts/verification/verify-public-menu-entry-boundary.js:247 | src/app/api/public/create-menu/claim/route.ts:70 | src/app/api/public/create-menu/route.ts:60 | src/lib/ops/founderGrowthReadModel.ts:53 | src/constants/database.ts:0 | functions/src/constants/database.ts:0","c1105c2c56f46b5d2ad37c2dce363f919340560349a1c8da667e3240d604d56d","5","firestore.indexes.json | functions/src/logic/processMenuImagesJob.ts | functions/src/schedulers/menulistMaintenanceScheduler.ts | scripts/verification/verify-public-menu-entry-boundary.js | src/app/api/public/create-menu/claim/route.ts | src/constants/database.ts","inventory-only","","no rule path observed by catalog","",""
"queryEmbeddings","Answerlattice | MenuList/shared","ANSWERLATTICE_FUNCTIONS_DB_COLLECTIONS.QUERY_EMBEDDINGS | DB_COLLECTIONS.QUERY_EMBEDDINGS | FUNCTIONS_DB_COLLECTIONS.QUERY_EMBEDDINGS","cache/derived-state | constant definition | delete | index definition | read/query | reference | security-rule | transaction/batch | write","15","firestore-answerlattice.indexes.json | firestore-answerlattice.rules | firestore.indexes.json | firestore.rules | functions-answerlattice/src/answerlattice/dataRetention.ts | functions-answerlattice/src/constants/database.ts | functions/src/constants/database.ts | scripts/verification/test-answerlattice-content-feedback-emulator.ts | scripts/verification/test-answerlattice-search-cache-emulator.ts | scripts/verification/test-answerlattice-workspace-lifecycle-contracts.ts | scripts/verification/verify-answerlattice-runtime-truth.js | src/constants/database.ts | src/database/queryEmbeddings/index.ts | src/lib/answerlattice/workspaceLifecycleContracts.ts | src/lib/answerlattice/workspaceLifecycleServer.ts","firestore-answerlattice.indexes.json:78 | firestore-answerlattice.indexes.json:2041 | firestore-answerlattice.rules:307 | firestore.indexes.json:69 | firestore.indexes.json:3117 | firestore.rules:833 | functions-answerlattice/src/answerlattice/dataRetention.ts:579 | scripts/verification/test-answerlattice-content-feedback-emulator.ts:329 | scripts/verification/test-answerlattice-content-feedback-emulator.ts:329 | scripts/verification/test-answerlattice-content-feedback-emulator.ts:332 | scripts/verification/test-answerlattice-content-feedback-emulator.ts:332 | scripts/verification/test-answerlattice-content-feedback-emulator.ts:367 | scripts/verification/test-answerlattice-content-feedback-emulator.ts:367 | scripts/verification/test-answerlattice-content-feedback-emulator.ts:368 | scripts/verification/test-answerlattice-content-feedback-emulator.ts:368 | scripts/verification/test-answerlattice-search-cache-emulator.ts:37 | scripts/verification/test-answerlattice-search-cache-emulator.ts:57 | scripts/verification/test-answerlattice-search-cache-emulator.ts:78 | scripts/verification/test-answerlattice-workspace-lifecycle-contracts.ts:6 | scripts/verification/verify-answerlattice-runtime-truth.js:10067 | src/database/queryEmbeddings/index.ts:10 | src/lib/answerlattice/workspaceLifecycleContracts.ts:32 | src/lib/answerlattice/workspaceLifecycleContracts.ts:65 | src/lib/answerlattice/workspaceLifecycleServer.ts:20 | src/constants/database.ts:0 | functions/src/constants/database.ts:0 | functions-answerlattice/src/constants/database.ts:0","648c1aa96688c0e0edfba5a6f01ef74122cb42ac98b86e09c1860856e4e1ca62","9","firestore.indexes.json | firestore.rules | scripts/verification/test-answerlattice-search-cache-emulator.ts | scripts/verification/verify-answerlattice-runtime-truth.js | src/constants/database.ts | src/database/queryEmbeddings/index.ts","inventory-only","","rule path observed","",""
"razorpayWebhookEvents","MenuList/shared","DB_COLLECTIONS.RAZORPAY_WEBHOOK_EVENTS | FUNCTIONS_DB_COLLECTIONS.RAZORPAY_WEBHOOK_EVENTS","constant definition | delete | index definition | read/query | reference | security-rule | transaction/batch","8","firestore.indexes.json | firestore.rules | functions/src/constants/database.ts | functions/src/schedulers/menulistMaintenanceScheduler.ts | scripts/verification/test-razorpay-webhook-lease-emulator.ts | scripts/verification/verify-menulist-api-tenant-safety.js | src/constants/database.ts | src/lib/billing/razorpayWebhookLease.ts","firestore.indexes.json:2057 | firestore.rules:592 | functions/src/schedulers/menulistMaintenanceScheduler.ts:2235 | functions/src/schedulers/menulistMaintenanceScheduler.ts:2239 | functions/src/schedulers/menulistMaintenanceScheduler.ts:2244 | scripts/verification/test-razorpay-webhook-lease-emulator.ts:15 | scripts/verification/test-razorpay-webhook-lease-emulator.ts:56 | scripts/verification/test-razorpay-webhook-lease-emulator.ts:93 | scripts/verification/test-razorpay-webhook-lease-emulator.ts:108 | scripts/verification/test-razorpay-webhook-lease-emulator.ts:125 | scripts/verification/test-razorpay-webhook-lease-emulator.ts:134 | scripts/verification/test-razorpay-webhook-lease-emulator.ts:148 | scripts/verification/test-razorpay-webhook-lease-emulator.ts:163 | scripts/verification/verify-menulist-api-tenant-safety.js:8141 | src/lib/billing/razorpayWebhookLease.ts:132 | src/lib/billing/razorpayWebhookLease.ts:183 | src/constants/database.ts:0 | functions/src/constants/database.ts:0","6d7db1b4e6c81d328d22cbc18347cafe1f22a51a6686ba5ab1acac7980aafc08","3","firestore.indexes.json | firestore.rules | functions/src/schedulers/menulistMaintenanceScheduler.ts | scripts/verification/verify-menulist-api-tenant-safety.js | src/constants/database.ts","in-progress","Central MenuList Admin-only signed Razorpay idempotency ledger shared by MenuList and Answerlattice; exact agreeing provider product and subscription-ID declarations plus exactly one persisted cross-product subscription owner select product ownership before claim. Zero matches/read failures retry without a claim, while dual matches, declaration mismatch, conflicting IDs and unknown declarations persist nothing. One bounded deterministic provider event key owns a strictly admitted version/key/UUID/timestamp/retry/provider/state/lease record, attempt-fenced exact terminal state and bounded product/scope diagnostics. Malformed persisted rows fail retryably and cannot acknowledge duplicate work. The existing maintenance scheduler observes failed/expired work and deletes terminal/stale-processing rows older than 90 days","Explicit universal client read/write deny is emulator-covered. The public route writes only after body caps, rate limiting, signature validation and event-envelope admission; every mutation uses Admin SDK transactions","Exact document transactions own claim and attempt-fenced terminal state; daily health uses the declared status/processingExpiresAt composite and retention uses the automatic updatedAt range index. No TTL policy applies because cleanup deliberately coordinates active/terminal status","AUDIT-BILLING-WEBHOOK-LEASE-FENCE-001 | AUDIT-BILLING-WEBHOOK-PRODUCT-RESOLUTION-001 | AUDIT-BILLING-WEBHOOK-SUBSCRIPTION-OWNERSHIP-001 | AUDIT-RAZORPAY-WEBHOOK-LEDGER-PERSISTED-BOUNDARY-001"
"resellerProfiles","MenuList/shared","DB_COLLECTIONS.RESELLER_PROFILES | FUNCTIONS_DB_COLLECTIONS.RESELLER_PROFILES","constant definition | read/query | reference | security-rule | write","13","firestore.rules | functions/src/constants/database.ts | functions/src/schedulers/menulistMaintenanceScheduler.ts | scripts/verification/test-reseller-onboarding-billing-emulator.ts | scripts/verification/test-reseller-profile-admission-emulator.ts | scripts/verification/verify-reseller-dashboard-boundary.js | src/app/api/reseller/add-location-capacity/route.ts | src/app/api/reseller/manage/route.ts | src/app/api/reseller/monthly-summary/route.ts | src/app/api/reseller/renew/route.ts | src/constants/database.ts | src/database/reseller/server.ts | src/lib/reseller/resellerLedger.ts","firestore.rules:1208 | functions/src/schedulers/menulistMaintenanceScheduler.ts:2480 | scripts/verification/test-reseller-onboarding-billing-emulator.ts:13 | scripts/verification/test-reseller-onboarding-billing-emulator.ts:163 | scripts/verification/test-reseller-onboarding-billing-emulator.ts:200 | scripts/verification/test-reseller-onboarding-billing-emulator.ts:232 | scripts/verification/test-reseller-onboarding-billing-emulator.ts:309 | scripts/verification/test-reseller-onboarding-billing-emulator.ts:339 | scripts/verification/test-reseller-profile-admission-emulator.ts:21 | scripts/verification/verify-reseller-dashboard-boundary.js:690 | scripts/verification/verify-reseller-dashboard-boundary.js:773 | src/app/api/reseller/add-location-capacity/route.ts:251 | src/app/api/reseller/manage/route.ts:200 | src/app/api/reseller/manage/route.ts:201 | src/app/api/reseller/manage/route.ts:469 | src/app/api/reseller/monthly-summary/route.ts:122 | src/app/api/reseller/renew/route.ts:242 | src/database/reseller/server.ts:17 | src/lib/reseller/resellerLedger.ts:79 | src/lib/reseller/resellerLedger.ts:121 | src/constants/database.ts:0 | functions/src/constants/database.ts:0","edb2892f4d851c5abeb01b7e8e1c75ba97ea1f1cbffedba70132992bc3fda893","7","firestore.rules | functions/src/schedulers/menulistMaintenanceScheduler.ts | scripts/verification/test-reseller-profile-admission-emulator.ts | scripts/verification/verify-reseller-dashboard-boundary.js | src/constants/database.ts | src/lib/reseller/resellerLedger.ts","inventory-only","","rule path observed","",""
"resellerTransactions","MenuList/shared","DB_COLLECTIONS.RESELLER_TRANSACTIONS | FUNCTIONS_DB_COLLECTIONS.RESELLER_TRANSACTIONS","constant definition | index definition | read/query | reference | security-rule | transaction/batch | write","14","firestore.indexes.json | firestore.rules | functions/src/constants/database.ts | scripts/verification/test-reseller-onboarding-billing-emulator.ts | scripts/verification/test-reseller-rules.ts | scripts/verification/verify-platform-founder-monitor-boundary.js | scripts/verification/verify-reseller-dashboard-boundary.js | src/app/api/reseller/add-location-capacity/route.ts | src/app/api/reseller/monthly-summary/route.ts | src/app/api/reseller/onboard/route.ts | src/app/api/reseller/renew/route.ts | src/constants/database.ts | src/database/reseller/server.ts | src/lib/reseller/resellerLedger.ts","firestore.indexes.json:1872 | firestore.rules:1204 | scripts/verification/test-reseller-onboarding-billing-emulator.ts:285 | scripts/verification/test-reseller-onboarding-billing-emulator.ts:290 | scripts/verification/test-reseller-onboarding-billing-emulator.ts:314 | scripts/verification/test-reseller-onboarding-billing-emulator.ts:344 | scripts/verification/test-reseller-onboarding-billing-emulator.ts:369 | scripts/verification/test-reseller-rules.ts:64 | scripts/verification/test-reseller-rules.ts:69 | scripts/verification/test-reseller-rules.ts:64 | scripts/verification/test-reseller-rules.ts:69 | scripts/verification/verify-platform-founder-monitor-boundary.js:87 | scripts/verification/verify-reseller-dashboard-boundary.js:708 | scripts/verification/verify-reseller-dashboard-boundary.js:689 | scripts/verification/verify-reseller-dashboard-boundary.js:593 | scripts/verification/verify-reseller-dashboard-boundary.js:633 | scripts/verification/verify-reseller-dashboard-boundary.js:708 | scripts/verification/verify-reseller-dashboard-boundary.js:743 | src/app/api/reseller/add-location-capacity/route.ts:165 | src/app/api/reseller/monthly-summary/route.ts:174 | src/app/api/reseller/onboard/route.ts:361 | src/app/api/reseller/renew/route.ts:171 | src/database/reseller/server.ts:16 | src/lib/reseller/resellerLedger.ts:28 | src/constants/database.ts:0 | functions/src/constants/database.ts:0","e9b71a673e8d0d27e4990cdd0153af4dcb961f0a97757be14dd1c5e6b4d3dd96","8","firestore.indexes.json | firestore.rules | scripts/verification/test-reseller-rules.ts | scripts/verification/verify-reseller-dashboard-boundary.js | src/constants/database.ts | src/lib/reseller/resellerLedger.ts","inventory-only","","rule path observed","",""
"reviews","MenuList/shared","DB_COLLECTIONS.REVIEWS | FUNCTIONS_DB_COLLECTIONS.REVIEWS","constant definition | delete | read/query | security-rule | write","5","firestore.rules | functions/src/constants/database.ts | scripts/verification/test-tenant-store-scoped-rules.ts | scripts/verification/verify-reseller-dashboard-boundary.js | src/constants/database.ts","firestore.rules:1215 | scripts/verification/test-tenant-store-scoped-rules.ts:162 | scripts/verification/test-tenant-store-scoped-rules.ts:275 | scripts/verification/test-tenant-store-scoped-rules.ts:276 | scripts/verification/test-tenant-store-scoped-rules.ts:281 | scripts/verification/verify-reseller-dashboard-boundary.js:691 | src/constants/database.ts:0 | functions/src/constants/database.ts:0","11539d59274d57acba9a7c78e68a5949e907f2b6bceecac7f7d6229101325b78","2","firestore.rules | scripts/verification/verify-reseller-dashboard-boundary.js | src/constants/database.ts","in-progress","Reserved dormant MenuList tenant/store raw-review namespace at reviews/{tId}/{sId}/{reviewId}. No ingestion function, DAL, route, component consumer, scheduler, writer, runtime persisted-shape projector, cache, Redux, SWR, local-storage or public DTO exists. The only SDK operations are security-test fixtures proving denial. Constants and planned docs reserve the future path but do not activate it.","The exact nested rule now denies every browser read and write, including authenticated owner, mapped multi-store, foreign-tenant and platform-client identities. The tenant/store emulator also proves delete denial. Any future activation must add a dedicated runtime schema, private/public field contract, server writer, owner authorization tests and retention model before weakening this deny. The complete shared rules file and an aggregate verifier that uses this path only as a neighboring delimiter remain in-progress, so the catalog row cannot yet be marked reviewed.","No active query, writer or reader exists, so no single-field/composite index or TTL applies. The namespace has no confirmed current data and no migration/delete was performed. Future provider ingestion must define ordering, pagination, deduplication, idempotency and retention before any index is added.","AUDIT-DORMANT-RAW-REVIEWS-READ-SURFACE-001"
"reviewsState","MenuList/shared","DB_COLLECTIONS.REVIEWS_STATE | FUNCTIONS_DB_COLLECTIONS.REVIEWS_STATE","constant definition | index definition | read/query | security-rule | write","8","firestore.indexes.json | firestore.rules | functions/src/constants/database.ts | scripts/verification/test-reviews-reputation-rules.ts | scripts/verification/verify-menulist-api-tenant-safety.js | scripts/verification/verify-reviews-reputation-boundary.js | src/app/api/reviews/states/route.ts | src/constants/database.ts","firestore.indexes.json:1457 | firestore.indexes.json:1479 | firestore.rules:1219 | scripts/verification/test-reviews-reputation-rules.ts:51 | scripts/verification/test-reviews-reputation-rules.ts:52 | scripts/verification/test-reviews-reputation-rules.ts:53 | scripts/verification/test-reviews-reputation-rules.ts:54 | scripts/verification/test-reviews-reputation-rules.ts:55 | scripts/verification/test-reviews-reputation-rules.ts:84 | scripts/verification/test-reviews-reputation-rules.ts:85 | scripts/verification/test-reviews-reputation-rules.ts:86 | scripts/verification/test-reviews-reputation-rules.ts:87 | scripts/verification/test-reviews-reputation-rules.ts:88 | scripts/verification/test-reviews-reputation-rules.ts:89 | scripts/verification/test-reviews-reputation-rules.ts:90 | scripts/verification/test-reviews-reputation-rules.ts:91 | scripts/verification/test-reviews-reputation-rules.ts:92 | scripts/verification/test-reviews-reputation-rules.ts:95 | scripts/verification/test-reviews-reputation-rules.ts:100 | scripts/verification/test-reviews-reputation-rules.ts:105 | scripts/verification/test-reviews-reputation-rules.ts:109 | scripts/verification/test-reviews-reputation-rules.ts:95 | scripts/verification/test-reviews-reputation-rules.ts:100 | scripts/verification/verify-menulist-api-tenant-safety.js:7788 | scripts/verification/verify-reviews-reputation-boundary.js:147 | scripts/verification/verify-reviews-reputation-boundary.js:156 | src/app/api/reviews/states/route.ts:93 | src/app/api/reviews/states/route.ts:105 | src/constants/database.ts:0 | functions/src/constants/database.ts:0","2ee5cf275eb247bb3408e548ec2ad81ac40fc800e58116def6eada6fde7189f9","4","firestore.indexes.json | firestore.rules | scripts/verification/verify-menulist-api-tenant-safety.js | src/constants/database.ts","in-progress","Reserved dormant MenuList server-only review-classification state at flat reviewsState/{reviewId}, with embedded tenant/store ownership fields. No source currently writes the collection. If intentionally activated, the authenticated no-store Admin route derives tenant/store only from the server session, performs two independently tenant/store-scoped and expiry-bounded limit(1) queries, and projects the result to two booleans. The dormant unmounted owner component admits only that exact bounded response. No public output, cache, Redux, SWR, local-storage or integration consumer exists.","The exact rule now denies every browser read and write, including owner, mapped multi-store, foreign-tenant, platform-client and anonymous identities. This prevents direct SDK reads from bypassing the route's boolean-only projection and exposing classification, classifierVersion or triggerKeywords. The focused emulator proves document reads, collection queries and writes are denied. Admin SDK remains outside client rules. The complete shared rules file is still only ranged-reviewed, so this collection remains conservatively in-progress.","Two composites exactly support the dormant route's tenant/store/blockActive-or-escalationActive/autoExpiresAt queries, each capped at one result. No other reviewsState index exists. The index file's relevant entries were directly reconciled, but the complete current shared index file lacks a matching whole-file review fingerprint. No TTL or writer exists; activation must establish runtime schema validation, retention, idempotent ingestion and legacy normalization before persistence.","AUDIT-REVIEWS-STATE-PRIVATE-FIELD-BYPASS-001"
"schedulerRunLogs","MenuList/shared","DB_COLLECTIONS.SCHEDULER_RUN_LOGS | FUNCTIONS_DB_COLLECTIONS.SCHEDULER_RUN_LOGS","constant definition | index definition | read/query | reference | security-rule | transaction/batch","8","firestore.indexes.json | firestore.rules | functions/src/constants/database.ts | functions/src/decisionBlocksScoring.ts | functions/src/schedulers/menulistMaintenanceScheduler.ts | scripts/verification/verify-scheduler-monitor-boundary.js | src/constants/database.ts | src/database/ops/scheduler.ts","firestore.indexes.json:1291 | firestore.indexes.json:1305 | firestore.rules:1143 | functions/src/decisionBlocksScoring.ts:1682 | functions/src/decisionBlocksScoring.ts:2675 | functions/src/decisionBlocksScoring.ts:2797 | functions/src/schedulers/menulistMaintenanceScheduler.ts:470 | functions/src/schedulers/menulistMaintenanceScheduler.ts:884 | functions/src/schedulers/menulistMaintenanceScheduler.ts:1765 | scripts/verification/verify-scheduler-monitor-boundary.js:41 | scripts/verification/verify-scheduler-monitor-boundary.js:41 | src/database/ops/scheduler.ts:282 | src/database/ops/scheduler.ts:321 | src/database/ops/scheduler.ts:356 | src/database/ops/scheduler.ts:430 | src/database/ops/scheduler.ts:282 | src/database/ops/scheduler.ts:321 | src/database/ops/scheduler.ts:356 | src/database/ops/scheduler.ts:430 | src/constants/database.ts:0 | functions/src/constants/database.ts:0","99c2f507e2b751f6ccc6acbc54b912ed10b3ec3ae21b7af5fbd13289d07e15b5","4","firestore.indexes.json | firestore.rules | functions/src/schedulers/menulistMaintenanceScheduler.ts | src/constants/database.ts","in-progress","MenuList global operational scheduler-run evidence. Cloud Functions Admin writers create bounded 90-day records for the consolidated maintenance scheduler, Decision Blocks nightly/manual execution and the KB-generation watchdog; each row carries a current task name, trigger, status, start/completion timestamps, duration and bounded result/error metadata. The protected browser DAL requires current persisted platform access, projects every row through a strict runtime boundary and exposes bounded recent/detail/health projections only to the internal scheduler dashboard. There is no tenant/store owner DTO, public output, cache, Redux, SWR or local-storage consumer.","The explicit /schedulerRunLogs/{docId} rule permits reads only to authenticated current platform administrators and denies every browser write. Cloud Functions writers use the Admin SDK and server-owned task identity; the browser DAL independently requires current persisted platform access before any read. The shared rules file and the two large producer modules remain conservatively in-progress, so the collection is not marked fully reviewed.","Active composites support status plus startedAt descending and trigger plus startedAt descending. The dashboard exact seven-day count uses the automatic single-field startedAt index, while recent/detail queries remain bounded. Current writers persist expiresAt at 90 days and the consolidated daily maintenance task deletes bounded legacy rows by completedAt/startedAt; the guarded TTL setup does not currently declare schedulerRunLogs, so no remote TTL activation is claimed.","AUDIT-SCHEDULER-RUN-LOG-CONTRACT-001"
"schedules","CampaignCue","CAMPAIGNCUE_COLLECTIONS.SCHEDULES","constant definition | read/query | reference | security-rule","3","firestore-campaigncue.rules | src/constants/campaigncue/database.ts | src/lib/campaigncue/server.ts","firestore-campaigncue.rules:56 | src/lib/campaigncue/server.ts:1670 | src/lib/campaigncue/server.ts:1825 | src/lib/campaigncue/server.ts:3125 | src/lib/campaigncue/server.ts:3535 | src/constants/campaigncue/database.ts:0","f473425cdc6f2b8c4afd0a71e37bc244866e4d9c8016fa5afe57eb34d75049e0","3","","reviewed","Dedicated CampaignCue workspace-nested export-only schedule intent. Reads are bounded newest-first and strictly project exact workspace records; the schedule action creates a bounded server-generated ID and commits schedule, campaign, event, analytics and idempotency truth transactionally without a provider-side delivery effect","Direct browser reads require current active exact-CC workspace membership; every client write is denied. Server actions reprove session, current workspace authority, campaign state and retry claim before Admin writes","Bounded lists order by createdAt descending and are covered by the declared single-field/default index; no composite or TTL policy is required","AUDIT-CAMPAIGNCUE-FIREBASE-RULES-001 | AUDIT-CC-ACTION-IDEMPOTENCY-IDENTITY-001 | AUDIT-CC-ACTION-TRANSACTION-001 | AUDIT-CC-PERSISTED-RECORD-BOUNDARY-001"
"shifts","MenuList/shared","DB_COLLECTIONS.SHIFTS","constant definition","1","src/constants/database.ts","src/constants/database.ts:0","ce8e372e2fb37e0367ad857fc6113e61a8387c95fafaf754275f9d591b7be298","0","src/constants/database.ts","in-progress","Reserved legacy MenuList staff-scheduling collection name only; current staff management has no reader, writer, query, route, job or persisted shift contract","No explicit client rule path; root default deny applies. Any future scheduling activation requires an exact tenant/store/actor rules and concurrency review","No active query, document or retention path exists; no index or TTL policy is justified",""
"signaldeskActivationWatches","SignalDesk","SIGNALDESK_COLLECTIONS.ACTIVATION_WATCHES","constant definition | index definition | reference | security-rule | write","10","firestore-signaldesk.indexes.json | firestore-signaldesk.rules | scripts/verification/e2e-signaldesk-local.js | scripts/verification/test-signaldesk-outcome-route-emulator.js | scripts/verification/test-signaldesk-workspace-contracts.ts | scripts/verification/verify-signaldesk-runtime.js | scripts/verification/verify-signaldesk-security-rules.js | src/constants/signaldesk/database.ts | src/lib/signaldesk/workflowServer.ts | src/lib/signaldesk/workspaceContracts.ts","firestore-signaldesk.indexes.json:440 | firestore-signaldesk.indexes.json:448 | firestore-signaldesk.rules:363 | scripts/verification/e2e-signaldesk-local.js:2840 | scripts/verification/test-signaldesk-outcome-route-emulator.js:97 | scripts/verification/test-signaldesk-workspace-contracts.ts:63 | scripts/verification/test-signaldesk-workspace-contracts.ts:990 | scripts/verification/test-signaldesk-workspace-contracts.ts:992 | scripts/verification/test-signaldesk-workspace-contracts.ts:996 | scripts/verification/test-signaldesk-workspace-contracts.ts:1009 | scripts/verification/test-signaldesk-workspace-contracts.ts:1024 | scripts/verification/verify-signaldesk-runtime.js:2591 | scripts/verification/verify-signaldesk-security-rules.js:10 | scripts/verification/verify-signaldesk-security-rules.js:316 | src/lib/signaldesk/workflowServer.ts:7565 | src/lib/signaldesk/workflowServer.ts:11139 | src/lib/signaldesk/workflowServer.ts:11168 | src/lib/signaldesk/workflowServer.ts:11261 | src/lib/signaldesk/workflowServer.ts:11638 | src/lib/signaldesk/workspaceContracts.ts:75 | src/lib/signaldesk/workspaceContracts.ts:1662 | src/constants/signaldesk/database.ts:0","98fd0be76500d042265a575685418282a479f3c6be0ba0825953ccc8f80a9451","3","scripts/verification/e2e-signaldesk-local.js | scripts/verification/test-signaldesk-outcome-route-emulator.js | scripts/verification/test-signaldesk-workspace-contracts.ts | scripts/verification/verify-signaldesk-runtime.js | scripts/verification/verify-signaldesk-security-rules.js | src/lib/signaldesk/workflowServer.ts | src/lib/signaldesk/workspaceContracts.ts","in-progress","SignalDesk-only deterministic per-target activation projection at activation_watch_{target-hash}. The protected manual recovery action requires target.review plus configure admission; automatic reconciliation runs only after accepted outcomes or later revenue-account qualification. One Admin transaction reads strict current target, revenue account, optional opportunity/control summary, existing watch and bounded coupled outcome summary/event authority, derives the seven-day milestone state, and conditionally updates only changed watch/account/opportunity/summary truth with audit, timeline and cost evidence. Revenue workspace and Daily Growth Mission are the final consumers. No MenuList store/project/menu/billing write, customer public output, browser cache, Redux, SWR or local-storage consumer exists.","The separate SignalDesk ruleset permits reads only to authenticated platform identity and only for rows with pId=SD; every browser write is denied. The server derives deterministic watch/account/opportunity identities from the admitted target rather than client scope, strict-projects every current row, and treats verified two-surface outcome event/summary coupling as the sole activation/win authority. Auto-sync failure leaves the already-accepted outcome durable, returns pending and emits bounded diagnostics for explicit recovery.","The watch itself uses deterministic point reads/writes; workspace listing orders by updatedAt. The maintained status+updatedAt and targetId+updatedAt composites support operational filtering. Outcome derivation fills through at most four 30-row pages, separately queries verified terminal activation so long history cannot hide it, and takes qualification timing from canonical target/outcome truth. Same projected truth ignores updatedAt and performs no repeat write/audit/cost effect. Focused workspace, fresh-lineage and outcome emulators pass; shared aggregate sources retain ranged evidence, so the family remains in-progress.",""
"signaldeskAiEvalSummaries","SignalDesk","SIGNALDESK_COLLECTIONS.AI_EVAL_SUMMARIES","constant definition | security-rule | write","3","firestore-signaldesk.rules | scripts/verification/verify-signaldesk-security-rules.js | src/constants/signaldesk/database.ts","firestore-signaldesk.rules:49 | scripts/verification/verify-signaldesk-security-rules.js:10 | scripts/verification/verify-signaldesk-security-rules.js:311 | src/constants/signaldesk/database.ts:0","a28a49047c8f1ee02ef3368c5c98397b729a4ef08b1d5d721d3037fb8941141c","2","scripts/verification/verify-signaldesk-security-rules.js","in-progress","Reserved dedicated SignalDesk AI-evaluation summary namespace. No current first-party runtime producer, reader, query, DTO, route, job or retention owner exists; only the product constant, explicit read rule and security emulator fixture remain","Direct reads require an authenticated PLATFORM claim and an existing resource with exact pId SD. Every client write is denied. The emulator proves an ordinary active member cannot read, a platform operator can read the exact-product fixture, and even that operator cannot write","No active query, persistence or retention path exists; no composite index, field exemption or TTL policy is justified","AUDIT-SD-DIRECT-FIRESTORE-ROLE-BOUNDARY-001 | AUDIT-SIGNALDESK-DORMANT-SUMMARY-RULE-COVERAGE-001"
"signaldeskAiOperationLedger","SignalDesk","SIGNALDESK_COLLECTIONS.AI_OPERATION_LEDGER","constant definition | read/query | reference | security-rule | write","5","firestore-signaldesk.rules | scripts/verification/e2e-signaldesk-local.js | scripts/verification/verify-signaldesk-security-rules.js | src/constants/signaldesk/database.ts | src/lib/signaldesk/workflowServer.ts","firestore-signaldesk.rules:143 | scripts/verification/e2e-signaldesk-local.js:1954 | scripts/verification/verify-signaldesk-security-rules.js:110 | scripts/verification/verify-signaldesk-security-rules.js:327 | scripts/verification/verify-signaldesk-security-rules.js:440 | scripts/verification/verify-signaldesk-security-rules.js:444 | src/lib/signaldesk/workflowServer.ts:18208 | src/lib/signaldesk/workflowServer.ts:18685 | src/constants/signaldesk/database.ts:0","8da63655e7a6f948b236acc455028ef500bae0935db25de317ab56c7125fab55","2","scripts/verification/e2e-signaldesk-local.js | scripts/verification/verify-signaldesk-security-rules.js | src/lib/signaldesk/workflowServer.ts","in-progress","SignalDesk-only internal AI accounting/audit evidence. Rules-based target scoring creates one deterministic zero-cost ledger row in the same transaction as its worker result, decision snapshot, target update, audit and daily cost. Provider-backed AI assist creates one fixed-per-request auto-ID row only inside the claim-owned finalization transaction, including an unresolved row when source authority changes after paid work. No application route, workspace DTO, cache, Redux, SWR, local-storage, webhook, billing mutation, MenuList tenant or public-output consumer reads this collection.","The separate SignalDesk ruleset permits reads only to an authenticated platform identity and only for an SD-bound persisted row; every browser identity, including platform administrators, is denied writes. Both Admin producers derive target and actor context from protected SignalDesk server flows and persist pId=SD. The real rules emulator proves active members cannot read, platform administrators can read SD rows, and neither can write.","There is no collection query or index dependency. Target scoring uses one deterministic point create coupled to the deterministic worker result, making concurrent replay single-effect. AI assist allocates the ledger reference before provider work but writes it only in the transaction that validates the durable idempotency claim, transaction-current provider reservation and source authority; exact retry returns the worker result without another ledger. Compact rows contain bounded operation/cost/model/count/status identifiers and are retained as internal audit evidence. The large workflow/E2E sources retain ranged evidence, so the family remains in-progress.",""
"signaldeskAiWorkerRuns","SignalDesk","SIGNALDESK_COLLECTIONS.AI_WORKER_RUNS | SIGNALDESK_FUNCTIONS_COLLECTIONS.AI_WORKER_RUNS","constant definition | delete | index definition | read/query | reference | transaction/batch | write","9","firestore-signaldesk.indexes.json | functions-signaldesk/src/constants/database.ts | functions-signaldesk/src/schedulers/sourceDataLifecycle.ts | scripts/verification/e2e-signaldesk-local.js | scripts/verification/test-signaldesk-fresh-lineage.js | scripts/verification/test-signaldesk-workspace-contracts.ts | src/constants/signaldesk/database.ts | src/lib/signaldesk/workflowServer.ts | src/lib/signaldesk/workspaceContracts.ts","firestore-signaldesk.indexes.json:578 | firestore-signaldesk.indexes.json:587 | functions-signaldesk/src/schedulers/sourceDataLifecycle.ts:279 | functions-signaldesk/src/schedulers/sourceDataLifecycle.ts:4443 | functions-signaldesk/src/schedulers/sourceDataLifecycle.ts:4526 | scripts/verification/e2e-signaldesk-local.js:1815 | scripts/verification/e2e-signaldesk-local.js:1818 | scripts/verification/e2e-signaldesk-local.js:5930 | scripts/verification/e2e-signaldesk-local.js:5948 | scripts/verification/e2e-signaldesk-local.js:5983 | scripts/verification/e2e-signaldesk-local.js:5985 | scripts/verification/e2e-signaldesk-local.js:6007 | scripts/verification/e2e-signaldesk-local.js:6019 | scripts/verification/e2e-signaldesk-local.js:6082 | scripts/verification/e2e-signaldesk-local.js:6096 | scripts/verification/e2e-signaldesk-local.js:6132 | scripts/verification/e2e-signaldesk-local.js:6186 | scripts/verification/e2e-signaldesk-local.js:6198 | scripts/verification/e2e-signaldesk-local.js:6201 | scripts/verification/e2e-signaldesk-local.js:6202 | scripts/verification/e2e-signaldesk-local.js:6273 | scripts/verification/e2e-signaldesk-local.js:6540 | scripts/verification/e2e-signaldesk-local.js:6544 | scripts/verification/e2e-signaldesk-local.js:6658 | scripts/verification/e2e-signaldesk-local.js:6684 | scripts/verification/test-signaldesk-fresh-lineage.js:204 | scripts/verification/test-signaldesk-fresh-lineage.js:240 | scripts/verification/test-signaldesk-fresh-lineage.js:261 | scripts/verification/test-signaldesk-fresh-lineage.js:445 | scripts/verification/test-signaldesk-fresh-lineage.js:500 | scripts/verification/test-signaldesk-workspace-contracts.ts:76 | scripts/verification/test-signaldesk-workspace-contracts.ts:758 | scripts/verification/test-signaldesk-workspace-contracts.ts:759 | scripts/verification/test-signaldesk-workspace-contracts.ts:767 | scripts/verification/test-signaldesk-workspace-contracts.ts:788 | scripts/verification/test-signaldesk-workspace-contracts.ts:820 | scripts/verification/test-signaldesk-workspace-contracts.ts:826 | scripts/verification/test-signaldesk-workspace-contracts.ts:853 | src/lib/signaldesk/workflowServer.ts:1242 | src/lib/signaldesk/workflowServer.ts:1258 | src/lib/signaldesk/workflowServer.ts:18206 | src/lib/signaldesk/workflowServer.ts:18353 | src/lib/signaldesk/workflowServer.ts:18355 | src/lib/signaldesk/workflowServer.ts:18554 | src/lib/signaldesk/workflowServer.ts:19060 | src/lib/signaldesk/workflowServer.ts:19190 | src/lib/signaldesk/workflowServer.ts:19191 | src/lib/signaldesk/workflowServer.ts:19426 | src/lib/signaldesk/workflowServer.ts:19433 | src/lib/signaldesk/workflowServer.ts:19512 | src/lib/signaldesk/workspaceContracts.ts:76 | src/lib/signaldesk/workspaceContracts.ts:1663 | src/constants/signaldesk/database.ts:0 | functions-signaldesk/src/constants/database.ts:0","9da6d23e05d3b03e61f58610ce8081e6750fed76caea99539cfc45e0d98672ee","3","functions-signaldesk/src/schedulers/sourceDataLifecycle.ts | scripts/verification/e2e-signaldesk-local.js | scripts/verification/test-signaldesk-fresh-lineage.js | scripts/verification/test-signaldesk-workspace-contracts.ts | src/lib/signaldesk/workflowServer.ts | src/lib/signaldesk/workspaceContracts.ts","in-progress","SignalDesk-only rules-score, provider-backed AI-assist and bounded AI-volume execution evidence. Protected score/AI actions derive the current target, source-policy, model-route and provider-budget authority; provider-backed runs bind task/provider/model/route/evaluation identity and are the only founder-reviewable rows. Founder review updates the selected run, its coupled model evaluation and global revenue-control attention total in one transaction. Source-data lifecycle retains compact run evidence while expiring provider payload detail. No MenuList tenant, public output, billing mutation, browser cache, Redux, SWR or local-storage consumer exists.","The separate SignalDesk ruleset exposes SD-bound rows only to authenticated platform identity and denies every browser write. Admin producer/review paths now strict-project transaction-current AI-run authority by exact product, document identity and worker subtype before mutation. Rules-only score and volume rows cannot enter founder review, and a provider-backed run must exactly match the referenced model evaluation's task/provider/model/route lineage.","Point reads drive deterministic score/assist replay and founder review; workspace and lifecycle use bounded updatedAt/status or lifecycle-expiry queries covered by maintained indexes. Direct AI admission validates an existing deterministic model evaluation before reserving budget, creating a claim or invoking the provider; settlement revalidates it. Focused real-emulator coverage proves wrong-product run/evaluation/revenue collisions produce no partial mutation or provider effect. Shared workflow/E2E/lifecycle/rules/index sources retain ranged evidence, so the family remains in-progress.","AUDIT-SD-AI-REVIEW-PRODUCT-AUTHORITY-001"
"signaldeskApprovalPackets","SignalDesk","SIGNALDESK_COLLECTIONS.APPROVAL_PACKETS | SIGNALDESK_FUNCTIONS_COLLECTIONS.APPROVAL_PACKETS","constant definition | delete | read/query | reference | security-rule","8","firestore-signaldesk.rules | functions-signaldesk/src/constants/database.ts | functions-signaldesk/src/schedulers/sourceDataLifecycle.ts | scripts/verification/e2e-signaldesk-local.js | scripts/verification/test-signaldesk-workspace-contracts.ts | src/constants/signaldesk/database.ts | src/lib/signaldesk/workflowServer.ts | src/lib/signaldesk/workspaceContracts.ts","firestore-signaldesk.rules:183 | functions-signaldesk/src/schedulers/sourceDataLifecycle.ts:280 | scripts/verification/e2e-signaldesk-local.js:2014 | scripts/verification/e2e-signaldesk-local.js:2023 | scripts/verification/e2e-signaldesk-local.js:2027 | scripts/verification/e2e-signaldesk-local.js:2063 | scripts/verification/e2e-signaldesk-local.js:5498 | scripts/verification/test-signaldesk-workspace-contracts.ts:92 | scripts/verification/test-signaldesk-workspace-contracts.ts:978 | scripts/verification/test-signaldesk-workspace-contracts.ts:980 | scripts/verification/test-signaldesk-workspace-contracts.ts:985 | src/lib/signaldesk/workflowServer.ts:7600 | src/lib/signaldesk/workflowServer.ts:15926 | src/lib/signaldesk/workflowServer.ts:15932 | src/lib/signaldesk/workflowServer.ts:15979 | src/lib/signaldesk/workflowServer.ts:19789 | src/lib/signaldesk/workflowServer.ts:19811 | src/lib/signaldesk/workflowServer.ts:19928 | src/lib/signaldesk/workflowServer.ts:20020 | src/lib/signaldesk/workflowServer.ts:20046 | src/lib/signaldesk/workspaceContracts.ts:77 | src/lib/signaldesk/workspaceContracts.ts:1664 | src/constants/signaldesk/database.ts:0 | functions-signaldesk/src/constants/database.ts:0","d59c54ad12564b78045f4c301f55bed167dec1518035c20768a06d481e122bf7","3","functions-signaldesk/src/schedulers/sourceDataLifecycle.ts | scripts/verification/e2e-signaldesk-local.js | scripts/verification/test-signaldesk-workspace-contracts.ts | src/lib/signaldesk/workflowServer.ts | src/lib/signaldesk/workspaceContracts.ts","in-progress","SignalDesk-only bounded snapshot of the exact target, evidence, draft, CTA, sender, contact, source-policy, suppression and prior-contact authority prepared for founder review. Protected draft creation atomically creates a deterministic packet with its draft/approval; the explicit refresh action transactionally re-reads every current dependency and preserves the packet identity. Founder approval independently re-reads and couples packet, draft, target, template, evidence, CTA, sender, policy and private contact fingerprint before state transition. Workspace surfaces consume only the public projection; source-data lifecycle later scrubs message/evidence payload fields while retaining compact decision evidence. No MenuList tenant, customer/public output, billing, cache, Redux, SWR or local-storage consumer exists.","The separate SignalDesk ruleset permits reads only to authenticated platform identity when the row is SD-bound and denies every browser write. Both producers derive target and packet identity from strict current Admin authority rather than client scope. Existing packet refresh strict-projects product/document/schema authority and validates current contact binding; founder approval requires exact packet-to-draft/approval/target and action-fingerprint coupling.","Draft creation/replay and refresh use deterministic point documents; workspace uses a bounded product/update listing. The latest-evidence target query is covered by maintained targetId+updatedAt ordering. Corrective refresh now exact-replaces the complete current packet, including current private contact binding, so stale unknown/private fields cannot survive. Concurrent exact refresh converges without duplicate packet/audit/cost effects. Focused real-emulator draft coverage passes; shared workflow/workspace/E2E/lifecycle/rules/index sources retain ranged evidence, so the family remains in-progress.","AUDIT-SD-APPROVAL-PACKET-REPLACEMENT-001"
"signaldeskApprovalQueue","SignalDesk","SIGNALDESK_COLLECTIONS.APPROVAL_QUEUE | SIGNALDESK_FUNCTIONS_COLLECTIONS.APPROVAL_QUEUE","constant definition | index definition | read/query | reference | security-rule | transaction/batch | write","12","firestore-signaldesk.indexes.json | firestore-signaldesk.rules | functions-signaldesk/src/constants/database.ts | functions-signaldesk/src/schedulers/sourceDataLifecycle.ts | scripts/verification/e2e-signaldesk-local.js | scripts/verification/test-signaldesk-fresh-lineage.js | scripts/verification/test-signaldesk-outcome-route-emulator.js | scripts/verification/test-signaldesk-workspace-contracts.ts | scripts/verification/verify-signaldesk-security-rules.js | src/constants/signaldesk/database.ts | src/lib/signaldesk/workflowServer.ts | src/lib/signaldesk/workspaceContracts.ts","firestore-signaldesk.indexes.json:28 | firestore-signaldesk.rules:104 | functions-signaldesk/src/schedulers/sourceDataLifecycle.ts:282 | scripts/verification/e2e-signaldesk-local.js:2013 | scripts/verification/e2e-signaldesk-local.js:2022 | scripts/verification/e2e-signaldesk-local.js:2075 | scripts/verification/e2e-signaldesk-local.js:4345 | scripts/verification/e2e-signaldesk-local.js:5264 | scripts/verification/e2e-signaldesk-local.js:5304 | scripts/verification/e2e-signaldesk-local.js:5496 | scripts/verification/e2e-signaldesk-local.js:9603 | scripts/verification/e2e-signaldesk-local.js:9627 | scripts/verification/e2e-signaldesk-local.js:9650 | scripts/verification/e2e-signaldesk-local.js:9731 | scripts/verification/e2e-signaldesk-local.js:9742 | scripts/verification/e2e-signaldesk-local.js:9823 | scripts/verification/test-signaldesk-fresh-lineage.js:512 | scripts/verification/test-signaldesk-outcome-route-emulator.js:85 | scripts/verification/test-signaldesk-outcome-route-emulator.js:232 | scripts/verification/test-signaldesk-workspace-contracts.ts:105 | scripts/verification/test-signaldesk-workspace-contracts.ts:877 | scripts/verification/verify-signaldesk-security-rules.js:10 | src/lib/signaldesk/workflowServer.ts:1127 | src/lib/signaldesk/workflowServer.ts:1133 | src/lib/signaldesk/workflowServer.ts:1143 | src/lib/signaldesk/workflowServer.ts:7464 | src/lib/signaldesk/workflowServer.ts:7655 | src/lib/signaldesk/workflowServer.ts:11614 | src/lib/signaldesk/workflowServer.ts:15796 | src/lib/signaldesk/workflowServer.ts:15800 | src/lib/signaldesk/workflowServer.ts:15813 | src/lib/signaldesk/workflowServer.ts:15817 | src/lib/signaldesk/workflowServer.ts:15960 | src/lib/signaldesk/workflowServer.ts:15998 | src/lib/signaldesk/workflowServer.ts:16005 | src/lib/signaldesk/workflowServer.ts:16240 | src/lib/signaldesk/workflowServer.ts:16374 | src/lib/signaldesk/workflowServer.ts:16403 | src/lib/signaldesk/workflowServer.ts:19788 | src/lib/signaldesk/workflowServer.ts:19806 | src/lib/signaldesk/workflowServer.ts:19922 | src/lib/signaldesk/workflowServer.ts:19970 | src/lib/signaldesk/workflowServer.ts:19992 | src/lib/signaldesk/workflowServer.ts:20469 | src/lib/signaldesk/workflowServer.ts:20547 | src/lib/signaldesk/workflowServer.ts:20551 | src/lib/signaldesk/workflowServer.ts:20771 | src/lib/signaldesk/workflowServer.ts:20775 | src/lib/signaldesk/workflowServer.ts:21096 | src/lib/signaldesk/workflowServer.ts:21100 | src/lib/signaldesk/workflowServer.ts:21801 | src/lib/signaldesk/workflowServer.ts:21850 | src/lib/signaldesk/workspaceContracts.ts:78 | src/lib/signaldesk/workspaceContracts.ts:1665 | src/constants/signaldesk/database.ts:0 | functions-signaldesk/src/constants/database.ts:0","f374add4f38c5b154bcf2848277932f442efc9ffe4895176746d57da07e7498e","4","functions-signaldesk/src/schedulers/sourceDataLifecycle.ts | scripts/verification/e2e-signaldesk-local.js | scripts/verification/test-signaldesk-fresh-lineage.js | scripts/verification/test-signaldesk-outcome-route-emulator.js | scripts/verification/test-signaldesk-workspace-contracts.ts | scripts/verification/verify-signaldesk-security-rules.js | src/lib/signaldesk/workflowServer.ts | src/lib/signaldesk/workspaceContracts.ts","in-progress","SignalDesk-only founder approval state at deterministic approval_{draft-action-hash} documents. Protected draft creation atomically creates a pending approval, packet, draft, target pointers, queue counters, audit and cost evidence. Founder review transactionally projects current approval and all target/draft/packet/template/evidence/CTA/sender/policy/contact authority before approving or rejecting. Approved/queued/exported/sent status is consumed by assisted handoff, direct export/provider send, sequencer handoff/owned send and route-token lineage. No MenuList tenant, customer/public output, billing, browser cache, Redux, SWR or local-storage consumer exists.","The separate SignalDesk ruleset permits reads only to authenticated platform identity for rows with pId=SD and denies every browser write. All active Admin consumers now strict-project exact product, document identity and state-machine schema before derived writes, claim creation or external provider work. Downstream operations additionally require current target/draft pointers, channel, CTA, sender, source-policy and private contact binding.","Draft/review/outbound consumers use deterministic point documents. Workspace merges all pending rows with a bounded recent list and sorts priority/due/identity in memory; the maintained status+priority+dueAt composite supports operational queue ordering. Lifecycle preserves compact state while scrubbing source payload families. Focused real-emulator email-rail coverage proves foreign-product approval denial for export, assisted handoff, direct provider send, sequencer handoff and owned-sequence send with no claim/provider effect. Shared aggregate sources retain ranged evidence, so the family remains in-progress.","AUDIT-SD-APPROVAL-OUTBOUND-AUTHORITY-001"
"signaldeskAttributionTouches","SignalDesk","SIGNALDESK_COLLECTIONS.ATTRIBUTION_TOUCHES","constant definition | read/query | reference","5","scripts/verification/e2e-signaldesk-local.js | scripts/verification/test-signaldesk-outcome-route-emulator.js | scripts/verification/verify-signaldesk-runtime.js | src/constants/signaldesk/database.ts | src/lib/signaldesk/workflowServer.ts","scripts/verification/e2e-signaldesk-local.js:9042 | scripts/verification/test-signaldesk-outcome-route-emulator.js:84 | scripts/verification/test-signaldesk-outcome-route-emulator.js:330 | scripts/verification/test-signaldesk-outcome-route-emulator.js:575 | scripts/verification/test-signaldesk-outcome-route-emulator.js:610 | scripts/verification/verify-signaldesk-runtime.js:1193 | src/lib/signaldesk/workflowServer.ts:22238 | src/constants/signaldesk/database.ts:0","2a3e31144ed998482ae8b1aa801fcc8395aef4c2bbf197d4891fff2e9c5cf14e","1","scripts/verification/e2e-signaldesk-local.js | scripts/verification/test-signaldesk-outcome-route-emulator.js | scripts/verification/verify-signaldesk-runtime.js | src/lib/signaldesk/workflowServer.ts","in-progress","SignalDesk-only immutable direct-attribution evidence at one deterministic touch_{hash(outcomeEventId)} document per accepted outcome. The protected outcome transaction derives the action from a transaction-current signed route token, an exact validated demand-signal event, or the newly created manual outcome itself; callers cannot supply the action or method. The touch is strict-parsed and coupled to the outcome before outcome/event/summary/claim/touch creation. No application reader, collection query, cache, Redux, SWR, local-storage, webhook, billing mutation, MenuList tenant or public-output consumer exists.","No explicit collection match exists in the separate SignalDesk ruleset, so the recursive default-deny branch rejects all browser reads, queries and writes, including platform administrators. The sole producer is the authenticated Admin outcome transaction after source-policy, target/evidence, demand-event or signed-route authority checks. Every row is pId=SD and carries no contact value, route secret, evidence payload or owner PII.","The writer uses one deterministic point create in the same transaction as the outcome event and idempotency claim; exact retry resolves the durable outcome through the claim and performs no second touch. There is no query or index dependency. The strict contract fixes the complete field set, timestamp, product, touch identity, event identity, direct weight and source-specific method/action coupling. The complete source set includes the indirect parser/coupling contract not discovered by collection-string inventory; large workflow/E2E sources retain ranged evidence, so the family remains in-progress.",""
"signaldeskAudienceSegments","SignalDesk","SIGNALDESK_COLLECTIONS.AUDIENCE_SEGMENTS","constant definition | read/query | reference | security-rule | write","6","firestore-signaldesk.rules | scripts/verification/e2e-signaldesk-local.js | scripts/verification/test-signaldesk-workspace-contracts.ts | src/constants/signaldesk/database.ts | src/lib/signaldesk/workflowServer.ts | src/lib/signaldesk/workspaceContracts.ts","firestore-signaldesk.rules:193 | scripts/verification/e2e-signaldesk-local.js:3361 | scripts/verification/test-signaldesk-workspace-contracts.ts:116 | src/lib/signaldesk/workflowServer.ts:7618 | src/lib/signaldesk/workflowServer.ts:8412 | src/lib/signaldesk/workflowServer.ts:9401 | src/lib/signaldesk/workflowServer.ts:9430 | src/lib/signaldesk/workflowServer.ts:9461 | src/lib/signaldesk/workspaceContracts.ts:79 | src/lib/signaldesk/workspaceContracts.ts:1666 | src/constants/signaldesk/database.ts:0","de1b80c2c2bcc710606b25d34f24878b04b710c53805857aaa6511a3eb565d4c","2","scripts/verification/e2e-signaldesk-local.js | scripts/verification/test-signaldesk-workspace-contracts.ts | src/lib/signaldesk/workflowServer.ts | src/lib/signaldesk/workspaceContracts.ts","in-progress","SignalDesk-only internal audience-segmentation configuration. The protected route validates a closed payload, requires source.configure plus configure action admission and derives the authenticated SignalDesk actor. The Admin transaction derives one actor/idempotency-bound deterministic segment identity, validates optional market-pod and source-policy authority, and atomically creates the strict SD-bound segment, claim, audit and cost evidence. The only current consumer is the projected SignalDesk workspace/mission surface; no MenuList, Answerlattice, CampaignCue, Canonica, billing, public output, cache, Redux, SWR or local-storage consumer exists.","The separate SignalDesk ruleset permits reads only to authenticated platform identity when persisted pId is SD and denies all browser writes. Optional pod/policy identifiers are transaction-current reads and must exist plus pass strict SignalDesk projectors/parsers before any persistence. Workspace consumption passes the collection projector and omits pId/updatedBy. Existing default seed is exact-ID validated.","Mutation and replay use deterministic document point reads and need no index. Actor plus idempotency key determines one segment and claim; exact replay returns the stored projected result without writes, while changed input and unclaimed collisions fail. Focused real emulator coverage proves concurrent convergence, one row/audit effect, changed-input conflict, and missing/wrong-product pod/policy denial. Large workflow/E2E/aggregate verifier sources retain ranged evidence, so the collection stays in-progress.","AUDIT-SD-AUDIENCE-SEGMENT-IDEMPOTENCY-001"
"signaldeskAuditEvents","SignalDesk","SIGNALDESK_COLLECTIONS.AUDIT_EVENTS | SIGNALDESK_FUNCTIONS_COLLECTIONS.AUDIT_EVENTS","constant definition | delete | index definition | read/query | reference | security-rule | transaction/batch | write","18","firestore-signaldesk.indexes.json | firestore-signaldesk.rules | functions-signaldesk/src/constants/database.ts | functions-signaldesk/src/schedulers/proofPermissionLifecycle.ts | functions-signaldesk/src/schedulers/sourceDataLifecycle.ts | scripts/verification/e2e-signaldesk-local.js | scripts/verification/smoke-signaldesk-workflow.js | scripts/verification/test-signaldesk-audit-boundary.js | scripts/verification/test-signaldesk-fresh-lineage.js | scripts/verification/test-signaldesk-kill-switch-overview.js | scripts/verification/test-signaldesk-outcome-route-emulator.js | scripts/verification/test-signaldesk-workspace-contracts.ts | scripts/verification/verify-signaldesk-security-rules.js | src/constants/signaldesk/database.ts | src/lib/signaldesk/server.ts | src/lib/signaldesk/webhookServer.ts | src/lib/signaldesk/workflowServer.ts | src/lib/signaldesk/workspaceContracts.ts","firestore-signaldesk.indexes.json:70 | firestore-signaldesk.rules:134 | functions-signaldesk/src/schedulers/proofPermissionLifecycle.ts:711 | functions-signaldesk/src/schedulers/proofPermissionLifecycle.ts:752 | functions-signaldesk/src/schedulers/proofPermissionLifecycle.ts:840 | functions-signaldesk/src/schedulers/proofPermissionLifecycle.ts:1253 | functions-signaldesk/src/schedulers/proofPermissionLifecycle.ts:1397 | functions-signaldesk/src/schedulers/sourceDataLifecycle.ts:1195 | functions-signaldesk/src/schedulers/sourceDataLifecycle.ts:1293 | functions-signaldesk/src/schedulers/sourceDataLifecycle.ts:1336 | functions-signaldesk/src/schedulers/sourceDataLifecycle.ts:1426 | functions-signaldesk/src/schedulers/sourceDataLifecycle.ts:1762 | functions-signaldesk/src/schedulers/sourceDataLifecycle.ts:1835 | functions-signaldesk/src/schedulers/sourceDataLifecycle.ts:2030 | functions-signaldesk/src/schedulers/sourceDataLifecycle.ts:3184 | functions-signaldesk/src/schedulers/sourceDataLifecycle.ts:3464 | functions-signaldesk/src/schedulers/sourceDataLifecycle.ts:3661 | functions-signaldesk/src/schedulers/sourceDataLifecycle.ts:4019 | functions-signaldesk/src/schedulers/sourceDataLifecycle.ts:4137 | functions-signaldesk/src/schedulers/sourceDataLifecycle.ts:4225 | functions-signaldesk/src/schedulers/sourceDataLifecycle.ts:4351 | functions-signaldesk/src/schedulers/sourceDataLifecycle.ts:4412 | scripts/verification/e2e-signaldesk-local.js:408 | scripts/verification/e2e-signaldesk-local.js:413 | scripts/verification/e2e-signaldesk-local.js:434 | scripts/verification/e2e-signaldesk-local.js:439 | scripts/verification/e2e-signaldesk-local.js:448 | scripts/verification/e2e-signaldesk-local.js:452 | scripts/verification/e2e-signaldesk-local.js:728 | scripts/verification/e2e-signaldesk-local.js:733 | scripts/verification/e2e-signaldesk-local.js:821 | scripts/verification/e2e-signaldesk-local.js:2196 | scripts/verification/e2e-signaldesk-local.js:2500 | scripts/verification/e2e-signaldesk-local.js:2508 | scripts/verification/e2e-signaldesk-local.js:2528 | scripts/verification/e2e-signaldesk-local.js:2543 | scripts/verification/e2e-signaldesk-local.js:2616 | scripts/verification/e2e-signaldesk-local.js:2620 | scripts/verification/e2e-signaldesk-local.js:2724 | scripts/verification/e2e-signaldesk-local.js:2734 | scripts/verification/e2e-signaldesk-local.js:2936 | scripts/verification/e2e-signaldesk-local.js:2940 | scripts/verification/e2e-signaldesk-local.js:3127 | scripts/verification/e2e-signaldesk-local.js:3137 | scripts/verification/e2e-signaldesk-local.js:3252 | scripts/verification/e2e-signaldesk-local.js:3260 | scripts/verification/e2e-signaldesk-local.js:3310 | scripts/verification/e2e-signaldesk-local.js:3315 | scripts/verification/e2e-signaldesk-local.js:3332 | scripts/verification/e2e-signaldesk-local.js:3337 | scripts/verification/e2e-signaldesk-local.js:3365 | scripts/verification/e2e-signaldesk-local.js:3427 | scripts/verification/e2e-signaldesk-local.js:3507 | scripts/verification/e2e-signaldesk-local.js:3555 | scripts/verification/e2e-signaldesk-local.js:3587 | scripts/verification/e2e-signaldesk-local.js:3627 | scripts/verification/e2e-signaldesk-local.js:3639 | scripts/verification/e2e-signaldesk-local.js:3769 | scripts/verification/e2e-signaldesk-local.js:3831 | scripts/verification/e2e-signaldesk-local.js:3840 | scripts/verification/e2e-signaldesk-local.js:4075 | scripts/verification/e2e-signaldesk-local.js:4092 | scripts/verification/e2e-signaldesk-local.js:4591 | scripts/verification/e2e-signaldesk-local.js:4814 | scripts/verification/e2e-signaldesk-local.js:5299 | scripts/verification/e2e-signaldesk-local.js:5327 | scripts/verification/e2e-signaldesk-local.js:5353 | scripts/verification/e2e-signaldesk-local.js:5449 | scripts/verification/e2e-signaldesk-local.js:6061 | scripts/verification/e2e-signaldesk-local.js:6085 | scripts/verification/e2e-signaldesk-local.js:6260 | scripts/verification/e2e-signaldesk-local.js:6268 | scripts/verification/e2e-signaldesk-local.js:6446 | scripts/verification/e2e-signaldesk-local.js:6560 | scripts/verification/e2e-signaldesk-local.js:6746 | scripts/verification/e2e-signaldesk-local.js:8126 | scripts/verification/e2e-signaldesk-local.js:8154 | scripts/verification/e2e-signaldesk-local.js:9453 | scripts/verification/e2e-signaldesk-local.js:9704 | scripts/verification/e2e-signaldesk-local.js:9723","6f2fd050cfd4a630d12424da3ae4574515111541b191351c745a9a4b739f1e3b","4","functions-signaldesk/src/schedulers/proofPermissionLifecycle.ts | functions-signaldesk/src/schedulers/sourceDataLifecycle.ts | scripts/verification/e2e-signaldesk-local.js | scripts/verification/smoke-signaldesk-workflow.js | scripts/verification/test-signaldesk-audit-boundary.js | scripts/verification/test-signaldesk-fresh-lineage.js | scripts/verification/test-signaldesk-kill-switch-overview.js | scripts/verification/test-signaldesk-outcome-route-emulator.js | scripts/verification/test-signaldesk-workspace-contracts.ts | scripts/verification/verify-signaldesk-security-rules.js | src/lib/signaldesk/server.ts | src/lib/signaldesk/webhookServer.ts | src/lib/signaldesk/workflowServer.ts | src/lib/signaldesk/workspaceContracts.ts","in-progress","SignalDesk-only immutable internal audit evidence. App mutations use one shared batch/transaction writer that stores stable action/entity/actor classification and replaces optional caller detail with event:<action>. Kill-switch, mobile-block, webhook and Functions lifecycle paths write their own deterministic or auto-ID audit rows in the same authoritative operation, using only bounded state, entity identifiers, counts and failure classifications. The Audit workspace is the only application list consumer. No MenuList, Answerlattice, CampaignCue, Canonica, customer/public output, billing ledger, cache, Redux, SWR or local-storage consumer exists.","The separate SignalDesk ruleset permits reads only to authenticated platform identity when persisted pId is SD and denies all browser writes. Workspace projection requires exact product/document identity, bounded actor/action/entity/reason fields and a valid persisted timestamp; malformed or foreign rows are logged and skipped through bounded pagination. Audit rows are retained independently from source-derived payload lifecycle, but active writers do not persist raw payloads, contact values, message bodies, evidence text, secrets or arbitrary exceptions.","The Audit workspace orders by createdAt descending and document ID descending, returns 50 projected rows and scans at most the shared fixed page ceiling across malformed head rows. Stable cursor parsing binds both timestamp and canonical event ID; the focused emulator proves 55 same-timestamp-aware valid events paginate without duplicates/omissions while a newer foreign row is excluded. The configured actorId/createdAt index is available for actor-filtered operational inspection; browser source/rule checks pass. Shared writer and Functions files retain ranged evidence, so the collection remains in-progress.",""
"signaldeskBudgetPolicies","SignalDesk","SIGNALDESK_COLLECTIONS.BUDGET_POLICIES","constant definition | delete | read/query | reference | security-rule | transaction/batch | write","7","firestore-signaldesk.rules | scripts/verification/e2e-signaldesk-local.js | scripts/verification/test-signaldesk-fresh-lineage.js | scripts/verification/test-signaldesk-workspace-contracts.ts | src/constants/signaldesk/database.ts | src/lib/signaldesk/workflowServer.ts | src/lib/signaldesk/workspaceContracts.ts","firestore-signaldesk.rules:153 | scripts/verification/e2e-signaldesk-local.js:462 | scripts/verification/e2e-signaldesk-local.js:470 | scripts/verification/e2e-signaldesk-local.js:476 | scripts/verification/e2e-signaldesk-local.js:3569 | scripts/verification/e2e-signaldesk-local.js:4608 | scripts/verification/e2e-signaldesk-local.js:4631 | scripts/verification/e2e-signaldesk-local.js:4777 | scripts/verification/e2e-signaldesk-local.js:6153 | scripts/verification/e2e-signaldesk-local.js:6189 | scripts/verification/e2e-signaldesk-local.js:6197 | scripts/verification/e2e-signaldesk-local.js:6388 | scripts/verification/e2e-signaldesk-local.js:6397 | scripts/verification/e2e-signaldesk-local.js:6401 | scripts/verification/e2e-signaldesk-local.js:6519 | scripts/verification/e2e-signaldesk-local.js:6535 | scripts/verification/e2e-signaldesk-local.js:9235 | scripts/verification/test-signaldesk-fresh-lineage.js:104 | scripts/verification/test-signaldesk-workspace-contracts.ts:136 | src/lib/signaldesk/workflowServer.ts:5537 | src/lib/signaldesk/workflowServer.ts:5570 | src/lib/signaldesk/workflowServer.ts:7567 | src/lib/signaldesk/workflowServer.ts:7626 | src/lib/signaldesk/workflowServer.ts:7630 | src/lib/signaldesk/workflowServer.ts:7715 | src/lib/signaldesk/workflowServer.ts:7742 | src/lib/signaldesk/workflowServer.ts:8507 | src/lib/signaldesk/workflowServer.ts:8544 | src/lib/signaldesk/workflowServer.ts:9113 | src/lib/signaldesk/workflowServer.ts:9145 | src/lib/signaldesk/workflowServer.ts:9173 | src/lib/signaldesk/workflowServer.ts:10897 | src/lib/signaldesk/workflowServer.ts:13163 | src/lib/signaldesk/workflowServer.ts:15691 | src/lib/signaldesk/workflowServer.ts:17608 | src/lib/signaldesk/workflowServer.ts:18357 | src/lib/signaldesk/workflowServer.ts:19193 | src/lib/signaldesk/workspaceContracts.ts:81 | src/lib/signaldesk/workspaceContracts.ts:1668 | src/constants/signaldesk/database.ts:0","ae0e3558826429817595f6de454a3dcae559b0a1dd21d8879bf53f76c23d027a","2","scripts/verification/e2e-signaldesk-local.js | scripts/verification/test-signaldesk-fresh-lineage.js | scripts/verification/test-signaldesk-workspace-contracts.ts | src/lib/signaldesk/workflowServer.ts | src/lib/signaldesk/workspaceContracts.ts","in-progress","SignalDesk-only internal budget authority at deterministic scope/provider/scopeId identities. The protected configure action derives the authenticated SignalDesk actor and requires signaldesk.configure plus provider-run admission. One transaction validates current product/identity/shape/spend and actor/idempotency claim, preserves normalized current-period spend, exact-replaces the projected policy, and atomically creates claim/audit/cost evidence. Provider, AI, source, enrichment, content, sequencer and trust-partner consumers use current authoritative policy before cost/external-work admission. No MenuList, Answerlattice, CampaignCue, Canonica, billing, public output, cache, Redux, SWR or local-storage consumer exists.","The separate SignalDesk ruleset permits reads only to authenticated platform identity when persisted pId is SD and denies all browser writes. Identity derivation enforces the exact global/provider/named-scope dimension contract. The authoritative parser enforces product, identity, Timestamp, status, finite spend/budget scalars and per-run <= daily <= monthly. Mutation and replay return the public projector while the server-only claim retains raw Timestamp evidence.","Mutation, replay and most execution consumers use deterministic point reads; bounded workspace listing needs no composite index. Actor plus idempotency key converges exact retry and changed input fails. Focused real emulator coverage proves concurrent convergence, one audit effect, hierarchy rejection and public projection. Large workflow/workspace/E2E sources retain ranged evidence, so the collection remains in-progress.","AUDIT-SD-BUDGET-POLICY-IDEMPOTENCY-001"
"signaldeskCampaignSummaries","SignalDesk","SIGNALDESK_COLLECTIONS.CAMPAIGN_SUMMARIES","constant definition","1","src/constants/signaldesk/database.ts","src/constants/signaldesk/database.ts:0","f3db3b5ed4dc692321563352ac9020e6d36170ef4bc2aaf136d1e105a0711987","1","","reviewed","Reserved SignalDesk campaign-summary identity only; no Functions/app producer, consumer, query, route, job or deployed document contract exists","No explicit SignalDesk rule path; product root default deny blocks every client read and write. Activation requires a new platform-summary projection review","No active query, index or TTL policy exists or is justified",""
"signaldeskChannelHealthSummaries","SignalDesk","SIGNALDESK_COLLECTIONS.CHANNEL_HEALTH_SUMMARIES","constant definition | delete | read/query | reference | security-rule | transaction/batch | write","8","firestore-signaldesk.rules | scripts/verification/e2e-signaldesk-local.js | scripts/verification/test-signaldesk-workspace-contracts.ts | scripts/verification/verify-signaldesk-security-rules.js | src/constants/signaldesk/database.ts | src/lib/signaldesk/webhookServer.ts | src/lib/signaldesk/workflowServer.ts | src/lib/signaldesk/workspaceContracts.ts","firestore-signaldesk.rules:34 | scripts/verification/e2e-signaldesk-local.js:2274 | scripts/verification/e2e-signaldesk-local.js:3624 | scripts/verification/e2e-signaldesk-local.js:3665 | scripts/verification/e2e-signaldesk-local.js:9427 | scripts/verification/e2e-signaldesk-local.js:9474 | scripts/verification/e2e-signaldesk-local.js:9516 | scripts/verification/e2e-signaldesk-local.js:9833 | scripts/verification/test-signaldesk-workspace-contracts.ts:152 | scripts/verification/verify-signaldesk-security-rules.js:10 | src/lib/signaldesk/webhookServer.ts:822 | src/lib/signaldesk/workflowServer.ts:7659 | src/lib/signaldesk/workflowServer.ts:7728 | src/lib/signaldesk/workflowServer.ts:9583 | src/lib/signaldesk/workflowServer.ts:9644 | src/lib/signaldesk/workflowServer.ts:12171 | src/lib/signaldesk/workflowServer.ts:12200 | src/lib/signaldesk/workflowServer.ts:16379 | src/lib/signaldesk/workflowServer.ts:16475 | src/lib/signaldesk/workflowServer.ts:16573 | src/lib/signaldesk/workflowServer.ts:16604 | src/lib/signaldesk/workflowServer.ts:20487 | src/lib/signaldesk/workflowServer.ts:20593 | src/lib/signaldesk/workflowServer.ts:20608 | src/lib/signaldesk/workflowServer.ts:20814 | src/lib/signaldesk/workflowServer.ts:20829 | src/lib/signaldesk/workflowServer.ts:20965 | src/lib/signaldesk/workflowServer.ts:20996 | src/lib/signaldesk/workspaceContracts.ts:82 | src/lib/signaldesk/workspaceContracts.ts:1669 | src/constants/signaldesk/database.ts:0","14356b763cb1e920e5f7b14278325da1f0bf984841afea7996dcde65e8fc91c6","2","scripts/verification/e2e-signaldesk-local.js | scripts/verification/test-signaldesk-workspace-contracts.ts | scripts/verification/verify-signaldesk-security-rules.js | src/lib/signaldesk/webhookServer.ts | src/lib/signaldesk/workflowServer.ts | src/lib/signaldesk/workspaceContracts.ts","in-progress","SignalDesk-only latest-per-channel operational readiness at signaldeskChannelHealthSummaries/{channel}. Connector configuration, global/target channel-window updates, assisted handoffs, direct email provider sends, owned-email sequence sends and provider webhooks are the active writers. Every repaired writer now emits pId=SD; mutation and delivery transactions validate any existing row through the strict workspace projector before replacement. Settings and Channels workspaces are the only final consumers. No MenuList tenant, Answerlattice, CampaignCue, Canonica, billing, public output, cache, Redux, SWR or local-storage path consumes this collection.","The separate SignalDesk ruleset permits browser reads only to an authenticated platform identity and only when resource.data.pId is SD; all browser writes are denied. Admin writers derive channel identity from the admitted operation rather than a client tenant header. Existing malformed or wrong-product deterministic rows fail closed before connector/window/handoff effects; direct and owned-sequence sends validate before the external provider call and revalidate during settlement to cover races.","All writes and direct health lookups use deterministic channel document references. Workspace readers use a bounded list and strict projector; no composite index is required. Delivery settlement exact-replaces the summary and clears unrelated stale fields, but restart 969 makes transaction-current paused status/error authoritative over a later send acknowledgement. Focused real-emulator coverage proves product identity, settings visibility, wrong-product collision denial, pre-provider rejection and pause preservation across an in-flight provider call. Shared workflow/workspace/E2E/rules sources retain ranged rather than whole-file evidence, so the family remains in-progress.","AUDIT-SD-OUTBOUND-CHANNEL-PAUSE-SETTLEMENT-RACE-001 | AUDIT-SD-CHANNEL-HEALTH-PRODUCT-PROJECTION-001"
"signaldeskChannelIdentities","SignalDesk","SIGNALDESK_COLLECTIONS.CHANNEL_IDENTITIES","constant definition | security-rule","2","scripts/verification/verify-signaldesk-security-rules.js | src/constants/signaldesk/database.ts","scripts/verification/verify-signaldesk-security-rules.js:40 | src/constants/signaldesk/database.ts:0","bd9c181a9f96e91d7f0ef2961653fb34ec4938674351eec7391cd6e62f13ce1e","1","scripts/verification/verify-signaldesk-security-rules.js","in-progress","Reserved SignalDesk raw channel-identity namespace only; no current producer, consumer, route, scheduler or deployed document contract exists","The security verifier classifies it as raw/private; no explicit match exists, so product root default deny blocks all clients. Full SignalDesk rules emulation passes","No active query, index or TTL policy exists or is justified","AUDIT-COLLECTION-CATALOG-VERIFIER-LIST-OMISSION-001"
"signaldeskChannelWindowStates","SignalDesk","SIGNALDESK_COLLECTIONS.CHANNEL_WINDOW_STATES | SIGNALDESK_FUNCTIONS_COLLECTIONS.CHANNEL_WINDOW_STATES","constant definition | index definition | read/query | reference | security-rule | transaction/batch | write","9","firestore-signaldesk.indexes.json | firestore-signaldesk.rules | functions-signaldesk/src/constants/database.ts | functions-signaldesk/src/schedulers/sourceDataLifecycle.ts | scripts/verification/e2e-signaldesk-local.js | scripts/verification/test-signaldesk-workspace-contracts.ts | src/constants/signaldesk/database.ts | src/lib/signaldesk/workflowServer.ts | src/lib/signaldesk/workspaceContracts.ts","firestore-signaldesk.indexes.json:154 | firestore-signaldesk.rules:198 | functions-signaldesk/src/schedulers/sourceDataLifecycle.ts:270 | scripts/verification/e2e-signaldesk-local.js:3668 | scripts/verification/test-signaldesk-workspace-contracts.ts:160 | src/lib/signaldesk/workflowServer.ts:6734 | src/lib/signaldesk/workflowServer.ts:7660 | src/lib/signaldesk/workflowServer.ts:12169 | src/lib/signaldesk/workflowServer.ts:20382 | src/lib/signaldesk/workflowServer.ts:20383 | src/lib/signaldesk/workflowServer.ts:20594 | src/lib/signaldesk/workflowServer.ts:20596 | src/lib/signaldesk/workflowServer.ts:20815 | src/lib/signaldesk/workflowServer.ts:20817 | src/lib/signaldesk/workspaceContracts.ts:83 | src/lib/signaldesk/workspaceContracts.ts:1670 | src/constants/signaldesk/database.ts:0 | functions-signaldesk/src/constants/database.ts:0","b9653c223b28baaf3474126544b15a9dfcf6b280fc6cb5125116407204c26201","4","functions-signaldesk/src/schedulers/sourceDataLifecycle.ts | scripts/verification/e2e-signaldesk-local.js | scripts/verification/test-signaldesk-workspace-contracts.ts | src/lib/signaldesk/workflowServer.ts | src/lib/signaldesk/workspaceContracts.ts","in-progress","SignalDesk-only deterministic WhatsApp/Instagram/Messenger contact-window authority at window_{channel}_{target-or-global}. The protected configure action derives the authenticated operator, validates an optional current SD target, records source/status/expiry and atomically updates channel health, claim, timeline, audit and cost evidence. Assisted handoff and provider-send admission require either an exact target window or exact global window currently open, eligible and unexpired. Historical replay reports current authority using the same policy/contact/suppression/window checks. No MenuList tenant, customer/public output, billing, cache, Redux, SWR or local-storage consumer exists.","The separate SignalDesk ruleset permits reads only to authenticated platform identity for rows with pId=SD and denies every browser write. Mutation, replay and all outbound consumers now use one strict authority helper that proves product, document identity, schema and recomputed channel/target document lineage. Optional target configuration strict-parses current target product/shape before deriving display identity.","Mutation and outbound admission use deterministic point documents; workspace uses bounded product/update listing. The maintained channel+eligibleForHandoff+expiresAt composite supports operational expiry scans, while source-data lifecycle closes expanded expired/unengaged windows. Authoritative mutation exact-replaces stale fields. Focused emulator coverage proves wrong-product and mismatched channel/target document collisions are preserved and rejected; the source verifier pins every consumer on the shared helper. Shared aggregate sources retain ranged evidence, so the family remains in-progress.","AUDIT-SD-CHANNEL-WINDOW-AUTHORITY-001"
"signaldeskCommercialOffers","SignalDesk","SIGNALDESK_COLLECTIONS.COMMERCIAL_OFFERS","constant definition | read/query | reference | security-rule | write","7","firestore-signaldesk.rules | scripts/verification/e2e-signaldesk-local.js | scripts/verification/test-signaldesk-workspace-contracts.ts | scripts/verification/verify-signaldesk-security-rules.js | src/constants/signaldesk/database.ts | src/lib/signaldesk/workflowServer.ts | src/lib/signaldesk/workspaceContracts.ts","firestore-signaldesk.rules:353 | scripts/verification/e2e-signaldesk-local.js:2548 | scripts/verification/test-signaldesk-workspace-contracts.ts:174 | scripts/verification/verify-signaldesk-security-rules.js:10 | scripts/verification/verify-signaldesk-security-rules.js:314 | src/lib/signaldesk/workflowServer.ts:7569 | src/lib/signaldesk/workflowServer.ts:10617 | src/lib/signaldesk/workflowServer.ts:10630 | src/lib/signaldesk/workflowServer.ts:10765 | src/lib/signaldesk/workflowServer.ts:10789 | src/lib/signaldesk/workflowServer.ts:10820 | src/lib/signaldesk/workflowServer.ts:10827 | src/lib/signaldesk/workflowServer.ts:10894 | src/lib/signaldesk/workflowServer.ts:11006 | src/lib/signaldesk/workspaceContracts.ts:84 | src/lib/signaldesk/workspaceContracts.ts:1671 | src/constants/signaldesk/database.ts:0","3cd237ecfe52b01e4494ba584ef825acb5da74964ae01d173e234f6890a26135","2","scripts/verification/e2e-signaldesk-local.js | scripts/verification/test-signaldesk-workspace-contracts.ts | scripts/verification/verify-signaldesk-security-rules.js | src/lib/signaldesk/workflowServer.ts | src/lib/signaldesk/workspaceContracts.ts","in-progress","SignalDesk-only internal commercial-offer authority. The protected closed-schema action requires revenue.configure plus configure admission and derives the authenticated SignalDesk actor. Name and version derive one deterministic document ID; the Admin transaction validates optional current Offer CTA authority, immutable normalized terms, current product/document/schema shape and the complete persisted key set before replay or exact replacement. Revenue opportunities, operating envelopes and the projected Revenue workspace consume the allowlisted offer DTO. No MenuList, Answerlattice, CampaignCue, Canonica, customer/public output, billing settlement, cache, Redux, SWR or local-storage consumer exists.","The separate SignalDesk ruleset permits reads only to authenticated platform identity when persisted pId is SD and denies every browser write. Server mutation and consumers use the strict workspace projector, so wrong-product, identity-mismatched and malformed offers fail closed. Corrective writes replace the complete document instead of retaining unknown/private fields; an exact replay is admitted only when both projected values and the persisted key set match.","Mutation and offer references use deterministic point reads and require no composite index. Workspace listing uses the bounded strict generic reader. Immutable name/version terms prevent semantic replacement, while status-only authoritative updates remain supported. The source verifier pins exact replacement and the real emulator regression covers stale-field removal; the aggregate workflow/E2E sources retain ranged evidence, so the collection stays in-progress.","AUDIT-SD-COMMERCIAL-OFFER-REPLACEMENT-001"
"signaldeskCommercialOpportunities","SignalDesk","SIGNALDESK_COLLECTIONS.COMMERCIAL_OPPORTUNITIES | SIGNALDESK_FUNCTIONS_COLLECTIONS.COMMERCIAL_OPPORTUNITIES","constant definition | index definition | read/query | reference | security-rule | transaction/batch | write","13","firestore-signaldesk.indexes.json | firestore-signaldesk.rules | functions-signaldesk/src/constants/database.ts | functions-signaldesk/src/schedulers/sourceDataLifecycle.ts | scripts/verification/e2e-signaldesk-local.js | scripts/verification/test-signaldesk-fresh-lineage.js | scripts/verification/test-signaldesk-outcome-route-emulator.js | scripts/verification/test-signaldesk-workspace-contracts.ts | scripts/verification/verify-signaldesk-runtime.js | scripts/verification/verify-signaldesk-security-rules.js | src/constants/signaldesk/database.ts | src/lib/signaldesk/workflowServer.ts | src/lib/signaldesk/workspaceContracts.ts","firestore-signaldesk.indexes.json:416 | firestore-signaldesk.indexes.json:424 | firestore-signaldesk.rules:348 | functions-signaldesk/src/schedulers/sourceDataLifecycle.ts:303 | scripts/verification/e2e-signaldesk-local.js:2945 | scripts/verification/test-signaldesk-fresh-lineage.js:295 | scripts/verification/test-signaldesk-outcome-route-emulator.js:98 | scripts/verification/test-signaldesk-workspace-contracts.ts:189 | scripts/verification/test-signaldesk-workspace-contracts.ts:907 | scripts/verification/verify-signaldesk-runtime.js:2589 | scripts/verification/verify-signaldesk-security-rules.js:10 | scripts/verification/verify-signaldesk-security-rules.js:313 | src/lib/signaldesk/workflowServer.ts:7570 | src/lib/signaldesk/workflowServer.ts:10213 | src/lib/signaldesk/workflowServer.ts:10260 | src/lib/signaldesk/workflowServer.ts:10388 | src/lib/signaldesk/workflowServer.ts:10399 | src/lib/signaldesk/workflowServer.ts:10548 | src/lib/signaldesk/workflowServer.ts:10555 | src/lib/signaldesk/workflowServer.ts:10661 | src/lib/signaldesk/workflowServer.ts:11140 | src/lib/signaldesk/workflowServer.ts:11176 | src/lib/signaldesk/workflowServer.ts:11298 | src/lib/signaldesk/workflowServer.ts:11635 | src/lib/signaldesk/workspaceContracts.ts:85 | src/lib/signaldesk/workspaceContracts.ts:1672 | src/constants/signaldesk/database.ts:0 | functions-signaldesk/src/constants/database.ts:0","f90c72130e6f3fd4e6dee69e291322711f1a7b11df0c73de4a8c2f16ec6b746b","4","functions-signaldesk/src/schedulers/sourceDataLifecycle.ts | scripts/verification/e2e-signaldesk-local.js | scripts/verification/test-signaldesk-fresh-lineage.js | scripts/verification/test-signaldesk-outcome-route-emulator.js | scripts/verification/test-signaldesk-workspace-contracts.ts | scripts/verification/verify-signaldesk-runtime.js | scripts/verification/verify-signaldesk-security-rules.js | src/lib/signaldesk/workflowServer.ts | src/lib/signaldesk/workspaceContracts.ts","in-progress","SignalDesk-only internal opportunity authority derived from one exact revenue account and target. Protected qualification, manual review and activation reconciliation use Admin transactions that strict-project current target/account/opportunity/offer/revenue-summary authority, enforce source lifecycle and contact eligibility, and atomically update opportunity, account, revenue summary, audit, timeline and cost evidence. The Functions source-data lifecycle scheduler independently closes or retains expired source-derived opportunities and transactionally reconciles the same summary. Revenue workspace and daily mission are the internal consumers; no MenuList customer/public output, billing settlement, cache, Redux, SWR or local-storage consumer exists.","The separate SignalDesk ruleset permits reads only to authenticated platform identity when persisted pId is SD and denies all browser writes. App writers enforce opportunity/account/target lineage, offer currency and stage/status invariants; terminal won/lost records cannot be manually reopened and won requires verified activation. The lifecycle scheduler validates product, exact identity, bounded shape and companion account before scrub/retention. Every app-side valued-pipeline decrement now clears pipelineCurrency when the transaction-current post-change value is zero and rejects summary underflow.","Application mutations use deterministic opportunity/account/summary point reads plus bounded outcome queries backed by current SignalDesk indexes. Lifecycle cleanup uses targetId plus document-ID pagination and atomically updates the summary; its existing implementation already cleared currency at zero. Focused Revenue emulator coverage proves mixed-currency denial while value exists, activation/manual/demotion clearing, and empty-pipeline currency adoption. Shared workflow, E2E, lifecycle and rule/index files retain ranged evidence, so the collection remains in-progress.","AUDIT-SD-PIPELINE-CURRENCY-LIFECYCLE-001"
"signaldeskConnectorSettings","SignalDesk","SIGNALDESK_COLLECTIONS.CONNECTOR_SETTINGS","constant definition | index definition | reference | security-rule","8","firestore-signaldesk.indexes.json | firestore-signaldesk.rules | scripts/verification/e2e-signaldesk-local.js | scripts/verification/test-signaldesk-workspace-contracts.ts | scripts/verification/verify-signaldesk-security-rules.js | src/constants/signaldesk/database.ts | src/lib/signaldesk/workflowServer.ts | src/lib/signaldesk/workspaceContracts.ts","firestore-signaldesk.indexes.json:145 | firestore-signaldesk.rules:39 | scripts/verification/e2e-signaldesk-local.js:3619 | scripts/verification/test-signaldesk-workspace-contracts.ts:208 | scripts/verification/test-signaldesk-workspace-contracts.ts:749 | scripts/verification/test-signaldesk-workspace-contracts.ts:750 | scripts/verification/verify-signaldesk-security-rules.js:10 | src/lib/signaldesk/workflowServer.ts:7661 | src/lib/signaldesk/workflowServer.ts:7729 | src/lib/signaldesk/workflowServer.ts:9581 | src/lib/signaldesk/workflowServer.ts:9623 | src/lib/signaldesk/workflowServer.ts:9634 | src/lib/signaldesk/workflowServer.ts:9669 | src/lib/signaldesk/workspaceContracts.ts:86 | src/lib/signaldesk/workspaceContracts.ts:1673 | src/constants/signaldesk/database.ts:0","8172164274538f6353dba5b0d94d88a6d1eb0c3879623f6e9da83e4ec60bdcb1","3","scripts/verification/e2e-signaldesk-local.js | scripts/verification/test-signaldesk-workspace-contracts.ts | scripts/verification/verify-signaldesk-security-rules.js | src/lib/signaldesk/workflowServer.ts | src/lib/signaldesk/workspaceContracts.ts","in-progress","SignalDesk-only internal connector/readiness authority at deterministic connector-kind plus endpoint/display identities. The protected action derives the authenticated SignalDesk actor and requires signaldesk.configure plus configure admission. One transaction validates current product/shape and the actor/idempotency claim, exact-replaces the strict connector row, and atomically updates applicable channel health, control-room status, audit and daily-cost evidence. Settings workspace/desktop consumers receive only the public projection. No MenuList, Answerlattice, CampaignCue, Canonica, billing, public output, cache, Redux, SWR or local-storage consumer exists.","The separate SignalDesk ruleset permits reads only to authenticated platform identity when persisted pId is SD and denies every browser write. The route validates bounded connector fields, exact email syntax and the persisted 40-character phone bound. Mutation rejects malformed/wrong-product current rows, validates the complete connector kind/provider/channel/readiness shape, and returns the public projector on first settlement and replay without pId/updatedBy.","Mutation and replay use deterministic point reads; bounded settings-workspace listing is the only current collection read. The declared kind/status/updatedAt composite index has no active query consumer but is compatible. Actor plus idempotency key converges exact retry, changed input fails, exact replacement removes stale unknown fields, and first settlement couples all derived effects atomically. Focused real emulator coverage proves concurrent convergence, one audit effect, stale-field removal, public projection and wrong-product overwrite denial. Large workflow/workspace/E2E sources retain ranged evidence, so the collection remains in-progress.","AUDIT-SD-CONNECTOR-SETTING-IDEMPOTENCY-PROJECTION-001"
"signaldeskContactIdentities","SignalDesk","SIGNALDESK_COLLECTIONS.CONTACT_IDENTITIES | SIGNALDESK_FUNCTIONS_COLLECTIONS.CONTACT_IDENTITIES","cache/derived-state | constant definition | delete | read/query | reference | security-rule | write","8","functions-signaldesk/src/constants/database.ts | functions-signaldesk/src/schedulers/sourceDataLifecycle.ts | scripts/verification/e2e-signaldesk-local.js | scripts/verification/test-signaldesk-fresh-lineage.js | scripts/verification/verify-signaldesk-security-rules.js | src/constants/signaldesk/database.ts | src/lib/signaldesk/webhookServer.ts | src/lib/signaldesk/workflowServer.ts","functions-signaldesk/src/schedulers/sourceDataLifecycle.ts:271 | scripts/verification/e2e-signaldesk-local.js:4520 | scripts/verification/e2e-signaldesk-local.js:5053 | scripts/verification/e2e-signaldesk-local.js:6797 | scripts/verification/e2e-signaldesk-local.js:6899 | scripts/verification/e2e-signaldesk-local.js:7008 | scripts/verification/e2e-signaldesk-local.js:7057 | scripts/verification/e2e-signaldesk-local.js:7193 | scripts/verification/e2e-signaldesk-local.js:9542 | scripts/verification/e2e-signaldesk-local.js:9610 | scripts/verification/test-signaldesk-fresh-lineage.js:178 | scripts/verification/test-signaldesk-fresh-lineage.js:523 | scripts/verification/verify-signaldesk-security-rules.js:40 | scripts/verification/verify-signaldesk-security-rules.js:325 | src/lib/signaldesk/webhookServer.ts:489 | src/lib/signaldesk/workflowServer.ts:16941 | src/lib/signaldesk/workflowServer.ts:16948 | src/lib/signaldesk/workflowServer.ts:16952 | src/lib/signaldesk/workflowServer.ts:16958 | src/lib/signaldesk/workflowServer.ts:20258 | src/constants/signaldesk/database.ts:0 | functions-signaldesk/src/constants/database.ts:0","818159a10c263110a93e78fe7ddec13e30313d06ab700a31f5a437dd800a8fb1","2","functions-signaldesk/src/schedulers/sourceDataLifecycle.ts | scripts/verification/e2e-signaldesk-local.js | scripts/verification/test-signaldesk-fresh-lineage.js | scripts/verification/verify-signaldesk-security-rules.js | src/lib/signaldesk/webhookServer.ts | src/lib/signaldesk/workflowServer.ts","in-progress","SignalDesk-only server-side contact-to-target authority. Imports derive a deterministic channel plus canonical-value SHA-256 document ID, bind it to one target/source policy/source run, preserve explicit authority-reducing permission state, and attach active source-data lifecycle timestamps. Outbound export/send validates exact current target/detail/policy/run/value/permission/expiry identity and couples a private fingerprint into draft, approval, handoff and export truth. Webhooks use the same deterministic identity to map inbound events. No MenuList tenant, customer/public DTO, payment, cache, Redux, SWR or local-storage consumer exists.","No explicit collection match exists in the separate SignalDesk ruleset, so recursive default deny blocks every browser read and write. Admin import rejects within-batch and persisted cross-target contact collisions, wrong product, identity/value/channel/policy rebinding, stale source lineage and conflicting permission evidence. Source-data lifecycle scrubs raw values into deterministic channel/value hashes and an expired completed tombstone; webhook parsing accepts only the exact canonical active or completed-tombstone form.","All import, outbound and webhook access uses deterministic point documents; no collection query or composite index is required. Lifecycle dependency scans use target/source lifecycle indexing shared with the generic bounded dependency processor. Restart 963 reconciled every current producer, parser, outbound binding, webhook consumer and tombstone path without a new confirmed defect. Shared import, webhook, lifecycle, rule and aggregate verifier files retain ranged evidence, so this row remains conservatively in-progress.","AUDIT-SD-OUTBOUND-CONTACT-AUTHORITY-001"
"signaldeskContentAssets","SignalDesk","SIGNALDESK_COLLECTIONS.CONTENT_ASSETS | SIGNALDESK_FUNCTIONS_COLLECTIONS.CONTENT_ASSETS","constant definition | index definition | read/query | reference | security-rule | transaction/batch | write","8","firestore-signaldesk.indexes.json | firestore-signaldesk.rules | functions-signaldesk/src/constants/database.ts | functions-signaldesk/src/schedulers/proofPermissionLifecycle.ts | scripts/verification/e2e-signaldesk-local.js | scripts/verification/verify-signaldesk-security-rules.js | src/constants/signaldesk/database.ts | src/lib/signaldesk/workflowServer.ts","firestore-signaldesk.indexes.json:197 | firestore-signaldesk.indexes.json:205 | firestore-signaldesk.rules:283 | functions-signaldesk/src/schedulers/proofPermissionLifecycle.ts:904 | functions-signaldesk/src/schedulers/proofPermissionLifecycle.ts:1013 | functions-signaldesk/src/schedulers/proofPermissionLifecycle.ts:1017 | scripts/verification/e2e-signaldesk-local.js:2388 | scripts/verification/e2e-signaldesk-local.js:3877 | scripts/verification/e2e-signaldesk-local.js:4047 | scripts/verification/e2e-signaldesk-local.js:7575 | scripts/verification/e2e-signaldesk-local.js:7655 | scripts/verification/e2e-signaldesk-local.js:7740 | scripts/verification/e2e-signaldesk-local.js:7762 | scripts/verification/e2e-signaldesk-local.js:7783 | scripts/verification/e2e-signaldesk-local.js:7784 | scripts/verification/e2e-signaldesk-local.js:8358 | scripts/verification/e2e-signaldesk-local.js:8378 | scripts/verification/e2e-signaldesk-local.js:8388 | scripts/verification/e2e-signaldesk-local.js:8495 | scripts/verification/e2e-signaldesk-local.js:8629 | scripts/verification/e2e-signaldesk-local.js:8698 | scripts/verification/e2e-signaldesk-local.js:8720 | scripts/verification/e2e-signaldesk-local.js:8730 | scripts/verification/e2e-signaldesk-local.js:8755 | scripts/verification/e2e-signaldesk-local.js:8798 | scripts/verification/e2e-signaldesk-local.js:8815 | scripts/verification/e2e-signaldesk-local.js:8900 | scripts/verification/e2e-signaldesk-local.js:8908 | scripts/verification/e2e-signaldesk-local.js:8930 | scripts/verification/e2e-signaldesk-local.js:8931 | scripts/verification/verify-signaldesk-security-rules.js:10 | src/lib/signaldesk/workflowServer.ts:2106 | src/lib/signaldesk/workflowServer.ts:2183 | src/lib/signaldesk/workflowServer.ts:3599 | src/lib/signaldesk/workflowServer.ts:3834 | src/lib/signaldesk/workflowServer.ts:3950 | src/lib/signaldesk/workflowServer.ts:6380 | src/lib/signaldesk/workflowServer.ts:6467 | src/lib/signaldesk/workflowServer.ts:6582 | src/lib/signaldesk/workflowServer.ts:13937 | src/lib/signaldesk/workflowServer.ts:14252 | src/lib/signaldesk/workflowServer.ts:14257 | src/lib/signaldesk/workflowServer.ts:14302 | src/lib/signaldesk/workflowServer.ts:14304 | src/lib/signaldesk/workflowServer.ts:14316 | src/lib/signaldesk/workflowServer.ts:14335 | src/lib/signaldesk/workflowServer.ts:14488 | src/lib/signaldesk/workflowServer.ts:14515 | src/lib/signaldesk/workflowServer.ts:14525 | src/lib/signaldesk/workflowServer.ts:14543 | src/lib/signaldesk/workflowServer.ts:14681 | src/lib/signaldesk/workflowServer.ts:14746 | src/lib/signaldesk/workflowServer.ts:15349 | src/constants/signaldesk/database.ts:0 | functions-signaldesk/src/constants/database.ts:0","7ba19317c671b937b0b7541f240ed988e32c440404d332051f59c854aa8678e6","4","functions-signaldesk/src/schedulers/proofPermissionLifecycle.ts | scripts/verification/e2e-signaldesk-local.js | scripts/verification/verify-signaldesk-security-rules.js | src/lib/signaldesk/workflowServer.ts","in-progress","SignalDesk-only canonical internal content authority. Protected create and founder-review actions derive the authenticated SignalDesk actor, validate closed route inputs, current content pause, optional source/CTA/market-pod/proof-permission authority and strict current asset shape, then atomically update the asset with actor-bound idempotency, audit, timeline, queue and daily-cost effects. Review is the only path from draft to ready. Draft generation and performance/distribution flows consume the strict public asset projection. No MenuList, Answerlattice, CampaignCue, Canonica, customer/public output, billing settlement, cache, Redux, SWR or local-storage consumer exists.","The separate SignalDesk ruleset permits reads only to authenticated platform identity when persisted pId is SD and denies every browser write. Create/review replay now proves the complete claim namespace: product, current actor, operation, fingerprint and exact result binding. Create additionally compares immutable request-defining asset content after strict projection; review requires the claim entity to equal the requested asset. Current source/proof/CTA/pod authority is transactionally revalidated before first settlement.","Create, update, review and claim replay use deterministic point reads and require no composite index. Workspace listing is bounded through the shared strict reader. Actor-bound claims make exact/concurrent retries write-free after settlement and changed input or poisoned authority fails closed. The focused real emulator covers product/actor/entity claim poisoning, redirected valid assets, review binding and historical status-bearing compatibility. Shared workflow, route, E2E, rules and aggregate verifier files retain ranged evidence, so the collection remains in-progress.","AUDIT-SD-CONTENT-ASSET-REPLAY-AUTHORITY-001 | AUDIT-SD-CONTENT-ASSET-IDEMPOTENCY-001 | AUDIT-SD-CONTENT-ASSET-AUTHORITY-RACE-001 | AUDIT-SD-CONTENT-ASSET-REFERENCE-001 | AUDIT-SD-CONTENT-ASSET-IDENTITY-001"
"signaldeskContentCalendarItems","SignalDesk","SIGNALDESK_COLLECTIONS.CONTENT_CALENDAR_ITEMS | SIGNALDESK_FUNCTIONS_COLLECTIONS.CONTENT_CALENDAR_ITEMS","constant definition | index definition | read/query | reference | security-rule | transaction/batch | write","7","firestore-signaldesk.indexes.json | firestore-signaldesk.rules | functions-signaldesk/src/constants/database.ts | functions-signaldesk/src/schedulers/proofPermissionLifecycle.ts | scripts/verification/e2e-signaldesk-local.js | src/constants/signaldesk/database.ts | src/lib/signaldesk/workflowServer.ts","firestore-signaldesk.indexes.json:238 | firestore-signaldesk.rules:293 | functions-signaldesk/src/schedulers/proofPermissionLifecycle.ts:1052 | scripts/verification/e2e-signaldesk-local.js:2396 | scripts/verification/e2e-signaldesk-local.js:2445 | scripts/verification/e2e-signaldesk-local.js:8156 | scripts/verification/e2e-signaldesk-local.js:8265 | scripts/verification/e2e-signaldesk-local.js:8361 | scripts/verification/e2e-signaldesk-local.js:8714 | scripts/verification/e2e-signaldesk-local.js:8735 | scripts/verification/e2e-signaldesk-local.js:8765 | scripts/verification/e2e-signaldesk-local.js:8912 | scripts/verification/e2e-signaldesk-local.js:8933 | src/lib/signaldesk/workflowServer.ts:2287 | src/lib/signaldesk/workflowServer.ts:2339 | src/lib/signaldesk/workflowServer.ts:3602 | src/lib/signaldesk/workflowServer.ts:3705 | src/lib/signaldesk/workflowServer.ts:4105 | src/lib/signaldesk/workflowServer.ts:4154 | src/lib/signaldesk/workflowServer.ts:14563 | src/lib/signaldesk/workflowServer.ts:14575 | src/lib/signaldesk/workflowServer.ts:14600 | src/lib/signaldesk/workflowServer.ts:14612 | src/lib/signaldesk/workflowServer.ts:14930 | src/lib/signaldesk/workflowServer.ts:14969 | src/lib/signaldesk/workflowServer.ts:15204 | src/lib/signaldesk/workflowServer.ts:15224 | src/lib/signaldesk/workflowServer.ts:15244 | src/lib/signaldesk/workflowServer.ts:15307 | src/lib/signaldesk/workflowServer.ts:15352 | src/lib/signaldesk/workflowServer.ts:15443 | src/constants/signaldesk/database.ts:0 | functions-signaldesk/src/constants/database.ts:0","cd44502de1c0813910b52be720bdeeb85dd8154211256c7555fd0ffe7105a422","4","functions-signaldesk/src/schedulers/proofPermissionLifecycle.ts | scripts/verification/e2e-signaldesk-local.js | src/lib/signaldesk/workflowServer.ts","in-progress","SignalDesk-only internal schedule/publication authority for one exact approved content draft. Protected scheduling derives a deterministic calendar identity, revalidates current draft/asset/proof authority and stores queued or held state; verified performance evidence is the only current publisher and atomically advances calendar, draft and asset truth. Proof/CTA lifecycle jobs can conservatively hold unpublished dependencies. Workspace and performance flows are the internal consumers; no customer/public page, billing, cache, Redux, SWR or local-storage consumer exists.","The separate SignalDesk ruleset permits SD-bound reads only to platform identity and denies every browser write. The strict projector requires exact document identity, asset/draft/channel scope, valid schedule time and publication URL/timestamp/state coupling. Schedule replay validates exact product, actor, operation, fingerprint and deterministic calendar entity, then proves the calendar still names the requested draft. Authorized schedule/reschedule exact-replaces the complete canonical row, removes stale fields and retains Firestore timestamp persistence.","Scheduling and publication use deterministic point reads. The status/scheduledFor index serves ordered calendar work; proof lifecycle uses bounded dependency scans. Actor-bound claims make exact retries write-free. Focused emulator coverage includes wrong-actor/entity claims, current proof expiry, held/queued/published state and coupled publication evidence. Shared aggregate sources retain ranged evidence, so the collection remains in-progress.","AUDIT-SD-CONTENT-DOWNSTREAM-REPLAY-AUTHORITY-001 | AUDIT-SD-CONTENT-PERSISTENCE-NORMALIZATION-001 | AUDIT-SD-CONTENT-SCHEDULE-IDEMPOTENCY-001 | AUDIT-SD-CONTENT-SCHEDULE-AUTHORITY-RACE-001"
"signaldeskContentDistributionDrafts","SignalDesk","SIGNALDESK_COLLECTIONS.CONTENT_DISTRIBUTION_DRAFTS | SIGNALDESK_FUNCTIONS_COLLECTIONS.CONTENT_DISTRIBUTION_DRAFTS","constant definition | delete | index definition | read/query | reference | security-rule | transaction/batch | write","9","firestore-signaldesk.indexes.json | firestore-signaldesk.rules | functions-signaldesk/src/constants/database.ts | functions-signaldesk/src/schedulers/proofPermissionLifecycle.ts | scripts/verification/e2e-signaldesk-local.js | scripts/verification/verify-signaldesk-runtime.js | scripts/verification/verify-signaldesk-security-rules.js | src/constants/signaldesk/database.ts | src/lib/signaldesk/workflowServer.ts","firestore-signaldesk.indexes.json:213 | firestore-signaldesk.indexes.json:221 | firestore-signaldesk.indexes.json:230 | firestore-signaldesk.rules:288 | functions-signaldesk/src/schedulers/proofPermissionLifecycle.ts:1051 | scripts/verification/e2e-signaldesk-local.js:2391 | scripts/verification/e2e-signaldesk-local.js:2444 | scripts/verification/e2e-signaldesk-local.js:7971 | scripts/verification/e2e-signaldesk-local.js:7974 | scripts/verification/e2e-signaldesk-local.js:8025 | scripts/verification/e2e-signaldesk-local.js:8095 | scripts/verification/e2e-signaldesk-local.js:8360 | scripts/verification/e2e-signaldesk-local.js:8533 | scripts/verification/e2e-signaldesk-local.js:8630 | scripts/verification/e2e-signaldesk-local.js:8708 | scripts/verification/e2e-signaldesk-local.js:8724 | scripts/verification/e2e-signaldesk-local.js:8734 | scripts/verification/e2e-signaldesk-local.js:8764 | scripts/verification/e2e-signaldesk-local.js:8901 | scripts/verification/e2e-signaldesk-local.js:8909 | scripts/verification/e2e-signaldesk-local.js:8932 | scripts/verification/verify-signaldesk-runtime.js:2580 | scripts/verification/verify-signaldesk-security-rules.js:10 | src/lib/signaldesk/workflowServer.ts:2196 | src/lib/signaldesk/workflowServer.ts:2274 | src/lib/signaldesk/workflowServer.ts:3587 | src/lib/signaldesk/workflowServer.ts:3667 | src/lib/signaldesk/workflowServer.ts:3960 | src/lib/signaldesk/workflowServer.ts:4013 | src/lib/signaldesk/workflowServer.ts:6464 | src/lib/signaldesk/workflowServer.ts:14359 | src/lib/signaldesk/workflowServer.ts:14561 | src/lib/signaldesk/workflowServer.ts:14571 | src/lib/signaldesk/workflowServer.ts:14598 | src/lib/signaldesk/workflowServer.ts:14608 | src/lib/signaldesk/workflowServer.ts:14749 | src/lib/signaldesk/workflowServer.ts:14776 | src/lib/signaldesk/workflowServer.ts:14786 | src/lib/signaldesk/workflowServer.ts:14799 | src/lib/signaldesk/workflowServer.ts:14810 | src/lib/signaldesk/workflowServer.ts:14828 | src/lib/signaldesk/workflowServer.ts:14852 | src/lib/signaldesk/workflowServer.ts:14859 | src/lib/signaldesk/workflowServer.ts:14873 | src/lib/signaldesk/workflowServer.ts:14885 | src/lib/signaldesk/workflowServer.ts:14889 | src/lib/signaldesk/workflowServer.ts:14917 | src/lib/signaldesk/workflowServer.ts:14927 | src/lib/signaldesk/workflowServer.ts:14965 | src/lib/signaldesk/workflowServer.ts:14989 | src/lib/signaldesk/workflowServer.ts:15033 | src/lib/signaldesk/workflowServer.ts:15080 | src/lib/signaldesk/workflowServer.ts:15098 | src/lib/signaldesk/workflowServer.ts:15109 | src/lib/signaldesk/workflowServer.ts:15186 | src/lib/signaldesk/workflowServer.ts:15207 | src/lib/signaldesk/workflowServer.ts:15236 | src/lib/signaldesk/workflowServer.ts:15350 | src/constants/signaldesk/database.ts:0 | functions-signaldesk/src/constants/database.ts:0","1ff018d62e5f2d88416721e52e88b8066ca0f4e627fe82fbb04c35ea8d40029b","4","functions-signaldesk/src/schedulers/proofPermissionLifecycle.ts | scripts/verification/e2e-signaldesk-local.js | scripts/verification/verify-signaldesk-runtime.js | scripts/verification/verify-signaldesk-security-rules.js | src/lib/signaldesk/workflowServer.ts","in-progress","SignalDesk-only internal review-gated channel copy derived from one ready content asset and current CTA/proof authority. Protected generation creates immutable revision identities and an exact base head, founder review settles pending state, scheduling/publication update lifecycle fields, and proof/CTA lifecycle jobs can conservatively hold dependent drafts. Workspace, calendar, performance and publication flows consume the strict projected draft. No MenuList, Answerlattice, CampaignCue, Canonica, customer/public page, billing, cache, Redux, SWR or local-storage consumer exists.","The separate SignalDesk ruleset permits platform reads only when pId is SD and denies every browser write. The strict projector enforces product/document identity, channel, revision ancestry, lifecycle pairs, CTA fingerprint pairing, bounded content and timestamps. Generation/review replay validates exact product, actor, operation, fingerprint and asset/draft binding; generation additionally validates ordered result revisions, base heads and predecessor lineage. Founder review exact-replaces a normalized persisted shape, preserves Firestore timestamps and only validated deterministic head metadata, and removes stale unknown fields.","Generation uses deterministic asset/channel/revision point reads plus bounded dependent queries; configured status/updatedAt, channel/status/updatedAt and contentAssetId/updatedAt indexes serve workspace/lifecycle consumers. Actor-bound claims converge exact retries. The focused emulator covers claim poisoning, immutable revisions, current proof/CTA authority, review/schedule/publication state and replay. Shared aggregate sources retain ranged evidence, so the collection remains in-progress.","AUDIT-SD-CONTENT-DOWNSTREAM-REPLAY-AUTHORITY-001 | AUDIT-SD-CONTENT-PERSISTENCE-NORMALIZATION-001 | AUDIT-SD-CONTENT-DRAFT-GENERATION-IDEMPOTENCY-001 | AUDIT-SD-CONTENT-DRAFT-GENERATION-AUTHORITY-001 | AUDIT-SD-CONTENT-REVIEW-IDEMPOTENCY-001 | AUDIT-SD-CONTENT-REVIEW-AUTHORITY-RACE-001"
"signaldeskContentPerformanceSummaries","SignalDesk","SIGNALDESK_COLLECTIONS.CONTENT_PERFORMANCE_SUMMARIES","constant definition | delete | index definition | read/query | reference | security-rule | write","6","firestore-signaldesk.indexes.json | firestore-signaldesk.rules | scripts/verification/e2e-signaldesk-local.js | scripts/verification/verify-signaldesk-runtime.js | src/constants/signaldesk/database.ts | src/lib/signaldesk/workflowServer.ts","firestore-signaldesk.indexes.json:246 | firestore-signaldesk.indexes.json:254 | firestore-signaldesk.rules:298 | scripts/verification/e2e-signaldesk-local.js:2420 | scripts/verification/e2e-signaldesk-local.js:2438 | scripts/verification/e2e-signaldesk-local.js:8351 | scripts/verification/verify-signaldesk-runtime.js:2581 | src/lib/signaldesk/workflowServer.ts:2353 | src/lib/signaldesk/workflowServer.ts:2419 | src/lib/signaldesk/workflowServer.ts:14360 | src/lib/signaldesk/workflowServer.ts:14932 | src/lib/signaldesk/workflowServer.ts:14949 | src/lib/signaldesk/workflowServer.ts:15339 | src/lib/signaldesk/workflowServer.ts:15374 | src/lib/signaldesk/workflowServer.ts:15603 | src/constants/signaldesk/database.ts:0","212bea36003005fd612a99913b97ed473ea9c3b8a39cdd361a1a2d2859d2703f","3","scripts/verification/e2e-signaldesk-local.js | scripts/verification/verify-signaldesk-runtime.js | src/lib/signaldesk/workflowServer.ts","in-progress","SignalDesk-only immutable internal content observation and publication-evidence authority. The protected performance transaction derives one actor/idempotency-bound result, revalidates current asset, optional approved draft/calendar, content pause and demand-summary authority, then atomically creates the observation and any draft/calendar/asset publication transition, demand aggregate, audit, timeline and daily-cost effects. Workspace, demand and content-performance views consume its strict public projection. No MenuList customer/public page, billing, cache, Redux, SWR or local-storage consumer exists.","The separate SignalDesk ruleset permits platform reads only when pId is SD and denies every browser write. The strict projector enforces product/document identity, bounded nonnegative counters, channel/confidence values, captured/publication timestamps, publication URL pairing and required draft evidence. Replay now validates exact product, actor, operation, deterministic entity, fingerprint and every immutable request/result field.","Mutation/replay use one deterministic result point read plus optional draft/calendar/demand authority. ContentAssetId/capturedAt and channel/capturedAt indexes serve reverse and workspace reads. Actor-bound claims make concurrent retries create one result/effect set; focused emulator coverage proves claim poisoning, result-content mismatch, publication coupling, demand aggregation and current pause authority. Shared aggregate sources retain ranged evidence, so the collection remains in-progress.","AUDIT-SD-CONTENT-DOWNSTREAM-REPLAY-AUTHORITY-001 | AUDIT-SD-CONTENT-PERFORMANCE-IDEMPOTENCY-001 | AUDIT-SD-CONTENT-PERFORMANCE-COUPLING-001 | AUDIT-SD-CONTENT-PERFORMANCE-AGGREGATION-001 | AUDIT-SD-CONTENT-PERFORMANCE-PAUSE-RACE-001 | AUDIT-SD-DEMAND-SUMMARY-COLLISION-001"
"signaldeskContentSources","SignalDesk","SIGNALDESK_COLLECTIONS.CONTENT_SOURCES","constant definition | delete | index definition | read/query | reference | security-rule | transaction/batch | write","5","firestore-signaldesk.indexes.json | firestore-signaldesk.rules | scripts/verification/e2e-signaldesk-local.js | src/constants/signaldesk/database.ts | src/lib/signaldesk/workflowServer.ts","firestore-signaldesk.indexes.json:189 | firestore-signaldesk.rules:278 | scripts/verification/e2e-signaldesk-local.js:567 | scripts/verification/e2e-signaldesk-local.js:7381 | scripts/verification/e2e-signaldesk-local.js:7431 | scripts/verification/e2e-signaldesk-local.js:7434 | scripts/verification/e2e-signaldesk-local.js:7447 | scripts/verification/e2e-signaldesk-local.js:7893 | scripts/verification/e2e-signaldesk-local.js:8688 | scripts/verification/e2e-signaldesk-local.js:8796 | src/lib/signaldesk/workflowServer.ts:1379 | src/lib/signaldesk/workflowServer.ts:1433 | src/lib/signaldesk/workflowServer.ts:6387 | src/lib/signaldesk/workflowServer.ts:6407 | src/lib/signaldesk/workflowServer.ts:8185 | src/lib/signaldesk/workflowServer.ts:8797 | src/lib/signaldesk/workflowServer.ts:13803 | src/lib/signaldesk/workflowServer.ts:13805 | src/lib/signaldesk/workflowServer.ts:13839 | src/lib/signaldesk/workflowServer.ts:13844 | src/lib/signaldesk/workflowServer.ts:13854 | src/lib/signaldesk/workflowServer.ts:13893 | src/lib/signaldesk/workflowServer.ts:13972 | src/lib/signaldesk/workflowServer.ts:14238 | src/lib/signaldesk/workflowServer.ts:14282 | src/constants/signaldesk/database.ts:0","4aee3ab36c113ae316deafa3abceaac8021f22950afefdfa5d0ed1d7274a8eea","3","scripts/verification/e2e-signaldesk-local.js | src/lib/signaldesk/workflowServer.ts","inventory-only","","rule path observed","",""
"signaldeskControlRoomSummaries","SignalDesk","SIGNALDESK_COLLECTIONS.CONTROL_ROOM_SUMMARIES | SIGNALDESK_FUNCTIONS_COLLECTIONS.CONTROL_ROOM_SUMMARIES","constant definition | delete | read/query | reference | security-rule | transaction/batch | write","12","firestore-signaldesk.rules | functions-signaldesk/src/constants/database.ts | functions-signaldesk/src/schedulers/proofPermissionLifecycle.ts | functions-signaldesk/src/schedulers/sourceDataLifecycle.ts | scripts/verification/e2e-signaldesk-local.js | scripts/verification/test-signaldesk-kill-switch-overview.js | scripts/verification/test-signaldesk-outcome-route-emulator.js | scripts/verification/verify-signaldesk-security-rules.js | src/constants/signaldesk/database.ts | src/lib/signaldesk/server.ts | src/lib/signaldesk/webhookServer.ts | src/lib/signaldesk/workflowServer.ts","firestore-signaldesk.rules:19 | functions-signaldesk/src/schedulers/proofPermissionLifecycle.ts:923 | functions-signaldesk/src/schedulers/proofPermissionLifecycle.ts:1061 | functions-signaldesk/src/schedulers/proofPermissionLifecycle.ts:1395 | functions-signaldesk/src/schedulers/sourceDataLifecycle.ts:1575 | functions-signaldesk/src/schedulers/sourceDataLifecycle.ts:1886 | functions-signaldesk/src/schedulers/sourceDataLifecycle.ts:1966 | functions-signaldesk/src/schedulers/sourceDataLifecycle.ts:2051 | functions-signaldesk/src/schedulers/sourceDataLifecycle.ts:3070 | functions-signaldesk/src/schedulers/sourceDataLifecycle.ts:3659 | functions-signaldesk/src/schedulers/sourceDataLifecycle.ts:3924 | functions-signaldesk/src/schedulers/sourceDataLifecycle.ts:4096 | scripts/verification/e2e-signaldesk-local.js:2457 | scripts/verification/e2e-signaldesk-local.js:8657 | scripts/verification/test-signaldesk-kill-switch-overview.js:47 | scripts/verification/test-signaldesk-kill-switch-overview.js:108 | scripts/verification/test-signaldesk-kill-switch-overview.js:190 | scripts/verification/test-signaldesk-outcome-route-emulator.js:88 | scripts/verification/verify-signaldesk-security-rules.js:420 | scripts/verification/verify-signaldesk-security-rules.js:10 | scripts/verification/verify-signaldesk-security-rules.js:162 | scripts/verification/verify-signaldesk-security-rules.js:306 | scripts/verification/verify-signaldesk-security-rules.js:307 | scripts/verification/verify-signaldesk-security-rules.js:308 | scripts/verification/verify-signaldesk-security-rules.js:382 | scripts/verification/verify-signaldesk-security-rules.js:383 | scripts/verification/verify-signaldesk-security-rules.js:394 | scripts/verification/verify-signaldesk-security-rules.js:399 | scripts/verification/verify-signaldesk-security-rules.js:400 | scripts/verification/verify-signaldesk-security-rules.js:401 | scripts/verification/verify-signaldesk-security-rules.js:477 | scripts/verification/verify-signaldesk-security-rules.js:478 | src/lib/signaldesk/server.ts:552 | src/lib/signaldesk/webhookServer.ts:827 | src/lib/signaldesk/workflowServer.ts:2837 | src/lib/signaldesk/workflowServer.ts:3222 | src/lib/signaldesk/workflowServer.ts:3609 | src/lib/signaldesk/workflowServer.ts:3845 | src/lib/signaldesk/workflowServer.ts:3956 | src/lib/signaldesk/workflowServer.ts:4520 | src/lib/signaldesk/workflowServer.ts:4821 | src/constants/signaldesk/database.ts:0 | functions-signaldesk/src/constants/database.ts:0","cf6615fb89ffc90550c98dc5f815a801941510ade5f6225a824c4be602425fe8","3","functions-signaldesk/src/schedulers/proofPermissionLifecycle.ts | functions-signaldesk/src/schedulers/sourceDataLifecycle.ts | scripts/verification/e2e-signaldesk-local.js | scripts/verification/test-signaldesk-kill-switch-overview.js | scripts/verification/test-signaldesk-outcome-route-emulator.js | scripts/verification/verify-signaldesk-security-rules.js | src/lib/signaldesk/server.ts | src/lib/signaldesk/webhookServer.ts | src/lib/signaldesk/workflowServer.ts","in-progress","SignalDesk-only canonical operational control summary at dashboard. App kill-switch, channel, target, demand, incident, outcome and lifecycle mutations couple bounded counters/statuses into the point row; the protected overview is the public application consumer. No MenuList tenant, customer/public output, billing settlement, cache, Redux, SWR or local-storage consumer exists.","The separate SignalDesk ruleset allows reads only to authenticated platform identity when persisted pId is SD and denies every browser write. The strict projector requires exact document/controlRoomSummaryId identity, SD product, bounded counters/status enums and a valid Firestore timestamp. Restart 961 repaired every direct application and Functions incident writer so an absent-row merge creates immediately projectable authority; the bounded overview migration remains for historical missing-identity rows.","Current application reads and writes address the canonical dashboard point document and require no composite index. Mutations run in their owning batch/transaction and use atomic increments or transaction-current replacement according to the coupled effect. Focused content-authority and lifecycle emulators plus source assertions cover absent-row creation and all repaired writer families. Shared workflow, overview, Functions and aggregate verifier files retain ranged rather than complete whole-file evidence, so this row remains conservatively in-progress.","AUDIT-SD-CONTROL-ROOM-WRITER-IDENTITY-001"
"signaldeskConversations","SignalDesk","SIGNALDESK_COLLECTIONS.CONVERSATIONS","constant definition | security-rule","2","scripts/verification/verify-signaldesk-security-rules.js | src/constants/signaldesk/database.ts","scripts/verification/verify-signaldesk-security-rules.js:40 | src/constants/signaldesk/database.ts:0","bc2ce53203c402d74a404f9f6cd49af52eb9aac4d2ce88307fd324bcead7e073","1","scripts/verification/verify-signaldesk-security-rules.js","in-progress","Explicitly planned-but-nonexistent SignalDesk conversation namespace; current Inbox documentation and runtime verifier reject treating it as implemented","The security verifier classifies it as raw/private; no explicit match exists, so product root default deny blocks all clients","No active query, index or TTL policy exists or is justified","AUDIT-COLLECTION-CATALOG-VERIFIER-LIST-OMISSION-001"
"signaldeskConversationSummaries","SignalDesk","SIGNALDESK_COLLECTIONS.CONVERSATION_SUMMARIES | SIGNALDESK_FUNCTIONS_COLLECTIONS.CONVERSATION_SUMMARIES","constant definition | index definition | read/query | reference | security-rule | transaction/batch | write","13","firestore-signaldesk.indexes.json | firestore-signaldesk.rules | functions-signaldesk/src/constants/database.ts | functions-signaldesk/src/schedulers/sourceDataLifecycle.ts | scripts/verification/e2e-signaldesk-local.js | scripts/verification/test-signaldesk-fresh-lineage.js | scripts/verification/test-signaldesk-outcome-route-emulator.js | scripts/verification/test-signaldesk-workspace-contracts.ts | scripts/verification/verify-signaldesk-security-rules.js | src/constants/signaldesk/database.ts | src/lib/signaldesk/webhookServer.ts | src/lib/signaldesk/workflowServer.ts | src/lib/signaldesk/workspaceContracts.ts","firestore-signaldesk.indexes.json:54 | firestore-signaldesk.rules:109 | functions-signaldesk/src/schedulers/sourceDataLifecycle.ts:286 | scripts/verification/e2e-signaldesk-local.js:1216 | scripts/verification/e2e-signaldesk-local.js:6849 | scripts/verification/e2e-signaldesk-local.js:7211 | scripts/verification/e2e-signaldesk-local.js:8942 | scripts/verification/e2e-signaldesk-local.js:9195 | scripts/verification/e2e-signaldesk-local.js:9204 | scripts/verification/e2e-signaldesk-local.js:9211 | scripts/verification/e2e-signaldesk-local.js:9409 | scripts/verification/e2e-signaldesk-local.js:9521 | scripts/verification/test-signaldesk-fresh-lineage.js:636 | scripts/verification/test-signaldesk-outcome-route-emulator.js:87 | scripts/verification/test-signaldesk-outcome-route-emulator.js:161 | scripts/verification/test-signaldesk-workspace-contracts.ts:238 | scripts/verification/test-signaldesk-workspace-contracts.ts:912 | scripts/verification/verify-signaldesk-security-rules.js:10 | src/lib/signaldesk/webhookServer.ts:721 | src/lib/signaldesk/webhookServer.ts:738 | src/lib/signaldesk/workflowServer.ts:5199 | src/lib/signaldesk/workflowServer.ts:5203 | src/lib/signaldesk/workflowServer.ts:5207 | src/lib/signaldesk/workflowServer.ts:5708 | src/lib/signaldesk/workflowServer.ts:15660 | src/lib/signaldesk/workflowServer.ts:15834 | src/lib/signaldesk/workflowServer.ts:16122 | src/lib/signaldesk/workflowServer.ts:16411 | src/lib/signaldesk/workflowServer.ts:16594 | src/lib/signaldesk/workflowServer.ts:19705 | src/lib/signaldesk/workflowServer.ts:20095 | src/lib/signaldesk/workflowServer.ts:20420 | src/lib/signaldesk/workflowServer.ts:20587 | src/lib/signaldesk/workflowServer.ts:20808 | src/lib/signaldesk/workflowServer.ts:20986 | src/lib/signaldesk/workflowServer.ts:21131 | src/lib/signaldesk/workflowServer.ts:21321 | src/lib/signaldesk/workflowServer.ts:21461 | src/lib/signaldesk/workflowServer.ts:21798 | src/lib/signaldesk/workspaceContracts.ts:87 | src/lib/signaldesk/workspaceContracts.ts:1674 | src/constants/signaldesk/database.ts:0 | functions-signaldesk/src/constants/database.ts:0","ec9571c081c65488a3af6d0f6adcf8e5832368e6c040095f68688f55ba8c13f0","4","functions-signaldesk/src/schedulers/sourceDataLifecycle.ts | scripts/verification/e2e-signaldesk-local.js | scripts/verification/test-signaldesk-fresh-lineage.js | scripts/verification/test-signaldesk-outcome-route-emulator.js | scripts/verification/test-signaldesk-workspace-contracts.ts | scripts/verification/verify-signaldesk-security-rules.js | src/lib/signaldesk/webhookServer.ts | src/lib/signaldesk/workflowServer.ts | src/lib/signaldesk/workspaceContracts.ts","in-progress","SignalDesk-only canonical conversation read model keyed by conversationId. Outbound export/send records channel, export lineage and outbound time; provider webhooks append immutable messages/classifications and advance conversation state for in-order inbound communication; owner reply capture and outcome routing consume exact current conversation/target coupling. Inbox and Daily Activation Desk receive only the strict public projection. No MenuList tenant, customer/public page, billing ledger, cache, Redux, SWR or local-storage consumer exists.","The separate SignalDesk ruleset permits reads only to authenticated platform identity when pId is SD and denies all browser writes. Strict persistence parsing requires exact product/document identity, allowlisted fields, canonical target/channel/state, bounded preview, timestamp ordering and coherent legal-retention lifecycle evidence. Restart 964 makes external-send settlement re-read this strict transaction-current authority and preserve any newer inbound state/preview instead of downgrading it.","Point mutations are transaction/batch coupled to message exports, target state, queue, audit and cost effects. Inbox uses three bounded state/lastInboundAt queries and stable merge/dedupe; the maintained state plus lastInboundAt descending composite supports them. Lifecycle uses the generic bounded target dependency index/processor and retains legal inbound/safety communication after source expiry. Focused sender/outbound regression covers inbound-before-provider-settlement ordering. Shared workflow/webhook/lifecycle/rules/index/aggregate files retain ranged evidence, so the row remains in-progress.","AUDIT-SD-OUTBOUND-INBOUND-SETTLEMENT-RACE-001"
"signaldeskCostDailySummaries","SignalDesk","SIGNALDESK_COLLECTIONS.COST_DAILY_SUMMARIES | SIGNALDESK_FUNCTIONS_COLLECTIONS.COST_DAILY_SUMMARIES","constant definition | delete | index definition | read/query | reference | security-rule | transaction/batch | write","10","firestore-signaldesk.indexes.json | firestore-signaldesk.rules | functions-signaldesk/src/constants/database.ts | scripts/verification/e2e-signaldesk-local.js | scripts/verification/test-signaldesk-kill-switch-overview.js | scripts/verification/test-signaldesk-outcome-route-emulator.js | src/constants/signaldesk/database.ts | src/lib/signaldesk/server.ts | src/lib/signaldesk/webhookServer.ts | src/lib/signaldesk/workflowServer.ts","firestore-signaldesk.indexes.json:87 | firestore-signaldesk.rules:54 | scripts/verification/e2e-signaldesk-local.js:410 | scripts/verification/e2e-signaldesk-local.js:1525 | scripts/verification/e2e-signaldesk-local.js:7254 | scripts/verification/test-signaldesk-kill-switch-overview.js:48 | scripts/verification/test-signaldesk-kill-switch-overview.js:71 | scripts/verification/test-signaldesk-kill-switch-overview.js:130 | scripts/verification/test-signaldesk-kill-switch-overview.js:192 | scripts/verification/test-signaldesk-outcome-route-emulator.js:49 | scripts/verification/test-signaldesk-outcome-route-emulator.js:89 | src/lib/signaldesk/server.ts:554 | src/lib/signaldesk/server.ts:646 | src/lib/signaldesk/webhookServer.ts:561 | src/lib/signaldesk/webhookServer.ts:703 | src/lib/signaldesk/workflowServer.ts:2864 | src/lib/signaldesk/workflowServer.ts:8275 | src/lib/signaldesk/workflowServer.ts:11643 | src/lib/signaldesk/workflowServer.ts:12650 | src/lib/signaldesk/workflowServer.ts:17611 | src/constants/signaldesk/database.ts:0 | functions-signaldesk/src/constants/database.ts:0","942888a11f8e7d668eed5059fd608f38f3aebbff27a85cdf4ff3528d0fb5f3f0","4","scripts/verification/e2e-signaldesk-local.js | scripts/verification/test-signaldesk-kill-switch-overview.js | scripts/verification/test-signaldesk-outcome-route-emulator.js | src/lib/signaldesk/server.ts | src/lib/signaldesk/webhookServer.ts | src/lib/signaldesk/workflowServer.ts","in-progress","SignalDesk-only UTC-day operational cost estimate aggregate. Application mutations either atomically increment bounded internal write, provider and AI estimates in their existing batch/transaction or read the current row and exact-replace it through the strict accounting contract. The overview, growth mission, strategist memo and kill-switch/control-room surfaces project only four numeric estimates plus timestamp. No MenuList tenant, customer/public output, payment ledger, cache, Redux, SWR or local-storage consumer exists.","The separate SignalDesk ruleset permits reads only to authenticated platform identity when pId is SD and denies all browser writes. The strict projector requires canonical UTC document/day identity, SD product, Firestore timestamp, bounded nonnegative numeric estimates and no unknown fields. The daily seed transaction compatibility-normalizes the historical pre-identity shape and exact-replaces stale fields; webhook, provider reservation and kill-switch writers read transaction-current authority and fail closed on malformed, foreign or overflowed rows.","All mutation paths address the canonical UTC day document directly. The overview reads today's point document; the configured day-descending index supports operational history without an unbounded runtime query. Atomic increment paths preserve concurrent estimates, while transaction-current paths use the shared bounded mutation helper. Restart 960 reverse-traced every current producer and consumer and rejected an unsafe exact-replacement transform after the real emulator proved it reset an existing read estimate. No source change from that rejected candidate remains. Shared workflow/overview/aggregate verifier files retain ranged rather than whole-file evidence, so this row remains conservatively in-progress.","AUDIT-SD-DAILY-COST-SEED-CANONICALIZATION-001"
"signaldeskDataRequests","SignalDesk","SIGNALDESK_COLLECTIONS.DATA_REQUESTS","constant definition | security-rule","2","scripts/verification/verify-signaldesk-security-rules.js | src/constants/signaldesk/database.ts","scripts/verification/verify-signaldesk-security-rules.js:40 | src/constants/signaldesk/database.ts:0","2815434876cfc77f3da56f7ce677c08125dd50d285ebcf8dd978fc8a292e022b","1","scripts/verification/verify-signaldesk-security-rules.js","in-progress","Reserved SignalDesk compliance-request namespace only; no current producer, consumer, route, scheduler or deployed document contract exists","The security verifier classifies it as raw/private; no explicit match exists, so product root default deny blocks all clients","No active query, index or TTL policy exists or is justified","AUDIT-COLLECTION-CATALOG-VERIFIER-LIST-OMISSION-001"
"signaldeskDecisionSnapshots","SignalDesk","SIGNALDESK_COLLECTIONS.DECISION_SNAPSHOTS | SIGNALDESK_FUNCTIONS_COLLECTIONS.DECISION_SNAPSHOTS","constant definition | read/query | reference | security-rule","5","firestore-signaldesk.rules | functions-signaldesk/src/constants/database.ts | scripts/verification/e2e-signaldesk-local.js | src/constants/signaldesk/database.ts | src/lib/signaldesk/workflowServer.ts","firestore-signaldesk.rules:89 | scripts/verification/e2e-signaldesk-local.js:1952 | src/lib/signaldesk/workflowServer.ts:18207 | src/lib/signaldesk/workflowServer.ts:18684 | src/constants/signaldesk/database.ts:0 | functions-signaldesk/src/constants/database.ts:0","3e9488c223a95ff1555ec0279390f0a9fc9250b3cddbfaf9fdf2d18848c5c6e4","3","scripts/verification/e2e-signaldesk-local.js | src/lib/signaldesk/workflowServer.ts","in-progress","SignalDesk-only immutable internal decision evidence. Rules-based target scoring writes one deterministic snapshot transactionally with current target/source-policy authority, worker result, AI-operation ledger, target score projection, audit and cost truth. Provider-backed AI assist writes one claim-owned snapshot only in final settlement after spend and transaction-current target/policy/evidence authority validation. Exact replay returns the durable worker result and does not duplicate the snapshot. No application query, workspace/public DTO, MenuList tenant, customer/public output, billing, cache, Redux, SWR or local-storage consumer exists.","The separate SignalDesk ruleset permits browser reads only to authenticated platform identity and only for persisted pId=SD; every browser write is denied. Both Admin writers derive target and product identity from strict transaction-current authority. Rejected facts and evidence references are immutable decision-audit evidence rather than mutable source payload; the source-data lifecycle emulator explicitly proves they are retained while adjacent AI worker detail is scrubbed.","Rules-based scoring uses a deterministic content-addressed point document. AI assist allocates one stable reference per in-memory claim settlement; Firestore transaction retries reuse it, and durable claim replay never creates another row. There is no collection query, composite index, TTL policy, cache or public invalidation path. Concurrent target-score E2E proves exactly one decision snapshot. Shared workflow/lifecycle/E2E/rule sources retain ranged evidence, so the collection remains in-progress.",""
"signaldeskDemandSignals","SignalDesk","SIGNALDESK_COLLECTIONS.DEMAND_SIGNALS","constant definition | delete | read/query | reference | security-rule | transaction/batch | write","5","scripts/verification/e2e-signaldesk-local.js | scripts/verification/test-signaldesk-outcome-route-emulator.js | scripts/verification/verify-signaldesk-security-rules.js | src/constants/signaldesk/database.ts | src/lib/signaldesk/workflowServer.ts","scripts/verification/e2e-signaldesk-local.js:2260 | scripts/verification/test-signaldesk-outcome-route-emulator.js:90 | scripts/verification/test-signaldesk-outcome-route-emulator.js:519 | scripts/verification/test-signaldesk-outcome-route-emulator.js:546 | scripts/verification/verify-signaldesk-security-rules.js:40 | src/lib/signaldesk/workflowServer.ts:22117 | src/lib/signaldesk/workflowServer.ts:22360 | src/constants/signaldesk/database.ts:0","55a5c0d2f362843db113b0bf99269d08f95d02511042356cd69597fd51f1f3c7","1","scripts/verification/e2e-signaldesk-local.js | scripts/verification/test-signaldesk-outcome-route-emulator.js | scripts/verification/verify-signaldesk-security-rules.js | src/lib/signaldesk/workflowServer.ts","in-progress","SignalDesk-only immutable demand-event truth at deterministic demand_{actor-and-idempotency-hash} documents. The protected capture action derives the authenticated SignalDesk actor, validates the closed signal/source payload, transactionally resolves current target identity when supplied, and atomically creates one strict SD-bound event with its summary, actor/request claim, audit, control-room and cost effects. The outcome bridge may consume an exact event as source authority. No MenuList tenant, Answerlattice, CampaignCue, Canonica, browser workspace list, billing, public output, cache, Redux, SWR or local-storage consumer exists.","No explicit collection match exists in the separate SignalDesk ruleset, so its recursive default-deny branch blocks all browser reads, queries and writes. The only writer is the authenticated Admin capture transaction after feature, permission, target-product and idempotency checks. The outcome transaction reads an exact caller-named event and enforces strict product/document/field/timestamp identity before deriving attribution.","Capture, replay and outcome admission use deterministic point reads only; no collection query or composite index applies. The actor-bound claim makes concurrent exact retries converge and changed-input key reuse fail. Cross-day replay derives summary day from the original stored event rather than the retry clock. The large workflow/E2E sources retain ranged evidence, so the family remains in-progress.","AUDIT-SD-DEMAND-IDEMPOTENCY-001 | AUDIT-SD-DEMAND-TARGET-IDENTITY-001"
"signaldeskDemandSignalSummaries","SignalDesk","SIGNALDESK_COLLECTIONS.DEMAND_SIGNAL_SUMMARIES","constant definition | read/query | reference | security-rule | transaction/batch | write","8","firestore-signaldesk.rules | scripts/verification/e2e-signaldesk-local.js | scripts/verification/test-signaldesk-outcome-route-emulator.js | scripts/verification/test-signaldesk-workspace-contracts.ts | scripts/verification/verify-signaldesk-security-rules.js | src/constants/signaldesk/database.ts | src/lib/signaldesk/workflowServer.ts | src/lib/signaldesk/workspaceContracts.ts","firestore-signaldesk.rules:124 | scripts/verification/e2e-signaldesk-local.js:684 | scripts/verification/e2e-signaldesk-local.js:2317 | scripts/verification/e2e-signaldesk-local.js:2400 | scripts/verification/test-signaldesk-outcome-route-emulator.js:91 | scripts/verification/test-signaldesk-outcome-route-emulator.js:496 | scripts/verification/test-signaldesk-outcome-route-emulator.js:547 | scripts/verification/test-signaldesk-outcome-route-emulator.js:553 | scripts/verification/test-signaldesk-workspace-contracts.ts:250 | scripts/verification/verify-signaldesk-security-rules.js:10 | src/lib/signaldesk/workflowServer.ts:7467 | src/lib/signaldesk/workflowServer.ts:7617 | src/lib/signaldesk/workflowServer.ts:11633 | src/lib/signaldesk/workflowServer.ts:12386 | src/lib/signaldesk/workflowServer.ts:12649 | src/lib/signaldesk/workflowServer.ts:13561 | src/lib/signaldesk/workflowServer.ts:15346 | src/lib/signaldesk/workflowServer.ts:22384 | src/lib/signaldesk/workflowServer.ts:22397 | src/lib/signaldesk/workspaceContracts.ts:88 | src/lib/signaldesk/workspaceContracts.ts:1675 | src/constants/signaldesk/database.ts:0","3de7d3a206978ed632fa20cd1438363c00121fa3c7b80521efaf4f6431e4ed16","2","scripts/verification/e2e-signaldesk-local.js | scripts/verification/test-signaldesk-outcome-route-emulator.js | scripts/verification/test-signaldesk-workspace-contracts.ts | scripts/verification/verify-signaldesk-security-rules.js | src/lib/signaldesk/workflowServer.ts | src/lib/signaldesk/workspaceContracts.ts","in-progress","SignalDesk-only daily aggregate demand truth. Canonical capture writes one event-derived daily target/signal/source summary in the event transaction. Trust-partner metrics and content-performance settlement write deterministic manual/referral aggregate summaries after deriving owner-signal counts from transaction-current attributable evidence. Attribution, recommendation, operating, content and trust workspaces consume bounded strict SD projections. No MenuList tenant, Answerlattice, CampaignCue, Canonica, billing mutation, public output, cache, Redux, SWR or local-storage path consumes the collection.","The separate SignalDesk ruleset permits browser reads only to authenticated platform identity when the persisted row has pId=SD and denies all client writes. Every active Admin writer now validates any existing deterministic row through the strict demand-summary contract before mutation. Wrong-product, malformed, identity-mismatched or incompatible-lineage collisions abort the complete transaction rather than being reclaimed.","Canonical capture uses deterministic point reads/writes and date-derived identity. Bounded workspace consumers query updatedAt/day/target dimensions through maintained indexes. Trust/content writers freeze one day/ref before their transaction, read current authority with the metric inputs, safe-add the exact count and replace the complete strict row. Focused real-emulator coverage proves wrong-product and malformed collision rollback, concurrent idempotency, product preservation and accumulation. Shared workflow/E2E/rules/index sources retain ranged evidence, so the family remains in-progress.","AUDIT-SD-DEMAND-SUMMARY-COLLISION-001"
"signaldeskDraftSummaries","SignalDesk","SIGNALDESK_COLLECTIONS.DRAFT_SUMMARIES | SIGNALDESK_FUNCTIONS_COLLECTIONS.DRAFT_SUMMARIES","constant definition | delete | read/query | reference | security-rule | write","11","firestore-signaldesk.rules | functions-signaldesk/src/constants/database.ts | functions-signaldesk/src/schedulers/sourceDataLifecycle.ts | scripts/verification/e2e-signaldesk-local.js | scripts/verification/test-signaldesk-fresh-lineage.js | scripts/verification/test-signaldesk-outcome-route-emulator.js | scripts/verification/test-signaldesk-workspace-contracts.ts | scripts/verification/verify-signaldesk-security-rules.js | src/constants/signaldesk/database.ts | src/lib/signaldesk/workflowServer.ts | src/lib/signaldesk/workspaceContracts.ts","firestore-signaldesk.rules:99 | functions-signaldesk/src/schedulers/sourceDataLifecycle.ts:281 | scripts/verification/e2e-signaldesk-local.js:968 | scripts/verification/e2e-signaldesk-local.js:2012 | scripts/verification/e2e-signaldesk-local.js:2021 | scripts/verification/e2e-signaldesk-local.js:2067 | scripts/verification/e2e-signaldesk-local.js:2077 | scripts/verification/e2e-signaldesk-local.js:4341 | scripts/verification/e2e-signaldesk-local.js:5344 | scripts/verification/e2e-signaldesk-local.js:5363 | scripts/verification/e2e-signaldesk-local.js:5495 | scripts/verification/e2e-signaldesk-local.js:5588 | scripts/verification/e2e-signaldesk-local.js:9651 | scripts/verification/test-signaldesk-fresh-lineage.js:514 | scripts/verification/test-signaldesk-outcome-route-emulator.js:92 | scripts/verification/test-signaldesk-outcome-route-emulator.js:246 | scripts/verification/test-signaldesk-workspace-contracts.ts:260 | scripts/verification/test-signaldesk-workspace-contracts.ts:882 | scripts/verification/verify-signaldesk-security-rules.js:10 | src/lib/signaldesk/workflowServer.ts:7601 | src/lib/signaldesk/workflowServer.ts:7604 | src/lib/signaldesk/workflowServer.ts:7663 | src/lib/signaldesk/workflowServer.ts:15826 | src/lib/signaldesk/workflowServer.ts:15845 | src/lib/signaldesk/workflowServer.ts:16025 | src/lib/signaldesk/workflowServer.ts:16077 | src/lib/signaldesk/workflowServer.ts:16409 | src/lib/signaldesk/workflowServer.ts:19787 | src/lib/signaldesk/workflowServer.ts:19801 | src/lib/signaldesk/workflowServer.ts:19934 | src/lib/signaldesk/workflowServer.ts:20015 | src/lib/signaldesk/workflowServer.ts:20025 | src/lib/signaldesk/workflowServer.ts:20474 | src/lib/signaldesk/workflowServer.ts:20561 | src/lib/signaldesk/workflowServer.ts:20783 | src/lib/signaldesk/workflowServer.ts:21109 | src/lib/signaldesk/workflowServer.ts:21804 | src/lib/signaldesk/workflowServer.ts:21856 | src/lib/signaldesk/workspaceContracts.ts:89 | src/lib/signaldesk/workspaceContracts.ts:1676 | src/constants/signaldesk/database.ts:0 | functions-signaldesk/src/constants/database.ts:0","2ad5f2771c5491c68784739ed01e6f8cbb251c14668f5768ad69c79fd09a9f74","3","functions-signaldesk/src/schedulers/sourceDataLifecycle.ts | scripts/verification/e2e-signaldesk-local.js | scripts/verification/test-signaldesk-fresh-lineage.js | scripts/verification/test-signaldesk-outcome-route-emulator.js | scripts/verification/test-signaldesk-workspace-contracts.ts | scripts/verification/verify-signaldesk-security-rules.js | src/lib/signaldesk/workflowServer.ts | src/lib/signaldesk/workspaceContracts.ts","inventory-only","","rule path observed","",""
"signaldeskEnrichmentResults","SignalDesk","SIGNALDESK_COLLECTIONS.ENRICHMENT_RESULTS | SIGNALDESK_FUNCTIONS_COLLECTIONS.ENRICHMENT_RESULTS","constant definition | index definition | read/query | reference | security-rule | transaction/batch","9","firestore-signaldesk.indexes.json | firestore-signaldesk.rules | functions-signaldesk/src/constants/database.ts | functions-signaldesk/src/schedulers/sourceDataLifecycle.ts | scripts/verification/test-signaldesk-workspace-contracts.ts | scripts/verification/verify-signaldesk-runtime.js | src/constants/signaldesk/database.ts | src/lib/signaldesk/workflowServer.ts | src/lib/signaldesk/workspaceContracts.ts","firestore-signaldesk.indexes.json:596 | firestore-signaldesk.indexes.json:613 | firestore-signaldesk.rules:163 | functions-signaldesk/src/schedulers/sourceDataLifecycle.ts:274 | functions-signaldesk/src/schedulers/sourceDataLifecycle.ts:4182 | scripts/verification/test-signaldesk-workspace-contracts.ts:273 | scripts/verification/test-signaldesk-workspace-contracts.ts:887 | scripts/verification/verify-signaldesk-runtime.js:1569 | src/lib/signaldesk/workflowServer.ts:7631 | src/lib/signaldesk/workflowServer.ts:12754 | src/lib/signaldesk/workflowServer.ts:12814 | src/lib/signaldesk/workflowServer.ts:15616 | src/lib/signaldesk/workflowServer.ts:15639 | src/lib/signaldesk/workflowServer.ts:15734 | src/lib/signaldesk/workspaceContracts.ts:90 | src/lib/signaldesk/workspaceContracts.ts:1677 | src/constants/signaldesk/database.ts:0 | functions-signaldesk/src/constants/database.ts:0","6e32be7fa8af11d46a0b95270cf3bd95f56e29f0c08b04bc68fd922e4031cf29","4","functions-signaldesk/src/schedulers/sourceDataLifecycle.ts | scripts/verification/test-signaldesk-workspace-contracts.ts | scripts/verification/verify-signaldesk-runtime.js | src/lib/signaldesk/workflowServer.ts | src/lib/signaldesk/workspaceContracts.ts","inventory-only","","rule path observed","",""
"signaldeskEnrichmentWaterfalls","SignalDesk","SIGNALDESK_COLLECTIONS.ENRICHMENT_WATERFALLS","constant definition | read/query | reference | security-rule | transaction/batch | write","6","firestore-signaldesk.rules | scripts/verification/e2e-signaldesk-local.js | scripts/verification/test-signaldesk-workspace-contracts.ts | src/constants/signaldesk/database.ts | src/lib/signaldesk/workflowServer.ts | src/lib/signaldesk/workspaceContracts.ts","firestore-signaldesk.rules:168 | scripts/verification/e2e-signaldesk-local.js:1908 | scripts/verification/e2e-signaldesk-local.js:3423 | scripts/verification/e2e-signaldesk-local.js:3462 | scripts/verification/test-signaldesk-workspace-contracts.ts:286 | src/lib/signaldesk/workflowServer.ts:7632 | src/lib/signaldesk/workflowServer.ts:8489 | src/lib/signaldesk/workflowServer.ts:9308 | src/lib/signaldesk/workflowServer.ts:9334 | src/lib/signaldesk/workflowServer.ts:9362 | src/lib/signaldesk/workflowServer.ts:15623 | src/lib/signaldesk/workflowServer.ts:15652 | src/lib/signaldesk/workspaceContracts.ts:91 | src/lib/signaldesk/workspaceContracts.ts:1678 | src/constants/signaldesk/database.ts:0","7946c08ce997b5057d9294a885348a2f73d75527adba8d1f30fa81a06f5ee0d6","2","scripts/verification/e2e-signaldesk-local.js | scripts/verification/test-signaldesk-workspace-contracts.ts | src/lib/signaldesk/workflowServer.ts | src/lib/signaldesk/workspaceContracts.ts","in-progress","SignalDesk-only internal enrichment-policy authority. The protected route requires target.review plus provider-run admission for execution and source.configure plus configure admission for mutation, deriving the authenticated SignalDesk actor in both cases. Configuration uses one actor/idempotency-bound deterministic transaction that validates optional source-policy authority, strict persisted shape, claim, audit and cost evidence. Execution re-reads and projects the current waterfall, target, target detail, optional prior conversation, source policy, provider accounts, budgets and global provider pause before atomically recording one result, vendor run, claim, timeline, audit and daily-cost effect. No MenuList, Answerlattice, CampaignCue, Canonica, billing, public output, cache, Redux, SWR or local-storage consumer exists.","The separate SignalDesk ruleset permits reads only to authenticated platform identity when persisted pId is SD and denies all browser writes. Workspace reads use the strict projector. Mutation validates the optional policy through its authoritative parser; execution rejects malformed/wrong-product waterfalls, unusable policies, prior-contact/outcome authority, paused providers and unavailable budgets before writes. Fresh and replayed result responses use the public projector and omit pId/updatedBy.","Configuration and execution use deterministic document point reads inside bounded Firestore transactions and require no collection index. Actor plus idempotency key converges each configuration or run; changed-input and malformed claims fail. Focused real emulators prove configuration concurrency, shape/reference denial, wrong-product execution denial, happy-path run replay and public result projection. The large workflow, workspace-contract and aggregate E2E sources retain ranged evidence, so the collection remains in-progress.","AUDIT-SD-ENRICHMENT-WATERFALL-CONFIG-IDEMPOTENCY-001 | AUDIT-SD-ENRICHMENT-WATERFALL-PROJECTION-001"
"signaldeskEvalRuns","SignalDesk","SIGNALDESK_COLLECTIONS.EVAL_RUNS","constant definition","1","src/constants/signaldesk/database.ts","src/constants/signaldesk/database.ts:0","068930e79b6210fb141646b0ee1df75e63af4ff39b6c79326f7bc08149e107dc","1","","reviewed","Reserved SignalDesk AI-evaluation-run identity only; current runtime uses other compact evaluation state and has no producer, consumer, route, scheduler or deployed contract for this collection","No explicit SignalDesk rule path; product root default deny blocks every client read and write","No active query, index or TTL policy exists or is justified",""
"signaldeskEvidencePackets","SignalDesk","SIGNALDESK_COLLECTIONS.EVIDENCE_PACKETS | SIGNALDESK_FUNCTIONS_COLLECTIONS.EVIDENCE_PACKETS","constant definition | index definition | read/query | reference | security-rule","8","firestore-signaldesk.indexes.json | functions-signaldesk/src/constants/database.ts | functions-signaldesk/src/schedulers/sourceDataLifecycle.ts | scripts/verification/e2e-signaldesk-local.js | scripts/verification/verify-signaldesk-runtime.js | scripts/verification/verify-signaldesk-security-rules.js | src/constants/signaldesk/database.ts | src/lib/signaldesk/workflowServer.ts","firestore-signaldesk.indexes.json:45 | functions-signaldesk/src/schedulers/sourceDataLifecycle.ts:278 | functions-signaldesk/src/schedulers/sourceDataLifecycle.ts:4286 | scripts/verification/e2e-signaldesk-local.js:1963 | scripts/verification/verify-signaldesk-runtime.js:2495 | scripts/verification/verify-signaldesk-runtime.js:2527 | scripts/verification/verify-signaldesk-security-rules.js:40 | src/lib/signaldesk/workflowServer.ts:19608 | src/constants/signaldesk/database.ts:0 | functions-signaldesk/src/constants/database.ts:0","35fe3e9a81cc62ab1ca0f142b040ea1f79f9c6c95718f532a0e9da53b0e9749c","3","functions-signaldesk/src/schedulers/sourceDataLifecycle.ts | scripts/verification/e2e-signaldesk-local.js | scripts/verification/verify-signaldesk-runtime.js | scripts/verification/verify-signaldesk-security-rules.js | src/lib/signaldesk/workflowServer.ts","inventory-only","","rule path observed","",""
"signaldeskEvidencePacketSummaries","SignalDesk","SIGNALDESK_COLLECTIONS.EVIDENCE_PACKET_SUMMARIES | SIGNALDESK_FUNCTIONS_COLLECTIONS.EVIDENCE_PACKET_SUMMARIES","constant definition | delete | index definition | read/query | reference | security-rule | transaction/batch | write","12","firestore-signaldesk.indexes.json | firestore-signaldesk.rules | functions-signaldesk/src/constants/database.ts | functions-signaldesk/src/schedulers/sourceDataLifecycle.ts | scripts/verification/e2e-signaldesk-local.js | scripts/verification/test-signaldesk-fresh-lineage.js | scripts/verification/test-signaldesk-outcome-route-emulator.js | scripts/verification/test-signaldesk-workspace-contracts.ts | scripts/verification/verify-signaldesk-security-rules.js | src/constants/signaldesk/database.ts | src/lib/signaldesk/workflowServer.ts | src/lib/signaldesk/workspaceContracts.ts","firestore-signaldesk.indexes.json:37 | firestore-signaldesk.rules:84 | functions-signaldesk/src/schedulers/sourceDataLifecycle.ts:277 | functions-signaldesk/src/schedulers/sourceDataLifecycle.ts:4297 | scripts/verification/e2e-signaldesk-local.js:1972 | scripts/verification/e2e-signaldesk-local.js:1976 | scripts/verification/test-signaldesk-fresh-lineage.js:241 | scripts/verification/test-signaldesk-fresh-lineage.js:394 | scripts/verification/test-signaldesk-fresh-lineage.js:457 | scripts/verification/test-signaldesk-outcome-route-emulator.js:93 | scripts/verification/test-signaldesk-outcome-route-emulator.js:172 | scripts/verification/test-signaldesk-outcome-route-emulator.js:435 | scripts/verification/test-signaldesk-workspace-contracts.ts:300 | scripts/verification/test-signaldesk-workspace-contracts.ts:892 | scripts/verification/verify-signaldesk-security-rules.js:10 | src/lib/signaldesk/workflowServer.ts:5374 | src/lib/signaldesk/workflowServer.ts:7606 | src/lib/signaldesk/workflowServer.ts:7651 | src/lib/signaldesk/workflowServer.ts:15827 | src/lib/signaldesk/workflowServer.ts:15856 | src/lib/signaldesk/workflowServer.ts:15865 | src/lib/signaldesk/workflowServer.ts:15869 | src/lib/signaldesk/workflowServer.ts:18306 | src/lib/signaldesk/workflowServer.ts:18354 | src/lib/signaldesk/workflowServer.ts:19609 | src/lib/signaldesk/workflowServer.ts:19685 | src/lib/signaldesk/workflowServer.ts:19698 | src/lib/signaldesk/workflowServer.ts:19737 | src/lib/signaldesk/workflowServer.ts:20098 | src/lib/signaldesk/workflowServer.ts:20165 | src/lib/signaldesk/workspaceContracts.ts:92 | src/lib/signaldesk/workspaceContracts.ts:1679 | src/constants/signaldesk/database.ts:0 | functions-signaldesk/src/constants/database.ts:0","98fd7bccaa8850e1d7b31846dcfb83bd1c21a89cd4ab80221a0d339071c12355","4","functions-signaldesk/src/schedulers/sourceDataLifecycle.ts | scripts/verification/e2e-signaldesk-local.js | scripts/verification/test-signaldesk-fresh-lineage.js | scripts/verification/test-signaldesk-outcome-route-emulator.js | scripts/verification/test-signaldesk-workspace-contracts.ts | scripts/verification/verify-signaldesk-security-rules.js | src/lib/signaldesk/workflowServer.ts | src/lib/signaldesk/workspaceContracts.ts","inventory-only","","rule path observed","",""
"signaldeskExperimentCards","SignalDesk","SIGNALDESK_COLLECTIONS.EXPERIMENT_CARDS","constant definition | index definition | read/query | reference | security-rule | transaction/batch | write","6","firestore-signaldesk.indexes.json | firestore-signaldesk.rules | scripts/verification/e2e-signaldesk-local.js | scripts/verification/verify-signaldesk-runtime.js | src/constants/signaldesk/database.ts | src/lib/signaldesk/workflowServer.ts","firestore-signaldesk.indexes.json:335 | firestore-signaldesk.indexes.json:343 | firestore-signaldesk.rules:248 | scripts/verification/e2e-signaldesk-local.js:3933 | scripts/verification/e2e-signaldesk-local.js:3941 | scripts/verification/e2e-signaldesk-local.js:3943 | scripts/verification/e2e-signaldesk-local.js:3949 | scripts/verification/e2e-signaldesk-local.js:3963 | scripts/verification/e2e-signaldesk-local.js:3964 | scripts/verification/e2e-signaldesk-local.js:4123 | scripts/verification/e2e-signaldesk-local.js:4138 | scripts/verification/e2e-signaldesk-local.js:4159 | scripts/verification/verify-signaldesk-runtime.js:2583 | src/lib/signaldesk/workflowServer.ts:2594 | src/lib/signaldesk/workflowServer.ts:2710 | src/lib/signaldesk/workflowServer.ts:3292 | src/lib/signaldesk/workflowServer.ts:3321 | src/lib/signaldesk/workflowServer.ts:11372 | src/lib/signaldesk/workflowServer.ts:11404 | src/lib/signaldesk/workflowServer.ts:11414 | src/lib/signaldesk/workflowServer.ts:11420 | src/lib/signaldesk/workflowServer.ts:11476 | src/lib/signaldesk/workflowServer.ts:11485 | src/lib/signaldesk/workflowServer.ts:11529 | src/lib/signaldesk/workflowServer.ts:14361 | src/constants/signaldesk/database.ts:0","d12865f212e531b9455a1eb170dad410a9231a07eeee68510434653b9d68749e","3","scripts/verification/e2e-signaldesk-local.js | scripts/verification/verify-signaldesk-runtime.js | src/lib/signaldesk/workflowServer.ts","inventory-only","","rule path observed","",""
"signaldeskFoundationSummaries","SignalDesk","SIGNALDESK_COLLECTIONS.FOUNDATION_SUMMARIES","constant definition | security-rule | write","3","firestore-signaldesk.rules | scripts/verification/verify-signaldesk-security-rules.js | src/constants/signaldesk/database.ts","firestore-signaldesk.rules:24 | scripts/verification/verify-signaldesk-security-rules.js:10 | scripts/verification/verify-signaldesk-security-rules.js:310 | src/constants/signaldesk/database.ts:0","57f19d20812a0798f7fa7cedcdfe8581e127e801f1bd8e2288d707ae7a8314ef","2","scripts/verification/verify-signaldesk-security-rules.js","in-progress","Reserved dedicated SignalDesk foundation-summary namespace. No current first-party runtime producer, reader, query, DTO, route, job or retention owner exists; only the product constant, explicit read rule, historical activation intent and security emulator fixture remain","Direct reads require an authenticated PLATFORM claim and an existing resource with exact pId SD. Every client write is denied. The emulator proves an ordinary active member cannot read, a platform operator can read the exact-product fixture, and even that operator cannot write","No active query, persistence or retention path exists; no composite index, field exemption or TTL policy is justified","AUDIT-SD-DIRECT-FIRESTORE-ROLE-BOUNDARY-001 | AUDIT-SIGNALDESK-DORMANT-SUMMARY-RULE-COVERAGE-001"
"signaldeskGrowthMissions","SignalDesk","SIGNALDESK_COLLECTIONS.GROWTH_MISSIONS","constant definition | index definition | read/query | reference | security-rule | transaction/batch | write","7","firestore-signaldesk.indexes.json | firestore-signaldesk.rules | scripts/verification/e2e-signaldesk-local.js | scripts/verification/test-signaldesk-fresh-lineage.js | scripts/verification/verify-signaldesk-runtime.js | src/constants/signaldesk/database.ts | src/lib/signaldesk/workflowServer.ts","firestore-signaldesk.indexes.json:319 | firestore-signaldesk.indexes.json:327 | firestore-signaldesk.rules:243 | scripts/verification/e2e-signaldesk-local.js:3195 | scripts/verification/e2e-signaldesk-local.js:3205 | scripts/verification/test-signaldesk-fresh-lineage.js:657 | scripts/verification/verify-signaldesk-runtime.js:2582 | src/lib/signaldesk/workflowServer.ts:1975 | src/lib/signaldesk/workflowServer.ts:2093 | src/lib/signaldesk/workflowServer.ts:2555 | src/lib/signaldesk/workflowServer.ts:11561 | src/lib/signaldesk/workflowServer.ts:11571 | src/lib/signaldesk/workflowServer.ts:11925 | src/lib/signaldesk/workflowServer.ts:11969 | src/lib/signaldesk/workflowServer.ts:11981 | src/lib/signaldesk/workflowServer.ts:12005 | src/lib/signaldesk/workflowServer.ts:21457 | src/constants/signaldesk/database.ts:0","e6a2fb5969e98a2c132d5c5f6b910ff773abde325436547b28ccfa3e524daa99","3","scripts/verification/e2e-signaldesk-local.js | scripts/verification/test-signaldesk-fresh-lineage.js | scripts/verification/verify-signaldesk-runtime.js | src/lib/signaldesk/workflowServer.ts","inventory-only","","rule path observed","",""
"signaldeskIdempotencyKeys","SignalDesk","SIGNALDESK_COLLECTIONS.IDEMPOTENCY_KEYS | SIGNALDESK_FUNCTIONS_COLLECTIONS.IDEMPOTENCY_KEYS","constant definition | read/query | reference | security-rule | transaction/batch | write","10","firestore-signaldesk.rules | functions-signaldesk/src/constants/database.ts | scripts/verification/e2e-signaldesk-local.js | scripts/verification/test-signaldesk-fresh-lineage.js | scripts/verification/test-signaldesk-kill-switch-overview.js | scripts/verification/test-signaldesk-outcome-route-emulator.js | scripts/verification/verify-signaldesk-security-rules.js | src/constants/signaldesk/database.ts | src/lib/signaldesk/server.ts | src/lib/signaldesk/workflowServer.ts","firestore-signaldesk.rules:139 | scripts/verification/e2e-signaldesk-local.js:825 | scripts/verification/e2e-signaldesk-local.js:1524 | scripts/verification/e2e-signaldesk-local.js:4532 | scripts/verification/e2e-signaldesk-local.js:4568 | scripts/verification/e2e-signaldesk-local.js:4580 | scripts/verification/e2e-signaldesk-local.js:4637 | scripts/verification/e2e-signaldesk-local.js:5073 | scripts/verification/e2e-signaldesk-local.js:6375 | scripts/verification/e2e-signaldesk-local.js:6433 | scripts/verification/e2e-signaldesk-local.js:6502 | scripts/verification/e2e-signaldesk-local.js:6551 | scripts/verification/e2e-signaldesk-local.js:7404 | scripts/verification/e2e-signaldesk-local.js:7492 | scripts/verification/e2e-signaldesk-local.js:7530 | scripts/verification/e2e-signaldesk-local.js:7564 | scripts/verification/e2e-signaldesk-local.js:7667 | scripts/verification/e2e-signaldesk-local.js:7851 | scripts/verification/e2e-signaldesk-local.js:7922 | scripts/verification/e2e-signaldesk-local.js:8111 | scripts/verification/e2e-signaldesk-local.js:8144 | scripts/verification/e2e-signaldesk-local.js:8344 | scripts/verification/e2e-signaldesk-local.js:9439 | scripts/verification/e2e-signaldesk-local.js:9811 | scripts/verification/test-signaldesk-fresh-lineage.js:442 | scripts/verification/test-signaldesk-fresh-lineage.js:495 | scripts/verification/test-signaldesk-kill-switch-overview.js:49 | scripts/verification/test-signaldesk-kill-switch-overview.js:361 | scripts/verification/test-signaldesk-outcome-route-emulator.js:94 | scripts/verification/verify-signaldesk-security-rules.js:40 | src/lib/signaldesk/server.ts:644 | src/lib/signaldesk/workflowServer.ts:8854 | src/lib/signaldesk/workflowServer.ts:8941 | src/lib/signaldesk/workflowServer.ts:9037 | src/lib/signaldesk/workflowServer.ts:9126 | src/lib/signaldesk/workflowServer.ts:9223 | src/lib/signaldesk/workflowServer.ts:9310 | src/lib/signaldesk/workflowServer.ts:9403 | src/lib/signaldesk/workflowServer.ts:9501 | src/lib/signaldesk/workflowServer.ts:9602 | src/lib/signaldesk/workflowServer.ts:9845 | src/lib/signaldesk/workflowServer.ts:12170 | src/lib/signaldesk/workflowServer.ts:12274 | src/lib/signaldesk/workflowServer.ts:12504 | src/lib/signaldesk/workflowServer.ts:12746 | src/lib/signaldesk/workflowServer.ts:12946 | src/lib/signaldesk/workflowServer.ts:13038 | src/lib/signaldesk/workflowServer.ts:13466 | src/lib/signaldesk/workflowServer.ts:13556 | src/lib/signaldesk/workflowServer.ts:13677 | src/lib/signaldesk/workflowServer.ts:13802 | src/lib/signaldesk/workflowServer.ts:14033 | src/lib/signaldesk/workflowServer.ts:14235 | src/lib/signaldesk/workflowServer.ts:14487 | src/lib/signaldesk/workflowServer.ts:14744 | src/lib/signaldesk/workflowServer.ts:15078 | src/lib/signaldesk/workflowServer.ts:15205 | src/lib/signaldesk/workflowServer.ts:15340 | src/lib/signaldesk/workflowServer.ts:15618 | src/lib/signaldesk/workflowServer.ts:16289 | src/lib/signaldesk/workflowServer.ts:16721 | src/lib/signaldesk/workflowServer.ts:17008 | src/lib/signaldesk/workflowServer.ts:17604 | src/lib/signaldesk/workflowServer.ts:17827 | src/lib/signaldesk/workflowServer.ts:18352 | src/lib/signaldesk/workflowServer.ts:20709 | src/lib/signaldesk/workflowServer.ts:21460 | src/lib/signaldesk/workflowServer.ts:21713 | src/lib/signaldesk/workflowServer.ts:22055 | src/lib/signaldesk/workflowServer.ts:22361 | src/constants/signaldesk/database.ts:0 | functions-signaldesk/src/constants/database.ts:0","2612e6b714f8deef36c69365426408d925ccfd7ee7395aea80274458798c7d28","3","scripts/verification/e2e-signaldesk-local.js | scripts/verification/test-signaldesk-fresh-lineage.js | scripts/verification/test-signaldesk-kill-switch-overview.js | scripts/verification/test-signaldesk-outcome-route-emulator.js | scripts/verification/verify-signaldesk-security-rules.js | src/lib/signaldesk/server.ts | src/lib/signaldesk/workflowServer.ts","in-progress","SignalDesk-only server-side exactly-once control authority. Protected app operations derive deterministic actor/key-scoped document IDs and atomically create or advance claims with the authoritative mutation, audit, timeline, queue, cost or provider reservation effects. Claims bind product, actor, operation, entity/result identity and request fingerprint; some long-running provider/AI/outbound flows additionally carry in-progress/completed/unresolved state and compact result identifiers. No browser, public output, MenuList tenant data, billing settlement, cache, Redux, SWR or local-storage consumer exists.","No explicit client rule match exists, so the separate SignalDesk ruleset's recursive default deny blocks every browser identity from reading or mutating claims. App replay branches must validate stored authority because Admin SDK bypasses rules. Restarts 958-959 inventory every app claim branch and repair both the shared short operation families and specialized source-provider, research, AI, direct-provider and owned-sequence state machines. Nested replay snapshots reject conflicting product identity while historical snapshots with absent product remain compatible only where their original writer omitted it.","All application claims are deterministic point reads/writes and require no collection index. Claims are transactionally coupled to their effects; exact retries return durable truth or current state without duplicating effects, changed input conflicts, and unresolved long-running outcomes remain visible for review. Fresh-project content, happy-path, Inbox, sender/outbound and combined idempotency-claims emulators pass. The outcome claim uses its independently strict parser and event coupling. Shared server, lifecycle and aggregate verifier evidence files retain ranged rather than whole-file fingerprints, so the catalog row remains conservatively in-progress despite the complete application claim-branch trace.","AUDIT-SD-IDEMPOTENCY-CLAIM-AUTHORITY-001 | AUDIT-SD-IDEMPOTENCY-LONG-RUNNING-AUTHORITY-001 | AUDIT-SD-CONTENT-ASSET-REPLAY-AUTHORITY-001 | AUDIT-SD-CONTENT-DOWNSTREAM-REPLAY-AUTHORITY-001"
"signaldeskIdentityIndex","SignalDesk","SIGNALDESK_COLLECTIONS.IDENTITY_INDEX","constant definition | delete | reference | write","3","scripts/verification/e2e-signaldesk-local.js | src/constants/signaldesk/database.ts | src/lib/signaldesk/workflowServer.ts","scripts/verification/e2e-signaldesk-local.js:1522 | scripts/verification/e2e-signaldesk-local.js:1941 | src/lib/signaldesk/workflowServer.ts:16856 | src/lib/signaldesk/workflowServer.ts:16858 | src/constants/signaldesk/database.ts:0","699c086033ceff2e365bbb72eec5a17081fff868493ccad00cffeb29bf9645ab","1","scripts/verification/e2e-signaldesk-local.js | src/lib/signaldesk/workflowServer.ts","in-progress","SignalDesk-only global deterministic deduplication binding at signaldeskIdentityIndex/{sha256(identity basis)}. Manual/provider target imports compute a source-policy-authorized, provider-namespaced identity, read both current and migration-only hashes transactionally, and bind one compact hash to one strict SignalDesk target. No MenuList, Answerlattice, CampaignCue, Canonica, browser, public DTO, cache, Redux, SWR, local-storage, webhook output or billing consumer reads the collection.","No explicit browser rule exists in the separate SignalDesk ruleset, so the root recursive default-deny branch blocks every client read and write. The only active producer/consumer is the authenticated SignalDesk Admin import flow after route permission, source-policy, provider-lineage and product admission. The complete large workflow/E2E sources remain conservative review blockers.","Every lookup is a deterministic document point read inside the same bounded transaction as source, target, suppression, contact and provenance authority; no collection query or index applies. Missing rows use create-only writes, exact legacy rows may gain pId only after a strict three-key compatibility check, and orphaned, rebound, divergent or malformed bindings abort the whole import. The compact hash-to-target tombstone is intentionally retained to preserve deduplication after source-data scrubbing.",""
"signaldeskImportRows","SignalDesk","SIGNALDESK_COLLECTIONS.IMPORT_ROWS","constant definition | security-rule | write","2","scripts/verification/verify-signaldesk-security-rules.js | src/constants/signaldesk/database.ts","scripts/verification/verify-signaldesk-security-rules.js:40 | scripts/verification/verify-signaldesk-security-rules.js:323 | src/constants/signaldesk/database.ts:0","8de4a9fa41ce626e8ba628f1e83d2b1c5ff4a13a9ab288275e3545beb49e624e","1","scripts/verification/verify-signaldesk-security-rules.js","in-progress","Reserved dedicated SignalDesk import-detail namespace. No current first-party importer, reader, query, route, job, DTO or retention owner exists; the only write is an Admin security-emulator fixture used to prove the raw namespace remains inaccessible","No explicit rule path exists, so root default deny blocks every browser read, query and write, including PLATFORM operators. The complete Firestore emulator proves member and platform point/list denial","No active query, persistence or retention path exists; no composite index, field exemption or TTL policy is justified","AUDIT-SD-DIRECT-FIRESTORE-ROLE-BOUNDARY-001 | AUDIT-COLLECTION-CATALOG-VERIFIER-LIST-OMISSION-001"
"signaldeskInboxWorkItems","SignalDesk","SIGNALDESK_COLLECTIONS.INBOX_WORK_ITEMS","constant definition","1","src/constants/signaldesk/database.ts","src/constants/signaldesk/database.ts:0","990d97b2498e3d1ddf7d4b0879613cbbc146ca46260cf7bccaaaeb1a4163ffd1","1","","reviewed","Explicitly planned-but-nonexistent SignalDesk Inbox work-item namespace; current Inbox documentation and runtime verifier reject treating it as implemented","No explicit SignalDesk rule path; product root default deny blocks every client read and write","No active query, index or TTL policy exists or is justified",""
"signaldeskIncidents","SignalDesk","SIGNALDESK_COLLECTIONS.INCIDENTS | SIGNALDESK_FUNCTIONS_COLLECTIONS.INCIDENTS","constant definition | index definition | read/query | reference | security-rule | transaction/batch | write","11","firestore-signaldesk.indexes.json | firestore-signaldesk.rules | functions-signaldesk/src/constants/database.ts | functions-signaldesk/src/schedulers/proofPermissionLifecycle.ts | functions-signaldesk/src/schedulers/sourceDataLifecycle.ts | scripts/verification/e2e-signaldesk-local.js | scripts/verification/test-signaldesk-kill-switch-overview.js | src/constants/signaldesk/database.ts | src/lib/signaldesk/server.ts | src/lib/signaldesk/webhookServer.ts | src/lib/signaldesk/workflowServer.ts","firestore-signaldesk.indexes.json:78 | firestore-signaldesk.rules:64 | functions-signaldesk/src/schedulers/proofPermissionLifecycle.ts:921 | functions-signaldesk/src/schedulers/proofPermissionLifecycle.ts:1059 | functions-signaldesk/src/schedulers/proofPermissionLifecycle.ts:1394 | functions-signaldesk/src/schedulers/sourceDataLifecycle.ts:1208 | functions-signaldesk/src/schedulers/sourceDataLifecycle.ts:1439 | functions-signaldesk/src/schedulers/sourceDataLifecycle.ts:3197 | functions-signaldesk/src/schedulers/sourceDataLifecycle.ts:3658 | functions-signaldesk/src/schedulers/sourceDataLifecycle.ts:4150 | scripts/verification/e2e-signaldesk-local.js:380 | scripts/verification/e2e-signaldesk-local.js:8389 | scripts/verification/e2e-signaldesk-local.js:8752 | scripts/verification/e2e-signaldesk-local.js:8814 | scripts/verification/e2e-signaldesk-local.js:8817 | scripts/verification/e2e-signaldesk-local.js:9133 | scripts/verification/test-signaldesk-kill-switch-overview.js:50 | scripts/verification/test-signaldesk-kill-switch-overview.js:280 | scripts/verification/test-signaldesk-kill-switch-overview.js:289 | scripts/verification/test-signaldesk-kill-switch-overview.js:298 | scripts/verification/test-signaldesk-kill-switch-overview.js:306 | scripts/verification/test-signaldesk-kill-switch-overview.js:314 | scripts/verification/test-signaldesk-kill-switch-overview.js:329 | scripts/verification/test-signaldesk-kill-switch-overview.js:330 | scripts/verification/test-signaldesk-kill-switch-overview.js:335 | scripts/verification/test-signaldesk-kill-switch-overview.js:344 | scripts/verification/test-signaldesk-kill-switch-overview.js:357 | src/lib/signaldesk/server.ts:478 | src/lib/signaldesk/webhookServer.ts:1024 | src/lib/signaldesk/workflowServer.ts:3221 | src/lib/signaldesk/workflowServer.ts:3606 | src/lib/signaldesk/workflowServer.ts:3842 | src/lib/signaldesk/workflowServer.ts:3953 | src/lib/signaldesk/workflowServer.ts:4519 | src/lib/signaldesk/workflowServer.ts:4820 | src/lib/signaldesk/workflowServer.ts:21575 | src/constants/signaldesk/database.ts:0 | functions-signaldesk/src/constants/database.ts:0","6d7484804e06d2c6b151d18d08519afb0004640f8a2ed50ea3d86519a17e21c2","4","functions-signaldesk/src/schedulers/proofPermissionLifecycle.ts | functions-signaldesk/src/schedulers/sourceDataLifecycle.ts | scripts/verification/e2e-signaldesk-local.js | scripts/verification/test-signaldesk-kill-switch-overview.js | src/lib/signaldesk/server.ts | src/lib/signaldesk/webhookServer.ts | src/lib/signaldesk/workflowServer.ts","in-progress","SignalDesk-only operational and safety incident authority. Content publication/CTA reconciliation, proof-permission lifecycle, source-data lifecycle and complaint/rights webhooks derive deterministic incident IDs and create/reopen/resolve them inside the same transaction as affected asset/authority/pause/control-room/audit/cost state. The protected overview is the only current list consumer. No MenuList tenant, customer/public output, billing, cache, Redux, SWR or local-storage consumer exists.","The separate SignalDesk ruleset permits reads only to authenticated platform identity when pId is SD and denies all browser writes. Every reviewed Admin writer validates existing product/document/type/entity/severity/status authority before mutation. Resolution verifies matching asset/authority/reconciliation evidence and transaction-current positive open count before decrement; lifecycle reopen paths distinguish first create from resolved reopen so total/open counters remain exact.","Writers use deterministic point documents. The overview query is product-scoped, limited to open/acknowledged states, document-ID ordered and hard-fails beyond the strict maximum; its maintained pId/status/document-ID composite supports the exact query. Malformed rows are logged and excluded while overflow is visible failure. Restart 968 reconciled every writer family, projector, control counter and consumer without a new confirmed defect. Shared workflow/lifecycle/rule/index/verifier files retain ranged evidence, so the row remains in-progress.","AUDIT-SD-CONTROL-ROOM-WRITER-IDENTITY-001"
"signaldeskKillSwitches","SignalDesk","SIGNALDESK_COLLECTIONS.KILL_SWITCHES | SIGNALDESK_FUNCTIONS_COLLECTIONS.KILL_SWITCHES","constant definition | delete | read/query | reference | security-rule | transaction/batch | write","8","firestore-signaldesk.rules | functions-signaldesk/src/constants/database.ts | scripts/verification/e2e-signaldesk-local.js | scripts/verification/test-signaldesk-kill-switch-overview.js | src/constants/signaldesk/database.ts | src/lib/signaldesk/server.ts | src/lib/signaldesk/webhookServer.ts | src/lib/signaldesk/workflowServer.ts","firestore-signaldesk.rules:59 | scripts/verification/e2e-signaldesk-local.js:572 | scripts/verification/e2e-signaldesk-local.js:1936 | scripts/verification/e2e-signaldesk-local.js:2449 | scripts/verification/e2e-signaldesk-local.js:4921 | scripts/verification/e2e-signaldesk-local.js:8429 | scripts/verification/e2e-signaldesk-local.js:9137 | scripts/verification/e2e-signaldesk-local.js:9458 | scripts/verification/e2e-signaldesk-local.js:10082 | scripts/verification/test-signaldesk-kill-switch-overview.js:51 | scripts/verification/test-signaldesk-kill-switch-overview.js:263 | scripts/verification/test-signaldesk-kill-switch-overview.js:272 | scripts/verification/test-signaldesk-kill-switch-overview.js:273 | scripts/verification/test-signaldesk-kill-switch-overview.js:359 | scripts/verification/test-signaldesk-kill-switch-overview.js:442 | scripts/verification/test-signaldesk-kill-switch-overview.js:455 | scripts/verification/test-signaldesk-kill-switch-overview.js:466 | scripts/verification/test-signaldesk-kill-switch-overview.js:476 | src/lib/signaldesk/server.ts:461 | src/lib/signaldesk/server.ts:635 | src/lib/signaldesk/webhookServer.ts:825 | src/lib/signaldesk/workflowServer.ts:4375 | src/lib/signaldesk/workflowServer.ts:6585 | src/lib/signaldesk/workflowServer.ts:8799 | src/lib/signaldesk/workflowServer.ts:9856 | src/lib/signaldesk/workflowServer.ts:11624 | src/lib/signaldesk/workflowServer.ts:12947 | src/lib/signaldesk/workflowServer.ts:13039 | src/lib/signaldesk/workflowServer.ts:13166 | src/lib/signaldesk/workflowServer.ts:13359 | src/lib/signaldesk/workflowServer.ts:13469 | src/lib/signaldesk/workflowServer.ts:13679 | src/lib/signaldesk/workflowServer.ts:13821 | src/lib/signaldesk/workflowServer.ts:14045 | src/lib/signaldesk/workflowServer.ts:14237 | src/lib/signaldesk/workflowServer.ts:14499 | src/lib/signaldesk/workflowServer.ts:14747 | src/lib/signaldesk/workflowServer.ts:15081 | src/lib/signaldesk/workflowServer.ts:15208 | src/lib/signaldesk/workflowServer.ts:15354 | src/lib/signaldesk/workflowServer.ts:15624 | src/lib/signaldesk/workflowServer.ts:16078 | src/lib/signaldesk/workflowServer.ts:16079 | src/lib/signaldesk/workflowServer.ts:16080 | src/lib/signaldesk/workflowServer.ts:16375 | src/lib/signaldesk/workflowServer.ts:16376 | src/lib/signaldesk/workflowServer.ts:16377 | src/lib/signaldesk/workflowServer.ts:20352 | src/lib/signaldesk/workflowServer.ts:20353 | src/lib/signaldesk/workflowServer.ts:20562 | src/lib/signaldesk/workflowServer.ts:20563 | src/lib/signaldesk/workflowServer.ts:20784 | src/lib/signaldesk/workflowServer.ts:20785 | src/lib/signaldesk/workflowServer.ts:21114 | src/lib/signaldesk/workflowServer.ts:21115 | src/lib/signaldesk/workflowServer.ts:21255 | src/lib/signaldesk/workflowServer.ts:21256 | src/lib/signaldesk/workflowServer.ts:21588 | src/lib/signaldesk/workflowServer.ts:21772 | src/constants/signaldesk/database.ts:0 | functions-signaldesk/src/constants/database.ts:0","d3d034e02328168d95dcfae1091e12a181c06371335aab3f493359a56ab3cae3","3","scripts/verification/e2e-signaldesk-local.js | scripts/verification/test-signaldesk-kill-switch-overview.js | src/lib/signaldesk/server.ts | src/lib/signaldesk/webhookServer.ts | src/lib/signaldesk/workflowServer.ts","in-progress","SignalDesk-only deterministic operational safety authority at signaldeskKillSwitches/scope_{scope}. Founder transitions use actor-bound idempotent transactions; complaint, rights-request and safety-reply paths automatically activate channel/global scopes in the same transaction as incident, suppression, health, control and audit truth. Protected content, source, trust, campaign, AI, outbound, manual-contact and MenuList-bridge workflows consume point scope documents before effects. The overview reads all eleven governed scopes and derives its exact active count. No MenuList tenant, customer/public output, billing, cache, Redux, SWR or local-storage consumer exists.","The separate SignalDesk ruleset permits reads only to authenticated platform identities for rows with pId=SD and denies every browser write. Founder mutation and overview already used the strict product/document/scope/status/reason/actor/timestamp projector. Restart 970 routes every workflow admission through the same projector, so a malformed or foreign deterministic row fails closed even when its raw status is inactive; only a genuinely missing scope document means no configured pause.","Every producer and consumer uses one deterministic point document per governed scope, so no composite index is required. Founder exact/concurrent retries are claim-idempotent and audit/cost-coupled; complaint webhook activation reads current authority and transactionally increments derived control metadata only on a real inactive-to-active transition. The protected overview derives the displayed active count from all strict scope rows rather than trusting stale summary count. Focused sender/outbound and kill-switch/overview emulators cover malformed inactive admission, exact/concurrent/opposite founder transitions, automatic pause, invalid-row exclusion and exact derived count. Shared workflow/webhook/rule/E2E sources retain ranged evidence, so the family remains in-progress.","AUDIT-SD-KILL-SWITCH-RAW-ADMISSION-001"
"signaldeskMarketPods","SignalDesk","SIGNALDESK_COLLECTIONS.MARKET_PODS","constant definition | delete | read/query | reference | security-rule | transaction/batch | write","4","firestore-signaldesk.rules | scripts/verification/e2e-signaldesk-local.js | src/constants/signaldesk/database.ts | src/lib/signaldesk/workflowServer.ts","firestore-signaldesk.rules:188 | scripts/verification/e2e-signaldesk-local.js:563 | scripts/verification/e2e-signaldesk-local.js:701 | scripts/verification/e2e-signaldesk-local.js:2686 | scripts/verification/e2e-signaldesk-local.js:3141 | scripts/verification/e2e-signaldesk-local.js:3377 | scripts/verification/e2e-signaldesk-local.js:3787 | scripts/verification/e2e-signaldesk-local.js:5045 | scripts/verification/e2e-signaldesk-local.js:5184 | scripts/verification/e2e-signaldesk-local.js:7421 | scripts/verification/e2e-signaldesk-local.js:7903 | src/lib/signaldesk/workflowServer.ts:1889 | src/lib/signaldesk/workflowServer.ts:1961 | src/lib/signaldesk/workflowServer.ts:6392 | src/lib/signaldesk/workflowServer.ts:6499 | src/lib/signaldesk/workflowServer.ts:6526 | src/lib/signaldesk/workflowServer.ts:6576 | src/lib/signaldesk/workflowServer.ts:6606 | src/lib/signaldesk/workflowServer.ts:8113 | src/lib/signaldesk/workflowServer.ts:8411 | src/lib/signaldesk/workflowServer.ts:9406 | src/lib/signaldesk/workflowServer.ts:9440 | src/lib/signaldesk/workflowServer.ts:10895 | src/lib/signaldesk/workflowServer.ts:10916 | src/lib/signaldesk/workflowServer.ts:11015 | src/lib/signaldesk/workflowServer.ts:12403 | src/lib/signaldesk/workflowServer.ts:12413 | src/lib/signaldesk/workflowServer.ts:12450 | src/lib/signaldesk/workflowServer.ts:12497 | src/lib/signaldesk/workflowServer.ts:12523 | src/lib/signaldesk/workflowServer.ts:12547 | src/lib/signaldesk/workflowServer.ts:12593 | src/lib/signaldesk/workflowServer.ts:13040 | src/lib/signaldesk/workflowServer.ts:13066 | src/lib/signaldesk/workflowServer.ts:13916 | src/lib/signaldesk/workflowServer.ts:14358 | src/lib/signaldesk/workflowServer.ts:17975 | src/lib/signaldesk/workflowServer.ts:17987 | src/constants/signaldesk/database.ts:0","29ac731205e16253d75901aa931a4d513a21d94ccc6a5b3e517d5c5daa3875df","2","scripts/verification/e2e-signaldesk-local.js | src/lib/signaldesk/workflowServer.ts","in-progress","SignalDesk-only market-selection authority at signaldeskMarketPods/{marketPodId}. The protected operating-layer recommendation reads bounded SignalDesk target, outcome and demand summaries, computes a zero-budget hold/activate/expand recommendation and transactionally creates or merges a strict SD-bound pod without changing existing founder review fields. Only a founder-admin with signaldesk.configure may record an approval/hold/rejection, and the review transaction binds the exact actor/idempotency key/fingerprint to a durable result snapshot. No MenuList, Answerlattice, CampaignCue, Canonica, billing, public-output, cache, Redux, SWR or local-storage flow consumes this collection.","The separate SignalDesk ruleset permits browser reads only to an authenticated platform identity when the persisted pId is SD and denies all client writes. Admin consumers that can enable execution re-read current pod authority and require active status, approved reviewDecision and approvedBy; operating envelopes additionally re-check in their creation transaction. A founder downgrade from approved establishes a reconciliation token and pending marker transactionally, then holds dependent content assets before clearing that marker. Recommendation refresh preserves founder approval and review ownership.","Recommendation and review use deterministic document point reads/writes and need no collection index. Exact recommendation replay performs no pod, audit, timeline or cost write; review replay requires the same actor-derived idempotency claim and request fingerprint. Seed migration recognizes only exact legacy defaults and preserves current founder-owned approval. Focused real Firestore emulator runs cover recommendation replay, non-founder denial, concurrent approval replay, seed convergence, exact legacy migration, malformed active rows and approval preservation. The large workflow/E2E sources retain ranged evidence, so the collection is not yet marked reviewed.",""
"signaldeskMessageEvents","SignalDesk","SIGNALDESK_COLLECTIONS.MESSAGE_EVENTS","constant definition | security-rule","2","scripts/verification/verify-signaldesk-security-rules.js | src/constants/signaldesk/database.ts","scripts/verification/verify-signaldesk-security-rules.js:40 | src/constants/signaldesk/database.ts:0","30d56b7f3714c86066496dffe203a60a9983ac01d2469e6df846cd7c6836ab3a","1","scripts/verification/verify-signaldesk-security-rules.js","in-progress","Explicitly planned-but-nonexistent SignalDesk message-event namespace; current Inbox documentation and runtime verifier reject treating it as implemented","The security verifier classifies it as raw/private; no explicit match exists, so product root default deny blocks all clients","No active query, index or TTL policy exists or is justified","AUDIT-COLLECTION-CATALOG-VERIFIER-LIST-OMISSION-001"
"signaldeskMessageExports","SignalDesk","SIGNALDESK_COLLECTIONS.MESSAGE_EXPORTS | SIGNALDESK_FUNCTIONS_COLLECTIONS.MESSAGE_EXPORTS","constant definition | read/query | reference | security-rule | transaction/batch | write","7","firestore-signaldesk.rules | functions-signaldesk/src/constants/database.ts | functions-signaldesk/src/schedulers/sourceDataLifecycle.ts | scripts/verification/e2e-signaldesk-local.js | src/constants/signaldesk/database.ts | src/lib/signaldesk/webhookServer.ts | src/lib/signaldesk/workflowServer.ts","firestore-signaldesk.rules:114 | functions-signaldesk/src/schedulers/sourceDataLifecycle.ts:285 | scripts/verification/e2e-signaldesk-local.js:2130 | scripts/verification/e2e-signaldesk-local.js:2133 | scripts/verification/e2e-signaldesk-local.js:5355 | scripts/verification/e2e-signaldesk-local.js:5431 | scripts/verification/e2e-signaldesk-local.js:5553 | scripts/verification/e2e-signaldesk-local.js:5587 | scripts/verification/e2e-signaldesk-local.js:5701 | scripts/verification/e2e-signaldesk-local.js:5710 | scripts/verification/e2e-signaldesk-local.js:6041 | scripts/verification/e2e-signaldesk-local.js:6089 | scripts/verification/e2e-signaldesk-local.js:6517 | scripts/verification/e2e-signaldesk-local.js:6558 | scripts/verification/e2e-signaldesk-local.js:6869 | scripts/verification/e2e-signaldesk-local.js:9550 | scripts/verification/e2e-signaldesk-local.js:9861 | src/lib/signaldesk/webhookServer.ts:508 | src/lib/signaldesk/workflowServer.ts:16290 | src/lib/signaldesk/workflowServer.ts:20507 | src/lib/signaldesk/workflowServer.ts:20710 | src/lib/signaldesk/workflowServer.ts:21060 | src/lib/signaldesk/workflowServer.ts:21336 | src/constants/signaldesk/database.ts:0 | functions-signaldesk/src/constants/database.ts:0","fa1ceaa1aedae41a986f5f97a512449aefb93ec8f83c849b0a74f9e57decd836","3","functions-signaldesk/src/schedulers/sourceDataLifecycle.ts | scripts/verification/e2e-signaldesk-local.js | src/lib/signaldesk/webhookServer.ts | src/lib/signaldesk/workflowServer.ts","inventory-only","","rule path observed","",""
"signaldeskMessages","SignalDesk","SIGNALDESK_COLLECTIONS.MESSAGES | SIGNALDESK_FUNCTIONS_COLLECTIONS.MESSAGES","constant definition | delete | read/query | reference | security-rule | write","7","functions-signaldesk/src/constants/database.ts | functions-signaldesk/src/schedulers/sourceDataLifecycle.ts | scripts/verification/e2e-signaldesk-local.js | scripts/verification/verify-signaldesk-security-rules.js | src/constants/signaldesk/database.ts | src/lib/signaldesk/webhookServer.ts | src/lib/signaldesk/workflowServer.ts","functions-signaldesk/src/schedulers/sourceDataLifecycle.ts:287 | scripts/verification/e2e-signaldesk-local.js:6759 | scripts/verification/e2e-signaldesk-local.js:6767 | scripts/verification/e2e-signaldesk-local.js:6778 | scripts/verification/e2e-signaldesk-local.js:6820 | scripts/verification/e2e-signaldesk-local.js:6828 | scripts/verification/e2e-signaldesk-local.js:6898 | scripts/verification/e2e-signaldesk-local.js:6932 | scripts/verification/e2e-signaldesk-local.js:6937 | scripts/verification/e2e-signaldesk-local.js:6949 | scripts/verification/e2e-signaldesk-local.js:6952 | scripts/verification/e2e-signaldesk-local.js:6986 | scripts/verification/e2e-signaldesk-local.js:6989 | scripts/verification/e2e-signaldesk-local.js:6990 | scripts/verification/e2e-signaldesk-local.js:7213 | scripts/verification/e2e-signaldesk-local.js:8958 | scripts/verification/e2e-signaldesk-local.js:9135 | scripts/verification/verify-signaldesk-security-rules.js:40 | scripts/verification/verify-signaldesk-security-rules.js:322 | src/lib/signaldesk/webhookServer.ts:901 | src/lib/signaldesk/workflowServer.ts:21519 | src/constants/signaldesk/database.ts:0 | functions-signaldesk/src/constants/database.ts:0","8c782e19ac0f56167258c6338500d04aa2a74add7430159f312252fcf949e091","2","functions-signaldesk/src/schedulers/sourceDataLifecycle.ts | scripts/verification/e2e-signaldesk-local.js | scripts/verification/verify-signaldesk-security-rules.js | src/lib/signaldesk/webhookServer.ts | src/lib/signaldesk/workflowServer.ts","in-progress","SignalDesk-only immutable inbound message detail. Verified provider webhooks derive one deterministic message ID from the durable event ID; protected founder reply capture derives one deterministic actor/idempotency message ID. Each creation is transactionally coupled to exact conversation/target, classification, queue, suppression/incident and audit effects. Inbox and Daily Activation Desk consume only conversation previews, not message bodies. No MenuList tenant, customer/public DTO, billing, cache, Redux, SWR or local-storage consumer exists.","No explicit collection match exists in the separate SignalDesk ruleset, so recursive default deny blocks every browser read and write, including authenticated platform users. Admin writers persist exact pId/messageId/conversationId/targetId/direction/channel/body/timestamp authority; webhook duplicate identity and actor-bound reply claims prevent duplicate rows. Lifecycle admission requires SD product, exact document identity, valid target/source lineage, bounded status fields and a persisted timestamp before retention can proceed.","Runtime writes and duplicate checks use deterministic point documents and require no composite index; no application list query exists. The generic bounded source-data dependency processor scans by target/source lifecycle state and removes body/channel/direction detail under the completed retained-target tombstone. Restart 965 reconciled all current writers, lifecycle consumers and public non-consumers without a new confirmed defect. Shared workflow/webhook/lifecycle/rule/verifier files retain ranged evidence, so this row remains in-progress.",""
"signaldeskModelEvals","SignalDesk","SIGNALDESK_COLLECTIONS.MODEL_EVALS","constant definition | read/query | reference | security-rule | write","6","firestore-signaldesk.rules | scripts/verification/e2e-signaldesk-local.js | scripts/verification/test-signaldesk-workspace-contracts.ts | src/constants/signaldesk/database.ts | src/lib/signaldesk/workflowServer.ts | src/lib/signaldesk/workspaceContracts.ts","firestore-signaldesk.rules:178 | scripts/verification/e2e-signaldesk-local.js:5904 | scripts/verification/e2e-signaldesk-local.js:5990 | scripts/verification/e2e-signaldesk-local.js:5996 | scripts/verification/e2e-signaldesk-local.js:5998 | scripts/verification/e2e-signaldesk-local.js:6048 | scripts/verification/e2e-signaldesk-local.js:6074 | scripts/verification/e2e-signaldesk-local.js:6360 | scripts/verification/test-signaldesk-workspace-contracts.ts:310 | src/lib/signaldesk/workflowServer.ts:7644 | src/lib/signaldesk/workflowServer.ts:18329 | src/lib/signaldesk/workflowServer.ts:18417 | src/lib/signaldesk/workflowServer.ts:18823 | src/lib/signaldesk/workflowServer.ts:18941 | src/lib/signaldesk/workflowServer.ts:19441 | src/lib/signaldesk/workflowServer.ts:19450 | src/lib/signaldesk/workflowServer.ts:19539 | src/lib/signaldesk/workspaceContracts.ts:93 | src/lib/signaldesk/workspaceContracts.ts:1680 | src/constants/signaldesk/database.ts:0","75c3ec3ff07837fb7266164e261e7e028fb6d0c2b71f4249f9607c416fad2de7","2","scripts/verification/e2e-signaldesk-local.js | scripts/verification/test-signaldesk-workspace-contracts.ts | src/lib/signaldesk/workflowServer.ts | src/lib/signaldesk/workspaceContracts.ts","in-progress","SignalDesk-only cumulative provider-quality authority at deterministic model_eval_{task}_{provider} rows. Successful AI-assist settlement increments exact cumulative sample/confidence/rejected-fact measures; founder shadow review replaces the decision counters and attention total for the referenced run. AI workspace surfaces consume a bounded public projection. No MenuList tenant, customer/public output, billing mutation, cache, Redux, SWR or local-storage consumer exists.","The separate SignalDesk ruleset permits reads only to authenticated platform identity for rows with pId=SD and denies all browser writes. AI admission and settlement now strict-project current product/document/schema authority and require task/provider/model-route coupling to the selected route. Founder review independently requires exact run-to-evaluation task/provider/model/model-route coupling before any run, evaluation or revenue-summary mutation.","All producers and reviewers use deterministic point references; workspace listing is bounded and requires no special composite beyond maintained product/update ordering. Exact replacement removes stale unknown fields. Wrong-product, malformed or route-incompatible collisions fail closed before provider admission and again during settlement, covering concurrent replacement. Focused AI emulator and the maintained SignalDesk verifier pass; shared workflow/workspace/E2E/rules sources retain ranged evidence, so the family remains in-progress.","AUDIT-SD-AI-REVIEW-PRODUCT-AUTHORITY-001"
"signaldeskModelRoutes","SignalDesk","SIGNALDESK_COLLECTIONS.MODEL_ROUTES","constant definition | read/query | reference | security-rule | write","7","firestore-signaldesk.rules | scripts/verification/e2e-signaldesk-local.js | scripts/verification/test-signaldesk-workspace-contracts.ts | scripts/verification/verify-signaldesk-runtime.js | src/constants/signaldesk/database.ts | src/lib/signaldesk/workflowServer.ts | src/lib/signaldesk/workspaceContracts.ts","firestore-signaldesk.rules:173 | scripts/verification/e2e-signaldesk-local.js:517 | scripts/verification/e2e-signaldesk-local.js:539 | scripts/verification/e2e-signaldesk-local.js:3487 | scripts/verification/e2e-signaldesk-local.js:6635 | scripts/verification/test-signaldesk-workspace-contracts.ts:333 | scripts/verification/verify-signaldesk-runtime.js:1602 | src/lib/signaldesk/workflowServer.ts:6200 | src/lib/signaldesk/workflowServer.ts:6202 | src/lib/signaldesk/workflowServer.ts:7646 | src/lib/signaldesk/workflowServer.ts:8547 | src/lib/signaldesk/workflowServer.ts:9210 | src/lib/signaldesk/workflowServer.ts:9242 | src/lib/signaldesk/workflowServer.ts:9252 | src/lib/signaldesk/workflowServer.ts:9265 | src/lib/signaldesk/workspaceContracts.ts:94 | src/lib/signaldesk/workspaceContracts.ts:1681 | src/constants/signaldesk/database.ts:0","a9568c92742c08c49ab346d6077cf240ca9e538ec74b33f2b8fb70d9e1d69898","2","scripts/verification/e2e-signaldesk-local.js | scripts/verification/test-signaldesk-workspace-contracts.ts | scripts/verification/verify-signaldesk-runtime.js | src/lib/signaldesk/workflowServer.ts | src/lib/signaldesk/workspaceContracts.ts","in-progress","SignalDesk-only internal AI task-routing authority at one deterministic model_route_{task} document. The protected configure action requires signaldesk.configure plus provider-run admission and derives the authenticated SignalDesk actor. One transaction validates current product/shape plus actor/idempotency claim, exact-replaces the projected route, and atomically creates audit/cost evidence. AI assist and volume flows resolve current projected route authority before provider-budget admission; desktop/mobile workspace surfaces receive only the public projection. No MenuList, Answerlattice, CampaignCue, Canonica, billing, public output, cache, Redux, SWR or local-storage consumer exists.","The separate SignalDesk ruleset permits reads only to authenticated platform identity when persisted pId is SD and denies all browser writes. Mutation rejects malformed/wrong-product current rows and invalid escalation pairing. AI execution uses the same strict projector, then independently requires active status, enabled Gemini provider, supported stable models and positive current provider/budget capacity. Fresh and replayed mutation responses omit pId/updatedBy.","Every mutation, replay, workspace read and AI resolution uses deterministic point documents and needs no collection index. Actor plus idempotency key binds one request; changed input fails, exact replay writes nothing, and exact replacement removes stale unknown fields. Focused real emulator coverage proves concurrent convergence, single audit effect, shape/current-product denial and wrong-product execution denial. Large workflow/workspace/E2E sources retain ranged evidence, so the collection remains in-progress.","AUDIT-SD-MODEL-ROUTE-IDEMPOTENCY-PROJECTION-001"
"signaldeskOfferCtas","SignalDesk","SIGNALDESK_COLLECTIONS.OFFER_CTAS","constant definition | index definition | read/query | reference | security-rule | transaction/batch | write","5","firestore-signaldesk.indexes.json | firestore-signaldesk.rules | scripts/verification/e2e-signaldesk-local.js | src/constants/signaldesk/database.ts | src/lib/signaldesk/workflowServer.ts","firestore-signaldesk.indexes.json:351 | firestore-signaldesk.rules:253 | scripts/verification/e2e-signaldesk-local.js:629 | scripts/verification/e2e-signaldesk-local.js:3864 | scripts/verification/e2e-signaldesk-local.js:3874 | scripts/verification/e2e-signaldesk-local.js:4011 | scripts/verification/e2e-signaldesk-local.js:4012 | scripts/verification/e2e-signaldesk-local.js:4023 | scripts/verification/e2e-signaldesk-local.js:4160 | src/lib/signaldesk/workflowServer.ts:2497 | src/lib/signaldesk/workflowServer.ts:2675 | src/lib/signaldesk/workflowServer.ts:2695 | src/lib/signaldesk/workflowServer.ts:3368 | src/lib/signaldesk/workflowServer.ts:3398 | src/lib/signaldesk/workflowServer.ts:6554 | src/lib/signaldesk/workflowServer.ts:6573 | src/lib/signaldesk/workflowServer.ts:8136 | src/lib/signaldesk/workflowServer.ts:8426 | src/lib/signaldesk/workflowServer.ts:10001 | src/lib/signaldesk/workflowServer.ts:10027 | src/lib/signaldesk/workflowServer.ts:10049 | src/lib/signaldesk/workflowServer.ts:10766 | src/constants/signaldesk/database.ts:0","502320fb6f344873d00d96ee107219271e38797cfa238e58ced152b10f768af7","3","scripts/verification/e2e-signaldesk-local.js | src/lib/signaldesk/workflowServer.ts","inventory-only","","rule path observed","",""
"signaldeskOperatingEnvelopes","SignalDesk","SIGNALDESK_COLLECTIONS.OPERATING_ENVELOPES","constant definition | index definition | reference | security-rule | write","9","firestore-signaldesk.indexes.json | firestore-signaldesk.rules | scripts/verification/e2e-signaldesk-local.js | scripts/verification/test-signaldesk-workspace-contracts.ts | scripts/verification/verify-signaldesk-runtime.js | scripts/verification/verify-signaldesk-security-rules.js | src/constants/signaldesk/database.ts | src/lib/signaldesk/workflowServer.ts | src/lib/signaldesk/workspaceContracts.ts","firestore-signaldesk.indexes.json:432 | firestore-signaldesk.rules:358 | scripts/verification/e2e-signaldesk-local.js:3072 | scripts/verification/test-signaldesk-workspace-contracts.ts:345 | scripts/verification/test-signaldesk-workspace-contracts.ts:721 | scripts/verification/test-signaldesk-workspace-contracts.ts:724 | scripts/verification/test-signaldesk-workspace-contracts.ts:736 | scripts/verification/verify-signaldesk-runtime.js:2590 | scripts/verification/verify-signaldesk-security-rules.js:10 | scripts/verification/verify-signaldesk-security-rules.js:315 | src/lib/signaldesk/workflowServer.ts:7573 | src/lib/signaldesk/workflowServer.ts:10949 | src/lib/signaldesk/workflowServer.ts:11064 | src/lib/signaldesk/workflowServer.ts:11105 | src/lib/signaldesk/workspaceContracts.ts:95 | src/lib/signaldesk/workspaceContracts.ts:1682 | src/constants/signaldesk/database.ts:0","e693062b4dbe664a3b03dfc826abbf34b4f0f8185e7a6a0d49a042e93be4e04b","3","scripts/verification/e2e-signaldesk-local.js | scripts/verification/test-signaldesk-workspace-contracts.ts | scripts/verification/verify-signaldesk-runtime.js | scripts/verification/verify-signaldesk-security-rules.js | src/lib/signaldesk/workflowServer.ts | src/lib/signaldesk/workspaceContracts.ts","inventory-only","","rule path observed","",""
"signaldeskOutcomeEvents","SignalDesk","SIGNALDESK_COLLECTIONS.OUTCOME_EVENTS | SIGNALDESK_FUNCTIONS_COLLECTIONS.OUTCOME_EVENTS","constant definition | read/query | reference | security-rule | write","6","functions-signaldesk/src/constants/database.ts | scripts/verification/e2e-signaldesk-local.js | scripts/verification/test-signaldesk-outcome-route-emulator.js | scripts/verification/verify-signaldesk-security-rules.js | src/constants/signaldesk/database.ts | src/lib/signaldesk/workflowServer.ts","scripts/verification/e2e-signaldesk-local.js:2892 | scripts/verification/e2e-signaldesk-local.js:9039 | scripts/verification/test-signaldesk-outcome-route-emulator.js:95 | scripts/verification/test-signaldesk-outcome-route-emulator.js:320 | scripts/verification/verify-signaldesk-security-rules.js:40 | src/lib/signaldesk/workflowServer.ts:5250 | src/lib/signaldesk/workflowServer.ts:22054 | src/lib/signaldesk/workflowServer.ts:22074 | src/lib/signaldesk/workflowServer.ts:22171 | src/constants/signaldesk/database.ts:0 | functions-signaldesk/src/constants/database.ts:0","eb917b39368938c66a91f4605cbdf79d0320d603cdf6477767efbb16760e09a0","2","scripts/verification/e2e-signaldesk-local.js | scripts/verification/test-signaldesk-outcome-route-emulator.js | scripts/verification/verify-signaldesk-security-rules.js | src/lib/signaldesk/workflowServer.ts","inventory-only","","rule path observed","",""
"signaldeskOutcomeSummaries","SignalDesk","SIGNALDESK_COLLECTIONS.OUTCOME_SUMMARIES | SIGNALDESK_FUNCTIONS_COLLECTIONS.OUTCOME_SUMMARIES","constant definition | delete | index definition | read/query | reference | security-rule | transaction/batch | write","12","firestore-signaldesk.indexes.json | firestore-signaldesk.rules | functions-signaldesk/src/constants/database.ts | scripts/verification/e2e-signaldesk-local.js | scripts/verification/smoke-signaldesk-workflow.js | scripts/verification/test-signaldesk-outcome-route-emulator.js | scripts/verification/test-signaldesk-workspace-contracts.ts | scripts/verification/verify-signaldesk-runtime.js | scripts/verification/verify-signaldesk-security-rules.js | src/constants/signaldesk/database.ts | src/lib/signaldesk/workflowServer.ts | src/lib/signaldesk/workspaceContracts.ts","firestore-signaldesk.indexes.json:95 | firestore-signaldesk.indexes.json:104 | firestore-signaldesk.indexes.json:112 | firestore-signaldesk.rules:119 | scripts/verification/e2e-signaldesk-local.js:2454 | scripts/verification/e2e-signaldesk-local.js:2887 | scripts/verification/e2e-signaldesk-local.js:7291 | scripts/verification/e2e-signaldesk-local.js:7329 | scripts/verification/e2e-signaldesk-local.js:7366 | scripts/verification/smoke-signaldesk-workflow.js:236 | scripts/verification/test-signaldesk-outcome-route-emulator.js:96 | scripts/verification/test-signaldesk-outcome-route-emulator.js:322 | scripts/verification/test-signaldesk-outcome-route-emulator.js:339 | scripts/verification/test-signaldesk-outcome-route-emulator.js:615 | scripts/verification/test-signaldesk-workspace-contracts.ts:371 | scripts/verification/verify-signaldesk-runtime.js:2592 | scripts/verification/verify-signaldesk-security-rules.js:10 | src/lib/signaldesk/workflowServer.ts:5318 | src/lib/signaldesk/workflowServer.ts:10215 | src/lib/signaldesk/workflowServer.ts:11142 | src/lib/signaldesk/workflowServer.ts:22107 | src/lib/signaldesk/workspaceContracts.ts:96 | src/lib/signaldesk/workspaceContracts.ts:1683 | src/constants/signaldesk/database.ts:0 | functions-signaldesk/src/constants/database.ts:0","45835a5aa5781c14bac6c491e823fd3532eefd92d22315b240a42c87cd18890e","4","scripts/verification/e2e-signaldesk-local.js | scripts/verification/smoke-signaldesk-workflow.js | scripts/verification/test-signaldesk-outcome-route-emulator.js | scripts/verification/test-signaldesk-workspace-contracts.ts | scripts/verification/verify-signaldesk-runtime.js | scripts/verification/verify-signaldesk-security-rules.js | src/lib/signaldesk/workflowServer.ts | src/lib/signaldesk/workspaceContracts.ts","inventory-only","","rule path observed","",""
"signaldeskProofPermissions","SignalDesk","SIGNALDESK_COLLECTIONS.PROOF_PERMISSIONS | SIGNALDESK_FUNCTIONS_COLLECTIONS.PROOF_PERMISSIONS","constant definition | index definition | read/query | reference | security-rule | write","9","firestore-signaldesk.indexes.json | firestore-signaldesk.rules | functions-signaldesk/src/constants/database.ts | functions-signaldesk/src/schedulers/proofPermissionLifecycle.ts | scripts/verification/e2e-signaldesk-local.js | scripts/verification/verify-signaldesk-runtime.js | scripts/verification/verify-signaldesk-security-rules.js | src/constants/signaldesk/database.ts | src/lib/signaldesk/workflowServer.ts","firestore-signaldesk.indexes.json:456 | firestore-signaldesk.indexes.json:465 | firestore-signaldesk.indexes.json:474 | firestore-signaldesk.rules:303 | functions-signaldesk/src/schedulers/proofPermissionLifecycle.ts:1664 | scripts/verification/e2e-signaldesk-local.js:8845 | scripts/verification/verify-signaldesk-runtime.js:2107 | scripts/verification/verify-signaldesk-runtime.js:2593 | scripts/verification/verify-signaldesk-security-rules.js:10 | scripts/verification/verify-signaldesk-security-rules.js:317 | scripts/verification/verify-signaldesk-security-rules.js:423 | scripts/verification/verify-signaldesk-security-rules.js:424 | scripts/verification/verify-signaldesk-security-rules.js:425 | src/lib/signaldesk/workflowServer.ts:1447 | src/lib/signaldesk/workflowServer.ts:1775 | src/lib/signaldesk/workflowServer.ts:6389 | src/lib/signaldesk/workflowServer.ts:6421 | src/lib/signaldesk/workflowServer.ts:6654 | src/lib/signaldesk/workflowServer.ts:6657 | src/lib/signaldesk/workflowServer.ts:14022 | src/lib/signaldesk/workflowServer.ts:14064 | src/lib/signaldesk/workflowServer.ts:14074 | src/lib/signaldesk/workflowServer.ts:14096 | src/lib/signaldesk/workflowServer.ts:14176 | src/lib/signaldesk/workflowServer.ts:14355 | src/lib/signaldesk/workflowServer.ts:14384 | src/constants/signaldesk/database.ts:0 | functions-signaldesk/src/constants/database.ts:0","c8f85ee868a42797eda70a460922520c40336a2e1038a870aa3e974b1d0d4fa0","4","functions-signaldesk/src/schedulers/proofPermissionLifecycle.ts | scripts/verification/e2e-signaldesk-local.js | scripts/verification/verify-signaldesk-runtime.js | scripts/verification/verify-signaldesk-security-rules.js | src/lib/signaldesk/workflowServer.ts","inventory-only","","rule path observed","",""
"signaldeskProviderAccounts","SignalDesk","SIGNALDESK_COLLECTIONS.PROVIDER_ACCOUNTS","constant definition | delete | read/query | reference | security-rule | transaction/batch | write","7","firestore-signaldesk.rules | scripts/verification/e2e-signaldesk-local.js | scripts/verification/test-signaldesk-fresh-lineage.js | scripts/verification/test-signaldesk-workspace-contracts.ts | src/constants/signaldesk/database.ts | src/lib/signaldesk/workflowServer.ts | src/lib/signaldesk/workspaceContracts.ts","firestore-signaldesk.rules:148 | scripts/verification/e2e-signaldesk-local.js:465 | scripts/verification/e2e-signaldesk-local.js:468 | scripts/verification/e2e-signaldesk-local.js:472 | scripts/verification/e2e-signaldesk-local.js:494 | scripts/verification/e2e-signaldesk-local.js:3535 | scripts/verification/e2e-signaldesk-local.js:4604 | scripts/verification/e2e-signaldesk-local.js:4630 | scripts/verification/e2e-signaldesk-local.js:6140 | scripts/verification/e2e-signaldesk-local.js:6188 | scripts/verification/e2e-signaldesk-local.js:6196 | scripts/verification/e2e-signaldesk-local.js:6387 | scripts/verification/e2e-signaldesk-local.js:6396 | scripts/verification/e2e-signaldesk-local.js:6410 | scripts/verification/e2e-signaldesk-local.js:6422 | scripts/verification/e2e-signaldesk-local.js:6518 | scripts/verification/e2e-signaldesk-local.js:6534 | scripts/verification/e2e-signaldesk-local.js:9234 | scripts/verification/e2e-signaldesk-local.js:9687 | scripts/verification/test-signaldesk-fresh-lineage.js:91 | scripts/verification/test-signaldesk-workspace-contracts.ts:390 | src/lib/signaldesk/workflowServer.ts:5523 | src/lib/signaldesk/workflowServer.ts:5568 | src/lib/signaldesk/workflowServer.ts:7627 | src/lib/signaldesk/workflowServer.ts:7635 | src/lib/signaldesk/workflowServer.ts:7730 | src/lib/signaldesk/workflowServer.ts:7743 | src/lib/signaldesk/workflowServer.ts:8541 | src/lib/signaldesk/workflowServer.ts:9023 | src/lib/signaldesk/workflowServer.ts:9056 | src/lib/signaldesk/workflowServer.ts:9084 | src/lib/signaldesk/workflowServer.ts:12747 | src/lib/signaldesk/workflowServer.ts:15690 | src/lib/signaldesk/workflowServer.ts:16081 | src/lib/signaldesk/workflowServer.ts:16378 | src/lib/signaldesk/workflowServer.ts:17607 | src/lib/signaldesk/workflowServer.ts:18356 | src/lib/signaldesk/workflowServer.ts:19192 | src/lib/signaldesk/workspaceContracts.ts:97 | src/lib/signaldesk/workspaceContracts.ts:1684 | src/constants/signaldesk/database.ts:0","8fdb2acb054adb5224dc3d957ac92c88e3fcd77ed419552fcfdef5a45c305162","2","scripts/verification/e2e-signaldesk-local.js | scripts/verification/test-signaldesk-fresh-lineage.js | scripts/verification/test-signaldesk-workspace-contracts.ts | src/lib/signaldesk/workflowServer.ts | src/lib/signaldesk/workspaceContracts.ts","in-progress","SignalDesk-only internal provider/use authority at one deterministic provider_{provider}_{use} document. The protected configure action derives the authenticated SignalDesk actor and requires signaldesk.configure plus provider-run admission. One transaction reads current product/shape/spend and actor/idempotency claim, preserves normalized current-period spend, exact-replaces the strict account, and atomically creates claim/audit/cost evidence. Provider, AI, source, sender and sequencer execution paths re-read authoritative account/budget state before cost or external-work admission. No MenuList, Answerlattice, CampaignCue, Canonica, billing, public output, cache, Redux, SWR or local-storage consumer exists.","The separate SignalDesk ruleset permits reads only to authenticated platform identity when persisted pId is SD and denies all browser writes. The authoritative parser enforces exact document/provider/use identity, product, Timestamp, status, credential/approval state, spend period/scalars and per-run <= daily <= monthly. Mutation and replay return the public projector, omitting pId/updatedBy, while the server-only claim retains Timestamp evidence for re-projection.","All control mutation/replay and execution admission use deterministic point reads; workspace listing is bounded and requires no composite index. Actor plus idempotency key converges exact retry and changed input fails without writes. Focused real emulator coverage proves concurrent convergence, one audit effect, hierarchy rejection and public result projection. Large workflow/workspace/E2E sources retain ranged evidence, so the collection remains in-progress.","AUDIT-SD-PROVIDER-ACCOUNT-IDEMPOTENCY-001"
"signaldeskProviderEvaluations","SignalDesk","SIGNALDESK_COLLECTIONS.PROVIDER_EVALUATIONS","constant definition | delete | index definition | reference | security-rule | write","7","firestore-signaldesk.indexes.json | firestore-signaldesk.rules | scripts/verification/e2e-signaldesk-local.js | scripts/verification/test-signaldesk-workspace-contracts.ts | src/constants/signaldesk/database.ts | src/lib/signaldesk/workflowServer.ts | src/lib/signaldesk/workspaceContracts.ts","firestore-signaldesk.indexes.json:172 | firestore-signaldesk.rules:213 | scripts/verification/e2e-signaldesk-local.js:700 | scripts/verification/e2e-signaldesk-local.js:4688 | scripts/verification/test-signaldesk-workspace-contracts.ts:406 | src/lib/signaldesk/workflowServer.ts:7636 | src/lib/signaldesk/workflowServer.ts:12651 | src/lib/signaldesk/workflowServer.ts:12735 | src/lib/signaldesk/workflowServer.ts:12781 | src/lib/signaldesk/workflowServer.ts:12788 | src/lib/signaldesk/workflowServer.ts:12887 | src/lib/signaldesk/workspaceContracts.ts:98 | src/lib/signaldesk/workspaceContracts.ts:1685 | src/constants/signaldesk/database.ts:0","de51d27457fe9a39b2deef788ac963a829122cf9df8cbb38815af7575920c31c","3","scripts/verification/e2e-signaldesk-local.js | scripts/verification/test-signaldesk-workspace-contracts.ts | src/lib/signaldesk/workflowServer.ts | src/lib/signaldesk/workspaceContracts.ts","in-progress","SignalDesk-only monthly provider-quality authority at deterministic provider plus use document IDs. The protected configure action derives the authenticated actor and now settles one actor/idempotency request from transaction-current provider-account, vendor-run and enrichment-result populations. Sources workspace lists the strict public projection; weekly strategist memos consume at most ten strict updatedAt-ordered evaluations to describe the strongest current provider. No MenuList tenant, customer/public output, billing, cache, Redux, SWR or local-storage path consumes this collection.","The separate SignalDesk ruleset permits browser reads only to authenticated platform identity for persisted pId=SD resources and denies every browser write. The action schema bounds provider/use/key values. Mutation validates any existing deterministic evaluation through the product/document/schema projector before exact replacement; malformed or foreign current rows fail closed. First settlement and exact replay both return only allowlisted evaluation fields, excluding pId and updatedBy.","The writer and claim use deterministic point documents while its two bounded monthly source queries are provider/use/accountingMonth scoped. Workspace uses a bounded strict list; the maintained provider/use/updatedAt composite is compatible with operational inspection, while strategist selection currently uses the automatic updatedAt index. One transaction couples evaluation, timeline, audit, claim and cost; concurrent exact retries converge, changed input conflicts, and exact replacement removes stale fields. Focused provider-accounting emulator coverage proves population isolation, concurrent replay, public response equality, stale-field removal and foreign-product denial. Shared workflow/workspace/E2E/rule sources retain ranged evidence, so the collection remains in-progress.","AUDIT-SD-PROVIDER-EVALUATION-RACE-IDEMPOTENCY-001"
"signaldeskProviderSourceRetention","SignalDesk","SIGNALDESK_COLLECTIONS.PROVIDER_SOURCE_RETENTION | SIGNALDESK_FUNCTIONS_COLLECTIONS.PROVIDER_SOURCE_RETENTION","constant definition | delete | index definition | read/query | reference | security-rule | write","10","firestore-signaldesk.indexes.json | firestore-signaldesk.rules | functions-signaldesk/src/constants/database.ts | functions-signaldesk/src/schedulers/sourceDataLifecycle.ts | scripts/verification/e2e-signaldesk-local.js | scripts/verification/test-signaldesk-workspace-contracts.ts | scripts/verification/verify-signaldesk-runtime.js | src/constants/signaldesk/database.ts | src/lib/signaldesk/workflowServer.ts | src/lib/signaldesk/workspaceContracts.ts","firestore-signaldesk.indexes.json:163 | firestore-signaldesk.indexes.json:550 | firestore-signaldesk.indexes.json:559 | firestore-signaldesk.indexes.json:569 | firestore-signaldesk.rules:203 | functions-signaldesk/src/schedulers/sourceDataLifecycle.ts:272 | functions-signaldesk/src/schedulers/sourceDataLifecycle.ts:4582 | scripts/verification/e2e-signaldesk-local.js:4458 | scripts/verification/e2e-signaldesk-local.js:4462 | scripts/verification/e2e-signaldesk-local.js:4469 | scripts/verification/e2e-signaldesk-local.js:4505 | scripts/verification/test-signaldesk-workspace-contracts.ts:423 | scripts/verification/test-signaldesk-workspace-contracts.ts:897 | scripts/verification/verify-signaldesk-runtime.js:2579 | src/lib/signaldesk/workflowServer.ts:7637 | src/lib/signaldesk/workflowServer.ts:12251 | src/lib/signaldesk/workflowServer.ts:12255 | src/lib/signaldesk/workflowServer.ts:12290 | src/lib/signaldesk/workflowServer.ts:12303 | src/lib/signaldesk/workflowServer.ts:12370 | src/lib/signaldesk/workflowServer.ts:16913 | src/lib/signaldesk/workflowServer.ts:17951 | src/lib/signaldesk/workspaceContracts.ts:99 | src/lib/signaldesk/workspaceContracts.ts:1686 | src/constants/signaldesk/database.ts:0 | functions-signaldesk/src/constants/database.ts:0","c8fbf1fd6577c7578032258ffb9b922d19851d1d2bddc5e8817e183fa768688e","4","functions-signaldesk/src/schedulers/sourceDataLifecycle.ts | scripts/verification/e2e-signaldesk-local.js | scripts/verification/test-signaldesk-workspace-contracts.ts | scripts/verification/verify-signaldesk-runtime.js | src/lib/signaldesk/workflowServer.ts | src/lib/signaldesk/workspaceContracts.ts","in-progress","SignalDesk-only provider-record lineage and retention authority. Source-provider import derives deterministic provider-record plus target documents, validates current product/provider/policy/run/target identity, and writes only non-raw provider references with source lifecycle state. Research reads a bounded source-run subset to attach provider URLs. A protected manual refresh now uses one actor/idempotency transaction and revalidates current retention plus source policy before retention/timeline/audit/claim/cost settlement. Source-data lifecycle owns bounded expiry, scrub/tombstone and reconciliation. No MenuList tenant, customer/public output, billing, cache, Redux, SWR or local-storage consumer exists.","The separate SignalDesk ruleset permits browser reads only to authenticated platform identity for pId=SD resources and denies all browser writes. Import validates any existing deterministic collision, including completed tombstone lineage. Manual refresh strict-projects current authority again in settlement, rejects provider/policy/target drift and completed lifecycle state, and current source rights must still permit storage/evidence. Lifecycle validates exact identity and source/target lineage before scrub.","Import/refresh use deterministic point documents. Research uses a bounded sourceRunId query; workspace uses bounded strict updatedAt projection; lifecycle uses product/state/expiry and product/policy/target/status query families covered by maintained composites. Exact actor retry returns the claim-owned strict snapshot without writes; changed input conflicts. Focused FHRS/FHIS and lifecycle emulators cover duplicate provider convergence, Timestamp persistence, replay, lifecycle-terminal and foreign-product denial. Shared workflow/lifecycle/E2E/rule/index sources retain ranged evidence, so the collection remains in-progress.","AUDIT-SD-PROVIDER-RETENTION-REFRESH-RACE-IDEMPOTENCY-001"
"signaldeskQueueSummaries","SignalDesk","SIGNALDESK_COLLECTIONS.QUEUE_SUMMARIES | SIGNALDESK_FUNCTIONS_COLLECTIONS.QUEUE_SUMMARIES","constant definition | delete | read/query | reference | security-rule | transaction/batch | write","11","firestore-signaldesk.rules | functions-signaldesk/src/constants/database.ts | functions-signaldesk/src/schedulers/proofPermissionLifecycle.ts | functions-signaldesk/src/schedulers/sourceDataLifecycle.ts | scripts/verification/e2e-signaldesk-local.js | scripts/verification/test-signaldesk-kill-switch-overview.js | scripts/verification/verify-signaldesk-security-rules.js | src/constants/signaldesk/database.ts | src/lib/signaldesk/server.ts | src/lib/signaldesk/webhookServer.ts | src/lib/signaldesk/workflowServer.ts","firestore-signaldesk.rules:29 | functions-signaldesk/src/schedulers/proofPermissionLifecycle.ts:1063 | functions-signaldesk/src/schedulers/sourceDataLifecycle.ts:3258 | scripts/verification/e2e-signaldesk-local.js:1987 | scripts/verification/e2e-signaldesk-local.js:2035 | scripts/verification/e2e-signaldesk-local.js:5274 | scripts/verification/e2e-signaldesk-local.js:5294 | scripts/verification/e2e-signaldesk-local.js:5322 | scripts/verification/e2e-signaldesk-local.js:8089 | scripts/verification/e2e-signaldesk-local.js:8092 | scripts/verification/e2e-signaldesk-local.js:8121 | scripts/verification/e2e-signaldesk-local.js:8433 | scripts/verification/e2e-signaldesk-local.js:8449 | scripts/verification/e2e-signaldesk-local.js:9152 | scripts/verification/test-signaldesk-kill-switch-overview.js:52 | scripts/verification/test-signaldesk-kill-switch-overview.js:121 | scripts/verification/test-signaldesk-kill-switch-overview.js:191 | scripts/verification/verify-signaldesk-security-rules.js:10 | src/lib/signaldesk/server.ts:553 | src/lib/signaldesk/webhookServer.ts:771 | src/lib/signaldesk/workflowServer.ts:2850 | src/lib/signaldesk/workflowServer.ts:3612 | src/lib/signaldesk/workflowServer.ts:3968 | src/lib/signaldesk/workflowServer.ts:15082 | src/lib/signaldesk/workflowServer.ts:21502 | src/constants/signaldesk/database.ts:0 | functions-signaldesk/src/constants/database.ts:0","8c03cb5bea455889e0a6805f1a28a221dad345adf70b35b2013b87d086e0e2b2","3","functions-signaldesk/src/schedulers/proofPermissionLifecycle.ts | functions-signaldesk/src/schedulers/sourceDataLifecycle.ts | scripts/verification/e2e-signaldesk-local.js | scripts/verification/test-signaldesk-kill-switch-overview.js | scripts/verification/verify-signaldesk-security-rules.js | src/lib/signaldesk/server.ts | src/lib/signaldesk/webhookServer.ts | src/lib/signaldesk/workflowServer.ts","in-progress","SignalDesk-only canonical operational queue summary at current. Content drafts, approval packets, inbound conversations, proof/source lifecycle and owner settlements maintain bounded approval, human-review, inbox and overdue counts; the protected overview is the application consumer. No MenuList tenant, customer/public output, payment ledger, cache, Redux, SWR or local-storage consumer exists.","The separate SignalDesk ruleset allows reads only to authenticated platform identity when persisted pId is SD and denies every browser write. The strict projector requires exact document/queueSummaryId identity, SD product, nonnegative safe integer counts and a valid Firestore timestamp. Restart 962 repaired every direct human-review settlement writer so an absent-row merge persists canonical product and identity; the bounded overview migration remains for historical missing-identity rows.","Current reads and writes address the canonical current point document and require no composite index. Writers settle counts inside the same transaction/batch as their authoritative operation; webhook and Inbox paths strict-project transaction-current state, while creation-safe decrement paths clamp absent counts to zero. The focused content workflow deletes the row before review settlement and proves immediate production projection; source assertions cover the remaining application and proof-lifecycle writers. Shared workflow, overview, Functions and aggregate verifier files retain ranged evidence, so this row remains conservatively in-progress.","AUDIT-SD-QUEUE-SUMMARY-WRITER-IDENTITY-001"
"signaldeskReplyClassifications","SignalDesk","SIGNALDESK_COLLECTIONS.REPLY_CLASSIFICATIONS | SIGNALDESK_FUNCTIONS_COLLECTIONS.REPLY_CLASSIFICATIONS","constant definition | reference | write","6","functions-signaldesk/src/constants/database.ts | functions-signaldesk/src/schedulers/sourceDataLifecycle.ts | scripts/verification/e2e-signaldesk-local.js | src/constants/signaldesk/database.ts | src/lib/signaldesk/webhookServer.ts | src/lib/signaldesk/workflowServer.ts","functions-signaldesk/src/schedulers/sourceDataLifecycle.ts:290 | scripts/verification/e2e-signaldesk-local.js:2215 | src/lib/signaldesk/webhookServer.ts:919 | src/lib/signaldesk/workflowServer.ts:21520 | src/constants/signaldesk/database.ts:0 | functions-signaldesk/src/constants/database.ts:0","350b1d492207bc18b6f4bc1e92fdbdf69c3a459ea6090b80ba80b4b264c8fba5","2","functions-signaldesk/src/schedulers/sourceDataLifecycle.ts | scripts/verification/e2e-signaldesk-local.js | src/lib/signaldesk/webhookServer.ts | src/lib/signaldesk/workflowServer.ts","in-progress","SignalDesk-only immutable classification evidence paired one-to-one with inbound message processing. Webhook events and protected actor reply capture create deterministic rows containing exact conversation/target identity, bounded state/confidence and fixed classifier version in the same transaction as conversation, target, queue and safety effects. No current UI, public output, MenuList tenant, billing, cache, Redux, SWR or local-storage consumer reads the detail collection.","No explicit collection match exists in the separate SignalDesk ruleset, so recursive default deny blocks all browser reads and writes. Admin lifecycle validation requires exact SD product/document identity, bounded canonical conversation ID, admitted conversation state, confidence and classifier version plus a valid timestamp before processing. Writer classification uses the same shared inbound classifier that drives persisted conversation and safety state.","All writes are deterministic point creates; no application query or composite index exists. The generic bounded source-data dependency processor removes classifier/version/state detail after retention while preserving only lifecycle/identity evidence. Restart 965 reconciled both writer families, duplicate/idempotency behavior and lifecycle retention without a new confirmed defect. Shared workflow/webhook/lifecycle/rule/verifier files retain ranged evidence, so this row remains in-progress.",""
"signaldeskReplyPlaybooks","SignalDesk","SIGNALDESK_COLLECTIONS.REPLY_PLAYBOOKS","constant definition | index definition | read/query | reference | security-rule | transaction/batch | write","7","firestore-signaldesk.indexes.json | firestore-signaldesk.rules | scripts/verification/e2e-signaldesk-local.js | scripts/verification/test-signaldesk-workspace-contracts.ts | src/constants/signaldesk/database.ts | src/lib/signaldesk/workflowServer.ts | src/lib/signaldesk/workspaceContracts.ts","firestore-signaldesk.indexes.json:359 | firestore-signaldesk.rules:258 | scripts/verification/e2e-signaldesk-local.js:3318 | scripts/verification/test-signaldesk-workspace-contracts.ts:439 | src/lib/signaldesk/workflowServer.ts:7523 | src/lib/signaldesk/workflowServer.ts:8476 | src/lib/signaldesk/workflowServer.ts:10133 | src/lib/signaldesk/workflowServer.ts:10148 | src/lib/signaldesk/workflowServer.ts:10157 | src/lib/signaldesk/workspaceContracts.ts:100 | src/lib/signaldesk/workspaceContracts.ts:1687 | src/constants/signaldesk/database.ts:0","95658ee3d591d75df7393150b4187e30c23ee4273f5ba5972710967600f93f52","3","scripts/verification/e2e-signaldesk-local.js | scripts/verification/test-signaldesk-workspace-contracts.ts | src/lib/signaldesk/workflowServer.ts | src/lib/signaldesk/workspaceContracts.ts","in-progress","SignalDesk-only internal approved-reply and routing authority at deterministic intent/title or explicit playbook IDs. The protected operating-layer action derives the authenticated actor, strict-validates reply text, intent, route, suppression, escalation and status, then transactionally exact-replaces changed truth with audit, timeline and cost evidence. Mission workspace is the current final list consumer. No MenuList tenant, customer/public output, billing, cache, Redux, SWR or local-storage path consumes this collection.","The separate SignalDesk ruleset permits browser reads only to authenticated platform identity for persisted pId=SD resources and denies every browser write. API and persisted-schema validation require stop intent to be suppression-required and suppression-routed, and forbid suppression-only routing for other intents. Current deterministic rows pass product/document/schema projection before replay or replacement; malformed or foreign rows fail closed. Workspace output excludes pId and updatedBy.","Mutation uses one deterministic point transaction. Exact replay requires all business fields and the exact canonical stored key set, so it repeats no playbook, audit, timeline or cost write; stale-shape or changed rows are exact-replaced. Mission uses bounded updatedAt listing; the maintained status/updatedAt composite is compatible with operational inspection. Focused operating-layer emulator coverage proves exact replay, stale-field removal and unsafe-stop denial. Shared workflow/workspace/E2E/rule/index sources retain ranged evidence, so the collection remains in-progress.","AUDIT-SD-REPLY-PLAYBOOK-STALE-FIELDS-001"
"signaldeskResearchRuns","SignalDesk","SIGNALDESK_COLLECTIONS.RESEARCH_RUNS","constant definition | index definition | read/query | reference | security-rule | transaction/batch","7","firestore-signaldesk.indexes.json | firestore-signaldesk.rules | scripts/verification/e2e-signaldesk-local.js | scripts/verification/verify-signaldesk-runtime.js | scripts/verification/verify-signaldesk-security-rules.js | src/constants/signaldesk/database.ts | src/lib/signaldesk/workflowServer.ts","firestore-signaldesk.indexes.json:375 | firestore-signaldesk.indexes.json:383 | firestore-signaldesk.rules:268 | scripts/verification/e2e-signaldesk-local.js:5137 | scripts/verification/e2e-signaldesk-local.js:5162 | scripts/verification/verify-signaldesk-runtime.js:2376 | scripts/verification/verify-signaldesk-runtime.js:2585 | scripts/verification/verify-signaldesk-security-rules.js:10 | src/lib/signaldesk/workflowServer.ts:5398 | src/lib/signaldesk/workflowServer.ts:17836 | src/lib/signaldesk/workflowServer.ts:17930 | src/constants/signaldesk/database.ts:0","1710130cbc1c81737ec4432ac21942d801fd9bd406316ca5acca435b23082b58","3","scripts/verification/e2e-signaldesk-local.js | scripts/verification/verify-signaldesk-runtime.js | scripts/verification/verify-signaldesk-security-rules.js | src/lib/signaldesk/workflowServer.ts","inventory-only","","rule path observed","",""
"signaldeskResearchTableRows","SignalDesk","SIGNALDESK_COLLECTIONS.RESEARCH_TABLE_ROWS | SIGNALDESK_FUNCTIONS_COLLECTIONS.RESEARCH_TABLE_ROWS","constant definition | index definition | read/query | reference | security-rule | write","9","firestore-signaldesk.indexes.json | firestore-signaldesk.rules | functions-signaldesk/src/constants/database.ts | functions-signaldesk/src/schedulers/sourceDataLifecycle.ts | scripts/verification/e2e-signaldesk-local.js | scripts/verification/verify-signaldesk-runtime.js | scripts/verification/verify-signaldesk-security-rules.js | src/constants/signaldesk/database.ts | src/lib/signaldesk/workflowServer.ts","firestore-signaldesk.indexes.json:391 | firestore-signaldesk.indexes.json:400 | firestore-signaldesk.rules:273 | functions-signaldesk/src/schedulers/sourceDataLifecycle.ts:276 | scripts/verification/e2e-signaldesk-local.js:5039 | scripts/verification/e2e-signaldesk-local.js:5088 | scripts/verification/e2e-signaldesk-local.js:5794 | scripts/verification/e2e-signaldesk-local.js:5865 | scripts/verification/e2e-signaldesk-local.js:9088 | scripts/verification/verify-signaldesk-runtime.js:2377 | scripts/verification/verify-signaldesk-runtime.js:2586 | scripts/verification/verify-signaldesk-security-rules.js:10 | src/lib/signaldesk/workflowServer.ts:5414 | src/lib/signaldesk/workflowServer.ts:17931 | src/lib/signaldesk/workflowServer.ts:17998 | src/lib/signaldesk/workflowServer.ts:18087 | src/constants/signaldesk/database.ts:0 | functions-signaldesk/src/constants/database.ts:0","3c51f1b7dbcc56443bcb23eb64a1b2dce4a95fde1dccfe68eed55c64676b2726","4","functions-signaldesk/src/schedulers/sourceDataLifecycle.ts | scripts/verification/e2e-signaldesk-local.js | scripts/verification/verify-signaldesk-runtime.js | scripts/verification/verify-signaldesk-security-rules.js | src/lib/signaldesk/workflowServer.ts","inventory-only","","rule path observed","",""
"signaldeskRevenueAccounts","SignalDesk","SIGNALDESK_COLLECTIONS.REVENUE_ACCOUNTS | SIGNALDESK_FUNCTIONS_COLLECTIONS.REVENUE_ACCOUNTS","constant definition | index definition | read/query | reference | security-rule | transaction/batch | write","13","firestore-signaldesk.indexes.json | firestore-signaldesk.rules | functions-signaldesk/src/constants/database.ts | functions-signaldesk/src/schedulers/sourceDataLifecycle.ts | scripts/verification/e2e-signaldesk-local.js | scripts/verification/test-signaldesk-fresh-lineage.js | scripts/verification/test-signaldesk-outcome-route-emulator.js | scripts/verification/test-signaldesk-workspace-contracts.ts | scripts/verification/verify-signaldesk-runtime.js | scripts/verification/verify-signaldesk-security-rules.js | src/constants/signaldesk/database.ts | src/lib/signaldesk/workflowServer.ts | src/lib/signaldesk/workspaceContracts.ts","firestore-signaldesk.indexes.json:408 | firestore-signaldesk.rules:343 | functions-signaldesk/src/schedulers/sourceDataLifecycle.ts:296 | functions-signaldesk/src/schedulers/sourceDataLifecycle.ts:3266 | scripts/verification/e2e-signaldesk-local.js:2212 | scripts/verification/e2e-signaldesk-local.js:6833 | scripts/verification/e2e-signaldesk-local.js:9199 | scripts/verification/test-signaldesk-fresh-lineage.js:294 | scripts/verification/test-signaldesk-outcome-route-emulator.js:99 | scripts/verification/test-signaldesk-workspace-contracts.ts:450 | scripts/verification/test-signaldesk-workspace-contracts.ts:902 | scripts/verification/verify-signaldesk-runtime.js:2588 | scripts/verification/verify-signaldesk-security-rules.js:10 | scripts/verification/verify-signaldesk-security-rules.js:166 | scripts/verification/verify-signaldesk-security-rules.js:312 | src/lib/signaldesk/workflowServer.ts:7575 | src/lib/signaldesk/workflowServer.ts:10212 | src/lib/signaldesk/workflowServer.ts:10252 | src/lib/signaldesk/workflowServer.ts:10359 | src/lib/signaldesk/workflowServer.ts:10560 | src/lib/signaldesk/workflowServer.ts:10565 | src/lib/signaldesk/workflowServer.ts:10691 | src/lib/signaldesk/workflowServer.ts:11137 | src/lib/signaldesk/workflowServer.ts:11160 | src/lib/signaldesk/workflowServer.ts:11276 | src/lib/signaldesk/workflowServer.ts:22310 | src/lib/signaldesk/workspaceContracts.ts:101 | src/lib/signaldesk/workspaceContracts.ts:1688 | src/constants/signaldesk/database.ts:0 | functions-signaldesk/src/constants/database.ts:0","ba4bdd26789e28ed03b967aa655361d46040b3851e95a36fc576cc41c031675f","4","functions-signaldesk/src/schedulers/sourceDataLifecycle.ts | scripts/verification/e2e-signaldesk-local.js | scripts/verification/test-signaldesk-fresh-lineage.js | scripts/verification/test-signaldesk-outcome-route-emulator.js | scripts/verification/test-signaldesk-workspace-contracts.ts | scripts/verification/verify-signaldesk-runtime.js | scripts/verification/verify-signaldesk-security-rules.js | src/lib/signaldesk/workflowServer.ts | src/lib/signaldesk/workspaceContracts.ts","inventory-only","","rule path observed","",""
"signaldeskRevenueControlSummaries","SignalDesk","SIGNALDESK_COLLECTIONS.REVENUE_CONTROL_SUMMARIES | SIGNALDESK_FUNCTIONS_COLLECTIONS.REVENUE_CONTROL_SUMMARIES","constant definition | read/query | reference | security-rule | transaction/batch | write","10","firestore-signaldesk.rules | functions-signaldesk/src/constants/database.ts | functions-signaldesk/src/schedulers/sourceDataLifecycle.ts | scripts/verification/e2e-signaldesk-local.js | scripts/verification/test-signaldesk-outcome-route-emulator.js | scripts/verification/test-signaldesk-workspace-contracts.ts | scripts/verification/verify-signaldesk-security-rules.js | src/constants/signaldesk/database.ts | src/lib/signaldesk/workflowServer.ts | src/lib/signaldesk/workspaceContracts.ts","firestore-signaldesk.rules:368 | functions-signaldesk/src/schedulers/sourceDataLifecycle.ts:3260 | scripts/verification/e2e-signaldesk-local.js:2471 | scripts/verification/e2e-signaldesk-local.js:2947 | scripts/verification/e2e-signaldesk-local.js:2970 | scripts/verification/e2e-signaldesk-local.js:2981 | scripts/verification/e2e-signaldesk-local.js:3030 | scripts/verification/e2e-signaldesk-local.js:3078 | scripts/verification/e2e-signaldesk-local.js:3084 | scripts/verification/e2e-signaldesk-local.js:5966 | scripts/verification/e2e-signaldesk-local.js:6010 | scripts/verification/e2e-signaldesk-local.js:6053 | scripts/verification/e2e-signaldesk-local.js:6065 | scripts/verification/e2e-signaldesk-local.js:6079 | scripts/verification/test-signaldesk-outcome-route-emulator.js:100 | scripts/verification/test-signaldesk-workspace-contracts.ts:468 | scripts/verification/verify-signaldesk-security-rules.js:10 | scripts/verification/verify-signaldesk-security-rules.js:165 | scripts/verification/verify-signaldesk-security-rules.js:319 | src/lib/signaldesk/workflowServer.ts:7576 | src/lib/signaldesk/workflowServer.ts:10214 | src/lib/signaldesk/workflowServer.ts:10268 | src/lib/signaldesk/workflowServer.ts:10549 | src/lib/signaldesk/workflowServer.ts:10639 | src/lib/signaldesk/workflowServer.ts:11141 | src/lib/signaldesk/workflowServer.ts:11184 | src/lib/signaldesk/workflowServer.ts:11641 | src/lib/signaldesk/workflowServer.ts:19427 | src/lib/signaldesk/workflowServer.ts:19464 | src/lib/signaldesk/workflowServer.ts:19559 | src/lib/signaldesk/workspaceContracts.ts:102 | src/lib/signaldesk/workspaceContracts.ts:1689 | src/constants/signaldesk/database.ts:0 | functions-signaldesk/src/constants/database.ts:0","3b0583afdfce743ccd64b001eb5844f94aa92acc9ae6070251b850429df5681c","3","functions-signaldesk/src/schedulers/sourceDataLifecycle.ts | scripts/verification/e2e-signaldesk-local.js | scripts/verification/test-signaldesk-outcome-route-emulator.js | scripts/verification/test-signaldesk-workspace-contracts.ts | scripts/verification/verify-signaldesk-security-rules.js | src/lib/signaldesk/workflowServer.ts | src/lib/signaldesk/workspaceContracts.ts","in-progress","SignalDesk-only deterministic internal revenue aggregate at the fixed revenue summary document. Qualification, opportunity transitions, activation reconciliation, AI founder review and source-data lifecycle cleanup are Admin-only producers. Revenue workspace, founder mission and internal operating controls consume the strict public projection. The summary contains bounded account/opportunity/attention counts plus one aggregate pipeline value, weighted value and nullable currency; no MenuList tenant/customer truth, payment ledger, public output, cache, Redux, SWR or local-storage consumer exists.","The separate SignalDesk ruleset permits reads only to authenticated platform identity when pId is SD and denies browser writes. App and Functions writers validate the current product/document/schema before coupled mutations. Positive value requires currency and weighted value cannot exceed total value. App writers now derive currency from post-transaction value and fail underflow; the strict workspace projector compatibility-normalizes historical zero-value rows carrying stale currency to null until a later authoritative mutation repairs persistence.","All writes and reads address one deterministic document and require no collection index. Transactions serialize value/currency changes against current summary truth. The focused Revenue emulator covers INR value, activation to empty, USD adoption, manual close to empty and valued demotion to empty; the existing lifecycle emulator already proves currency clears when source cleanup removes the last value. Shared aggregate sources retain ranged evidence, so the collection stays in-progress.","AUDIT-SD-PIPELINE-CURRENCY-LIFECYCLE-001 | AUDIT-SD-AI-REVIEW-PRODUCT-AUTHORITY-001"
"signaldeskRolePolicies","SignalDesk","SIGNALDESK_COLLECTIONS.ROLE_POLICIES","constant definition | security-rule | write","3","firestore-signaldesk.rules | scripts/verification/verify-signaldesk-security-rules.js | src/constants/signaldesk/database.ts","firestore-signaldesk.rules:14 | scripts/verification/verify-signaldesk-security-rules.js:10 | scripts/verification/verify-signaldesk-security-rules.js:309 | src/constants/signaldesk/database.ts:0","6eaf235e096fe1f803916b1e95d5dd9159d9e4c84d3528799c09d67b24d0394c","2","scripts/verification/verify-signaldesk-security-rules.js","in-progress","Reserved dedicated SignalDesk role-policy namespace. No current first-party runtime producer, reader, query, DTO, route, job or retention owner exists; only the product constant, explicit read rule, historical policy intent and security emulator fixture remain","Direct reads require an authenticated PLATFORM claim and an existing resource with exact pId SD. Every client write is denied. The emulator proves an ordinary active member cannot read, a platform operator can read the exact-product fixture, and even that operator cannot write","No active query, persistence or retention path exists; no composite index, field exemption or TTL policy is justified","AUDIT-SD-DIRECT-FIRESTORE-ROLE-BOUNDARY-001 | AUDIT-SIGNALDESK-DORMANT-SUMMARY-RULE-COVERAGE-001"
"signaldeskRouteTokens","SignalDesk","SIGNALDESK_COLLECTIONS.ROUTE_TOKENS | SIGNALDESK_FUNCTIONS_COLLECTIONS.ROUTE_TOKENS","constant definition | read/query | reference | security-rule | transaction/batch | write","9","functions-signaldesk/src/constants/database.ts | functions-signaldesk/src/schedulers/sourceDataLifecycle.ts | scripts/verification/e2e-signaldesk-local.js | scripts/verification/test-signaldesk-outcome-route-emulator.js | scripts/verification/verify-signaldesk-runtime.js | scripts/verification/verify-signaldesk-security-rules.js | src/constants/signaldesk/database.ts | src/lib/signaldesk/outcomeBridgeServer.ts | src/lib/signaldesk/workflowServer.ts","functions-signaldesk/src/schedulers/sourceDataLifecycle.ts:269 | scripts/verification/e2e-signaldesk-local.js:9008 | scripts/verification/test-signaldesk-outcome-route-emulator.js:101 | scripts/verification/test-signaldesk-outcome-route-emulator.js:223 | scripts/verification/test-signaldesk-outcome-route-emulator.js:289 | scripts/verification/verify-signaldesk-runtime.js:1186 | scripts/verification/verify-signaldesk-security-rules.js:40 | scripts/verification/verify-signaldesk-security-rules.js:318 | src/lib/signaldesk/outcomeBridgeServer.ts:124 | src/lib/signaldesk/workflowServer.ts:21731 | src/lib/signaldesk/workflowServer.ts:21949 | src/lib/signaldesk/workflowServer.ts:21978 | src/lib/signaldesk/workflowServer.ts:22057 | src/constants/signaldesk/database.ts:0 | functions-signaldesk/src/constants/database.ts:0","238bc798ed1a6fe079a4bbc802199ae7af08c5933ee91519e060022eeeef38c0","2","functions-signaldesk/src/schedulers/sourceDataLifecycle.ts | scripts/verification/e2e-signaldesk-local.js | scripts/verification/test-signaldesk-outcome-route-emulator.js | scripts/verification/verify-signaldesk-runtime.js | scripts/verification/verify-signaldesk-security-rules.js | src/lib/signaldesk/outcomeBridgeServer.ts | src/lib/signaldesk/workflowServer.ts","inventory-only","","rule path observed","",""
"signaldeskRunTimelines","SignalDesk","SIGNALDESK_COLLECTIONS.RUN_TIMELINES | SIGNALDESK_FUNCTIONS_COLLECTIONS.RUN_TIMELINES","constant definition | read/query | reference | security-rule | transaction/batch | write","11","firestore-signaldesk.rules | functions-signaldesk/src/constants/database.ts | functions-signaldesk/src/schedulers/proofPermissionLifecycle.ts | functions-signaldesk/src/schedulers/sourceDataLifecycle.ts | scripts/verification/e2e-signaldesk-local.js | scripts/verification/test-signaldesk-fresh-lineage.js | scripts/verification/test-signaldesk-outcome-route-emulator.js | scripts/verification/test-signaldesk-workspace-contracts.ts | src/constants/signaldesk/database.ts | src/lib/signaldesk/workflowServer.ts | src/lib/signaldesk/workspaceContracts.ts","firestore-signaldesk.rules:233 | functions-signaldesk/src/schedulers/proofPermissionLifecycle.ts:726 | functions-signaldesk/src/schedulers/proofPermissionLifecycle.ts:767 | functions-signaldesk/src/schedulers/proofPermissionLifecycle.ts:854 | functions-signaldesk/src/schedulers/proofPermissionLifecycle.ts:1267 | functions-signaldesk/src/schedulers/proofPermissionLifecycle.ts:1505 | functions-signaldesk/src/schedulers/sourceDataLifecycle.ts:1224 | functions-signaldesk/src/schedulers/sourceDataLifecycle.ts:1306 | functions-signaldesk/src/schedulers/sourceDataLifecycle.ts:1349 | functions-signaldesk/src/schedulers/sourceDataLifecycle.ts:1455 | functions-signaldesk/src/schedulers/sourceDataLifecycle.ts:1775 | functions-signaldesk/src/schedulers/sourceDataLifecycle.ts:1848 | functions-signaldesk/src/schedulers/sourceDataLifecycle.ts:1884 | functions-signaldesk/src/schedulers/sourceDataLifecycle.ts:3425 | functions-signaldesk/src/schedulers/sourceDataLifecycle.ts:3663 | scripts/verification/e2e-signaldesk-local.js:441 | scripts/verification/e2e-signaldesk-local.js:6087 | scripts/verification/e2e-signaldesk-local.js:6258 | scripts/verification/test-signaldesk-fresh-lineage.js:349 | scripts/verification/test-signaldesk-outcome-route-emulator.js:102 | scripts/verification/test-signaldesk-workspace-contracts.ts:482 | src/lib/signaldesk/workflowServer.ts:5731 | src/lib/signaldesk/workflowServer.ts:7524 | src/lib/signaldesk/workflowServer.ts:7744 | src/lib/signaldesk/workflowServer.ts:21249 | src/lib/signaldesk/workspaceContracts.ts:103 | src/lib/signaldesk/workspaceContracts.ts:1690 | src/constants/signaldesk/database.ts:0 | functions-signaldesk/src/constants/database.ts:0","0059ff3c9009dbe32bf1e5be26c497380710c34a949677810cc4fb185ebedf15","3","functions-signaldesk/src/schedulers/proofPermissionLifecycle.ts | functions-signaldesk/src/schedulers/sourceDataLifecycle.ts | scripts/verification/e2e-signaldesk-local.js | scripts/verification/test-signaldesk-fresh-lineage.js | scripts/verification/test-signaldesk-outcome-route-emulator.js | scripts/verification/test-signaldesk-workspace-contracts.ts | src/lib/signaldesk/workflowServer.ts | src/lib/signaldesk/workspaceContracts.ts","in-progress","SignalDesk-only internal execution and recovery timeline truth. Application mutations write deterministic entity-type plus entity IDs through one canonical helper in the owning batch/transaction; manual contact uses an actor/idempotency-derived timeline. Proof-permission and source-data lifecycle jobs create complete deterministic timelines and update them only after validating current timeline identity/entity authority. Mission and Control Room workspaces are the only final consumers. No MenuList tenant, customer/public output, billing, cache, Redux, SWR or local-storage path consumes this collection.","The separate SignalDesk ruleset permits browser reads only to authenticated platform identity and only for rows with pId=SD; all browser writes are denied. The public workspace projector enforces exact document identity, product, entity type/ID, status, bounded label, one-to-thirty bounded steps and timestamp shape, then allowlists only those fields. Malformed or foreign rows are logged and omitted rather than passed to UI.","All writers use deterministic point documents. Mission and Control Room use the shared bounded updatedAt-desc workspace scan, strict-projecting before applying the result limit and stopping after four capped pages; only the automatic single-field updatedAt index is required. Application timelines replace their canonical public fields while lifecycle partial updates first assert the existing complete authority; completed timelines reject unfinished steps. Existing workspace-contract, lifecycle and focused E2E suites cover projection and representative terminal/failure updates. Shared large producer/lifecycle/rule/verifier files retain ranged evidence, so the collection remains in-progress.",""
"signaldeskSelfServiceCtas","SignalDesk","SIGNALDESK_COLLECTIONS.SELF_SERVICE_CTAS","constant definition | delete | read/query | reference | security-rule | transaction/batch | write","4","firestore-signaldesk.rules | scripts/verification/e2e-signaldesk-local.js | src/constants/signaldesk/database.ts | src/lib/signaldesk/workflowServer.ts","firestore-signaldesk.rules:238 | scripts/verification/e2e-signaldesk-local.js:335 | scripts/verification/e2e-signaldesk-local.js:336 | scripts/verification/e2e-signaldesk-local.js:2083 | scripts/verification/e2e-signaldesk-local.js:2091 | scripts/verification/e2e-signaldesk-local.js:3808 | scripts/verification/e2e-signaldesk-local.js:3856 | scripts/verification/e2e-signaldesk-local.js:3862 | scripts/verification/e2e-signaldesk-local.js:7883 | scripts/verification/e2e-signaldesk-local.js:7938 | scripts/verification/e2e-signaldesk-local.js:8927 | scripts/verification/e2e-signaldesk-local.js:9581 | scripts/verification/e2e-signaldesk-local.js:10058 | src/lib/signaldesk/workflowServer.ts:1500 | src/lib/signaldesk/workflowServer.ts:1791 | src/lib/signaldesk/workflowServer.ts:1821 | src/lib/signaldesk/workflowServer.ts:1823 | src/lib/signaldesk/workflowServer.ts:1842 | src/lib/signaldesk/workflowServer.ts:1861 | src/lib/signaldesk/workflowServer.ts:4489 | src/lib/signaldesk/workflowServer.ts:4492 | src/lib/signaldesk/workflowServer.ts:4502 | src/lib/signaldesk/workflowServer.ts:4523 | src/lib/signaldesk/workflowServer.ts:4544 | src/lib/signaldesk/workflowServer.ts:4557 | src/lib/signaldesk/workflowServer.ts:4608 | src/lib/signaldesk/workflowServer.ts:4688 | src/lib/signaldesk/workflowServer.ts:4823 | src/lib/signaldesk/workflowServer.ts:4848 | src/lib/signaldesk/workflowServer.ts:6391 | src/lib/signaldesk/workflowServer.ts:6496 | src/lib/signaldesk/workflowServer.ts:6513 | src/lib/signaldesk/workflowServer.ts:8266 | src/lib/signaldesk/workflowServer.ts:8598 | src/lib/signaldesk/workflowServer.ts:9821 | src/lib/signaldesk/workflowServer.ts:9827 | src/lib/signaldesk/workflowServer.ts:9858 | src/lib/signaldesk/workflowServer.ts:9884 | src/lib/signaldesk/workflowServer.ts:9927 | src/lib/signaldesk/workflowServer.ts:14356 | src/lib/signaldesk/workflowServer.ts:15877 | src/lib/signaldesk/workflowServer.ts:19700 | src/lib/signaldesk/workflowServer.ts:20101 | src/constants/signaldesk/database.ts:0","b99ea8b60586e48a23b26d0d187df9b4e80462609f7d461ae4d749cd7e9275a4","2","scripts/verification/e2e-signaldesk-local.js | src/lib/signaldesk/workflowServer.ts","in-progress","SignalDesk-only founder/configuration authority for six bounded self-service CTA kinds. The protected action route validates the exact closed payload, requires signaldesk.configure and configure action admission, and derives the authenticated SignalDesk actor. The Admin mutation maps each type to one deterministic document, binds actor/idempotency key to the normalized request fingerprint, validates the persisted DTO, writes audit/cost evidence atomically and returns the allowlisted projection. Downstream content drafts, assets, offers, experiments and trust-partner briefs carry the CTA document identity plus a SHA-256 truth fingerprint and re-read current active authority before use. No MenuList, Answerlattice, CampaignCue, Canonica, billing, public cache, Redux, SWR or local-storage flow reads the collection.","The separate SignalDesk ruleset permits reads only to an authenticated platform identity and only when the persisted pId is SD; all browser writes remain denied. Every authoritative consumer rejects missing, wrong-product, malformed, pending-reconciliation or inactive CTA truth. A changed CTA installs a transaction-bound reconciliation token and then holds unpublished dependent content/drafts and blocks dependent partner briefs. Already-published dependencies remain immutable and create explicit review incidents instead of being silently rewritten.","Primary reads/writes use deterministic document IDs. The authoritative preview compatibility path additionally uses a bounded ctaType=preview/status=active query and rejects multiple active identities; no composite index is required by the current SignalDesk index file. Migration recognizes only the canonical and exact legacy preview IDs, selects unique latest truth or conservatively holds ambiguity, records an incident, reconciles dependencies and retires the alias without deleting history. Focused real Firestore emulator runs cover concurrent exact replay/conflict, preview migration/ambiguity, current fingerprint lineage, downgrade cascades, published-content incidents and recovery. The large workflow/E2E sources retain ranged evidence, so the collection is not yet marked reviewed.",""
"signaldeskSenderDomains","SignalDesk","SIGNALDESK_COLLECTIONS.SENDER_DOMAINS","constant definition | read/query | reference | security-rule | write","5","firestore-signaldesk.rules | scripts/verification/e2e-signaldesk-local.js | scripts/verification/verify-signaldesk-runtime.js | src/constants/signaldesk/database.ts | src/lib/signaldesk/workflowServer.ts","firestore-signaldesk.rules:228 | scripts/verification/e2e-signaldesk-local.js:760 | scripts/verification/e2e-signaldesk-local.js:5623 | scripts/verification/verify-signaldesk-runtime.js:1404 | src/lib/signaldesk/workflowServer.ts:1622 | src/lib/signaldesk/workflowServer.ts:1692 | src/lib/signaldesk/workflowServer.ts:1711 | src/lib/signaldesk/workflowServer.ts:1733 | src/lib/signaldesk/workflowServer.ts:1740 | src/lib/signaldesk/workflowServer.ts:5764 | src/lib/signaldesk/workflowServer.ts:5771 | src/lib/signaldesk/workflowServer.ts:5777 | src/lib/signaldesk/workflowServer.ts:9488 | src/lib/signaldesk/workflowServer.ts:9523 | src/lib/signaldesk/workflowServer.ts:9554 | src/lib/signaldesk/workflowServer.ts:10900 | src/lib/signaldesk/workflowServer.ts:15896 | src/lib/signaldesk/workflowServer.ts:16047 | src/lib/signaldesk/workflowServer.ts:16116 | src/lib/signaldesk/workflowServer.ts:16338 | src/lib/signaldesk/workflowServer.ts:16381 | src/lib/signaldesk/workflowServer.ts:19702 | src/lib/signaldesk/workflowServer.ts:20104 | src/lib/signaldesk/workflowServer.ts:20522 | src/lib/signaldesk/workflowServer.ts:20591 | src/lib/signaldesk/workflowServer.ts:20746 | src/lib/signaldesk/workflowServer.ts:20812 | src/lib/signaldesk/workflowServer.ts:21074 | src/lib/signaldesk/workflowServer.ts:21134 | src/constants/signaldesk/database.ts:0","c36766c6891b6515d7b90d59a8f0f478d1f544cb49d8329575ff1639c181e744","2","scripts/verification/e2e-signaldesk-local.js | scripts/verification/verify-signaldesk-runtime.js | src/lib/signaldesk/workflowServer.ts","in-progress","SignalDesk-only email-sender authority keyed by SHA-256 of one canonical lower-case hostname. The protected action validates DNS-label syntax, bounded readiness/risk/rate fields and an idempotency key, requires channel.configure plus configure admission, and derives the authenticated SignalDesk actor. The Admin transaction exact-replaces one strict SD-bound sender row and creates an actor/request-bound replay claim plus audit/cost evidence. Drafts, approval packets, exports, assisted handoffs, sequencer steps and provider sends bind the sender document ID plus a SHA-256 fingerprint of every authority field and re-read current truth before email execution. No MenuList, Answerlattice, CampaignCue, Canonica, billing, public cache, Redux, SWR or local-storage consumer exists.","The separate SignalDesk ruleset permits reads only to authenticated platform identity when persisted pId is SD and denies all browser writes. Readiness requires active status, authenticated domain, low-volume/ready ramp, unsubscribe support and non-high brand risk. Transaction-current consumers reject missing, malformed, wrong-product, identity-mismatched, changed-fingerprint or no-longer-ready sender authority, including idempotent send/export replays. The exact historical pending sentinel is filtered from workspace output and malformed near-matches fail projection.","Direct mutation and bound-authority reads use deterministic document IDs. Workspace and default-ready discovery paginate by document ID through a fixed page ceiling, validate every row and fail closed if the scan cap is exhausted; active default discovery uses status plus document-ID ordering supported by built-in indexes. Exact replay returns the stored projected result without another write. Focused real Firestore emulator coverage includes canonical identity, concurrent replay/conflict, legacy recovery, wrong-product/malformed rows, pagination starvation resistance, draft/packet/export lineage, readiness revocation and provider/sequence replay denial. The large workflow/E2E sources retain ranged evidence, so the collection is not yet marked reviewed.",""
"signaldeskSequencerHandoffs","SignalDesk","SIGNALDESK_COLLECTIONS.SEQUENCER_HANDOFFS | SIGNALDESK_FUNCTIONS_COLLECTIONS.SEQUENCER_HANDOFFS","constant definition | index definition | reference | security-rule | transaction/batch | write","9","firestore-signaldesk.indexes.json | firestore-signaldesk.rules | functions-signaldesk/src/constants/database.ts | functions-signaldesk/src/schedulers/sourceDataLifecycle.ts | scripts/verification/e2e-signaldesk-local.js | scripts/verification/test-signaldesk-workspace-contracts.ts | src/constants/signaldesk/database.ts | src/lib/signaldesk/workflowServer.ts | src/lib/signaldesk/workspaceContracts.ts","firestore-signaldesk.indexes.json:120 | firestore-signaldesk.rules:218 | functions-signaldesk/src/schedulers/sourceDataLifecycle.ts:283 | scripts/verification/e2e-signaldesk-local.js:9732 | scripts/verification/e2e-signaldesk-local.js:9748 | scripts/verification/e2e-signaldesk-local.js:9787 | scripts/verification/test-signaldesk-workspace-contracts.ts:491 | scripts/verification/test-signaldesk-workspace-contracts.ts:925 | src/lib/signaldesk/workflowServer.ts:7668 | src/lib/signaldesk/workflowServer.ts:15992 | src/lib/signaldesk/workflowServer.ts:16059 | src/lib/signaldesk/workflowServer.ts:16177 | src/lib/signaldesk/workflowServer.ts:16264 | src/lib/signaldesk/workflowServer.ts:16287 | src/lib/signaldesk/workspaceContracts.ts:104 | src/lib/signaldesk/workspaceContracts.ts:1691 | src/constants/signaldesk/database.ts:0 | functions-signaldesk/src/constants/database.ts:0","ab9b647eeab01c95290371c0694601df5a3ad6ed48d160b466c236dfe2ea1c93","4","functions-signaldesk/src/schedulers/sourceDataLifecycle.ts | scripts/verification/e2e-signaldesk-local.js | scripts/verification/test-signaldesk-workspace-contracts.ts | src/lib/signaldesk/workflowServer.ts | src/lib/signaldesk/workspaceContracts.ts","inventory-only","","rule path observed","",""
"signaldeskSequencerSteps","SignalDesk","SIGNALDESK_COLLECTIONS.SEQUENCER_STEPS | SIGNALDESK_FUNCTIONS_COLLECTIONS.SEQUENCER_STEPS","constant definition | index definition | read/query | reference | security-rule | transaction/batch | write","9","firestore-signaldesk.indexes.json | firestore-signaldesk.rules | functions-signaldesk/src/constants/database.ts | functions-signaldesk/src/schedulers/sourceDataLifecycle.ts | scripts/verification/e2e-signaldesk-local.js | scripts/verification/test-signaldesk-workspace-contracts.ts | src/constants/signaldesk/database.ts | src/lib/signaldesk/workflowServer.ts | src/lib/signaldesk/workspaceContracts.ts","firestore-signaldesk.indexes.json:129 | firestore-signaldesk.indexes.json:137 | firestore-signaldesk.rules:223 | functions-signaldesk/src/schedulers/sourceDataLifecycle.ts:284 | scripts/verification/e2e-signaldesk-local.js:9733 | scripts/verification/e2e-signaldesk-local.js:9756 | scripts/verification/e2e-signaldesk-local.js:9794 | scripts/verification/test-signaldesk-workspace-contracts.ts:509 | scripts/verification/test-signaldesk-workspace-contracts.ts:930 | scripts/verification/test-signaldesk-workspace-contracts.ts:950 | scripts/verification/test-signaldesk-workspace-contracts.ts:951 | src/lib/signaldesk/workflowServer.ts:7674 | src/lib/signaldesk/workflowServer.ts:16215 | src/lib/signaldesk/workflowServer.ts:16312 | src/lib/signaldesk/workflowServer.ts:16370 | src/lib/signaldesk/workspaceContracts.ts:105 | src/lib/signaldesk/workspaceContracts.ts:1692 | src/constants/signaldesk/database.ts:0 | functions-signaldesk/src/constants/database.ts:0","beed01cd522849b190f189758ac4ae0899f03fccf6cce2e3fb13dba1df9ce73e","4","functions-signaldesk/src/schedulers/sourceDataLifecycle.ts | scripts/verification/e2e-signaldesk-local.js | scripts/verification/test-signaldesk-workspace-contracts.ts | src/lib/signaldesk/workflowServer.ts | src/lib/signaldesk/workspaceContracts.ts","inventory-only","","rule path observed","",""
"signaldeskSourceCandidates","SignalDesk","SIGNALDESK_COLLECTIONS.SOURCE_CANDIDATES | SIGNALDESK_FUNCTIONS_COLLECTIONS.SOURCE_CANDIDATES","constant definition | read/query | reference | write","6","functions-signaldesk/src/constants/database.ts | functions-signaldesk/src/schedulers/sourceDataLifecycle.ts | scripts/verification/e2e-signaldesk-local.js | scripts/verification/test-signaldesk-fresh-lineage.js | src/constants/signaldesk/database.ts | src/lib/signaldesk/workflowServer.ts","functions-signaldesk/src/schedulers/sourceDataLifecycle.ts:273 | scripts/verification/e2e-signaldesk-local.js:1246 | scripts/verification/e2e-signaldesk-local.js:1523 | scripts/verification/e2e-signaldesk-local.js:5758 | scripts/verification/test-signaldesk-fresh-lineage.js:283 | src/lib/signaldesk/workflowServer.ts:16918 | src/lib/signaldesk/workflowServer.ts:21304 | src/constants/signaldesk/database.ts:0 | functions-signaldesk/src/constants/database.ts:0","79daa5dea9e5c0838b03c3a9ae898a9ceb4f33e7d2a17a07ecf9042f78a1c890","2","functions-signaldesk/src/schedulers/sourceDataLifecycle.ts | scripts/verification/e2e-signaldesk-local.js | scripts/verification/test-signaldesk-fresh-lineage.js | src/lib/signaldesk/workflowServer.ts","inventory-only","","no rule path observed by catalog","",""
"signaldeskSourceHealthSummaries","SignalDesk","SIGNALDESK_COLLECTIONS.SOURCE_HEALTH_SUMMARIES","constant definition | reference | security-rule","3","firestore-signaldesk.rules | src/constants/signaldesk/database.ts | src/lib/signaldesk/workflowServer.ts","firestore-signaldesk.rules:44 | src/lib/signaldesk/workflowServer.ts:17002 | src/lib/signaldesk/workflowServer.ts:17605 | src/constants/signaldesk/database.ts:0","23c735278ff5355c06578416903f6cd8484492edf8d096135cc10a094e6b531f","2","src/lib/signaldesk/workflowServer.ts","in-progress","SignalDesk-only latest-per-provider operational health summary at signaldeskSourceHealthSummaries/provider_{provider}. The protected provider-run action establishes SignalDesk permission, feature/kill-switch, strict source-policy/provider rights, idempotency and atomic budget reservation before external work. The successful target-import transaction then merges one SD-bound provider/query/result-count/source-policy/status summary. No MenuList, Answerlattice, CampaignCue, Canonica, public output, cache, Redux, SWR, local-storage, billing mutation or webhook consumer uses the row.","The separate SignalDesk ruleset permits reads only to an authenticated platform identity and only when the persisted resource has pId=SD; all browser writes remain denied. Admin writes are transactionally coupled to the completed source run, vendor run, claim, audit, cost and imported target truth. No raw provider payload, credential, token, contact value or provider error is persisted in the summary.","The provider summary uses one deterministic point read/write and needs no query index. Concurrent successful runs for the same provider serialize through the transaction read and leave the latest completed summary; unique source-run/idempotency rows preserve per-operation truth. Exact retries return the completed source/target projection without repeating provider work. The large workflow/E2E sources retain ranged evidence, so the collection is not yet marked reviewed.",""
"signaldeskSourcePolicies","SignalDesk","SIGNALDESK_COLLECTIONS.SOURCE_POLICIES | SIGNALDESK_FUNCTIONS_COLLECTIONS.SOURCE_POLICIES","cache/derived-state | constant definition | index definition | read/query | reference | security-rule | transaction/batch | write","12","firestore-signaldesk.indexes.json | firestore-signaldesk.rules | functions-signaldesk/src/constants/database.ts | functions-signaldesk/src/schedulers/sourceDataLifecycle.ts | scripts/verification/e2e-signaldesk-local.js | scripts/verification/smoke-signaldesk-workflow.js | scripts/verification/test-signaldesk-outcome-route-emulator.js | scripts/verification/test-signaldesk-target-registry-boundary.js | scripts/verification/verify-signaldesk-runtime.js | scripts/verification/verify-signaldesk-security-rules.js | src/constants/signaldesk/database.ts | src/lib/signaldesk/workflowServer.ts","firestore-signaldesk.indexes.json:482 | firestore-signaldesk.indexes.json:491 | firestore-signaldesk.indexes.json:499 | firestore-signaldesk.indexes.json:508 | firestore-signaldesk.rules:79 | functions-signaldesk/src/schedulers/sourceDataLifecycle.ts:1568 | functions-signaldesk/src/schedulers/sourceDataLifecycle.ts:1965 | functions-signaldesk/src/schedulers/sourceDataLifecycle.ts:2067 | functions-signaldesk/src/schedulers/sourceDataLifecycle.ts:3923 | functions-signaldesk/src/schedulers/sourceDataLifecycle.ts:4581 | scripts/verification/e2e-signaldesk-local.js:454 | scripts/verification/e2e-signaldesk-local.js:459 | scripts/verification/e2e-signaldesk-local.js:1021 | scripts/verification/e2e-signaldesk-local.js:1429 | scripts/verification/e2e-signaldesk-local.js:1440 | scripts/verification/e2e-signaldesk-local.js:1451 | scripts/verification/e2e-signaldesk-local.js:1611 | scripts/verification/e2e-signaldesk-local.js:1619 | scripts/verification/e2e-signaldesk-local.js:1708 | scripts/verification/e2e-signaldesk-local.js:3392 | scripts/verification/e2e-signaldesk-local.js:3449 | scripts/verification/e2e-signaldesk-local.js:4033 | scripts/verification/e2e-signaldesk-local.js:4034 | scripts/verification/e2e-signaldesk-local.js:4190 | scripts/verification/e2e-signaldesk-local.js:4208 | scripts/verification/e2e-signaldesk-local.js:4227 | scripts/verification/e2e-signaldesk-local.js:4251 | scripts/verification/e2e-signaldesk-local.js:4299 | scripts/verification/e2e-signaldesk-local.js:4309 | scripts/verification/e2e-signaldesk-local.js:4353 | scripts/verification/e2e-signaldesk-local.js:4361 | scripts/verification/e2e-signaldesk-local.js:4372 | scripts/verification/e2e-signaldesk-local.js:5822 | scripts/verification/e2e-signaldesk-local.js:5832 | scripts/verification/smoke-signaldesk-workflow.js:152 | scripts/verification/test-signaldesk-outcome-route-emulator.js:103 | scripts/verification/test-signaldesk-target-registry-boundary.js:86 | scripts/verification/verify-signaldesk-runtime.js:2548 | scripts/verification/verify-signaldesk-security-rules.js:10 | scripts/verification/verify-signaldesk-security-rules.js:167 | src/lib/signaldesk/workflowServer.ts:5072 | src/lib/signaldesk/workflowServer.ts:5111 | src/lib/signaldesk/workflowServer.ts:6579 | src/lib/signaldesk/workflowServer.ts:7809 | src/lib/signaldesk/workflowServer.ts:8272 | src/lib/signaldesk/workflowServer.ts:8273 | src/lib/signaldesk/workflowServer.ts:8852 | src/lib/signaldesk/workflowServer.ts:8940 | src/lib/signaldesk/workflowServer.ts:9313 | src/lib/signaldesk/workflowServer.ts:9409 | src/lib/signaldesk/workflowServer.ts:10232 | src/lib/signaldesk/workflowServer.ts:10595 | src/lib/signaldesk/workflowServer.ts:10893 | src/lib/signaldesk/workflowServer.ts:12299 | src/lib/signaldesk/workflowServer.ts:15663 | src/lib/signaldesk/workflowServer.ts:15831 | src/lib/signaldesk/workflowServer.ts:16121 | src/lib/signaldesk/workflowServer.ts:16410 | src/lib/signaldesk/workflowServer.ts:16723 | src/lib/signaldesk/workflowServer.ts:18189 | src/lib/signaldesk/workflowServer.ts:18292 | src/lib/signaldesk/workflowServer.ts:19596 | src/lib/signaldesk/workflowServer.ts:19696 | src/lib/signaldesk/workflowServer.ts:20093 | src/lib/signaldesk/workflowServer.ts:20365 | src/lib/signaldesk/workflowServer.ts:20589 | src/lib/signaldesk/workflowServer.ts:20810 | src/lib/signaldesk/workflowServer.ts:21137 | src/lib/signaldesk/workflowServer.ts:21254 | src/lib/signaldesk/workflowServer.ts:21796 | src/lib/signaldesk/workflowServer.ts:22114 | src/constants/signaldesk/database.ts:0 | functions-signaldesk/src/constants/database.ts:0","5b6ef6e58483d9c481de6f56ef884024cdba7de3469fcacc5a4509be7c17e9a1","4","functions-signaldesk/src/schedulers/sourceDataLifecycle.ts | scripts/verification/e2e-signaldesk-local.js | scripts/verification/smoke-signaldesk-workflow.js | scripts/verification/test-signaldesk-outcome-route-emulator.js | scripts/verification/test-signaldesk-target-registry-boundary.js | scripts/verification/verify-signaldesk-runtime.js | scripts/verification/verify-signaldesk-security-rules.js | src/lib/signaldesk/workflowServer.ts","inventory-only","","rule path observed","",""
"signaldeskSourceQualitySnapshots","SignalDesk","SIGNALDESK_COLLECTIONS.SOURCE_QUALITY_SNAPSHOTS","constant definition | index definition | read/query | reference | security-rule | transaction/batch | write","8","firestore-signaldesk.indexes.json | firestore-signaldesk.rules | scripts/verification/e2e-signaldesk-local.js | scripts/verification/test-signaldesk-workspace-contracts.ts | scripts/verification/verify-signaldesk-runtime.js | src/constants/signaldesk/database.ts | src/lib/signaldesk/workflowServer.ts | src/lib/signaldesk/workspaceContracts.ts","firestore-signaldesk.indexes.json:367 | firestore-signaldesk.rules:263 | scripts/verification/e2e-signaldesk-local.js:3263 | scripts/verification/test-signaldesk-workspace-contracts.ts:529 | scripts/verification/verify-signaldesk-runtime.js:2584 | src/lib/signaldesk/workflowServer.ts:7527 | src/lib/signaldesk/workflowServer.ts:12089 | src/lib/signaldesk/workflowServer.ts:12111 | src/lib/signaldesk/workflowServer.ts:12120 | src/lib/signaldesk/workspaceContracts.ts:106 | src/lib/signaldesk/workspaceContracts.ts:1693 | src/constants/signaldesk/database.ts:0","252a4070204df61086153950a9106f2ba3221be8a1492fbe7fef582430d27a1c","3","scripts/verification/e2e-signaldesk-local.js | scripts/verification/test-signaldesk-workspace-contracts.ts | scripts/verification/verify-signaldesk-runtime.js | src/lib/signaldesk/workflowServer.ts | src/lib/signaldesk/workspaceContracts.ts","in-progress","SignalDesk-only internal daily source-quality evidence at deterministic source-run/source-policy/day IDs. The protected operating-layer action derives a bounded strict run, source policy, related target population and verified outcome population, then transactionally creates or refreshes the strict snapshot with timeline, audit and cost truth. Mission workspace is the only final list consumer. No MenuList tenant, customer/public output, billing, cache, Redux, SWR or local-storage path consumes this collection.","The separate SignalDesk ruleset permits browser reads only to authenticated platform identity for persisted pId=SD resources and denies every browser write. Explicit run/policy input is bounded and mismatched lineage is rejected. Current deterministic rows and candidate output pass the strict product/document/schema projector before persistence; malformed or foreign rows fail closed. The workspace projector allowlists quality fields and excludes product/actor internals.","The daily snapshot uses a deterministic point transaction and compares the complete public quality projection except updatedAt, so an exact same-state replay repeats no snapshot, audit, timeline or cost effect. Source/run/target/outcome reads are bounded; Mission workspace uses a bounded updatedAt list. Restart 976 restricts attribution to related target IDs and counts distinct activated targets, preventing cross-source borrowing and rates above 100%. The focused operating-layer emulator proves exact replay, policy/run mismatch denial, missing-run denial, unrelated-outcome exclusion and repeated-outcome deduplication. Shared workflow/workspace/E2E/rule/index sources retain ranged evidence, so the collection remains in-progress.","AUDIT-SD-SOURCE-QUALITY-OUTCOME-ATTRIBUTION-001 | AUDIT-SD-SOURCE-QUALITY-STALE-FIELDS-001"
"signaldeskSourceRunSummaries","SignalDesk","SIGNALDESK_COLLECTIONS.SOURCE_RUN_SUMMARIES | SIGNALDESK_FUNCTIONS_COLLECTIONS.SOURCE_RUN_SUMMARIES","constant definition | read/query | reference | security-rule | transaction/batch | write","7","firestore-signaldesk.rules | functions-signaldesk/src/constants/database.ts | functions-signaldesk/src/schedulers/sourceDataLifecycle.ts | scripts/verification/e2e-signaldesk-local.js | scripts/verification/test-signaldesk-fresh-lineage.js | src/constants/signaldesk/database.ts | src/lib/signaldesk/workflowServer.ts","firestore-signaldesk.rules:74 | functions-signaldesk/src/schedulers/sourceDataLifecycle.ts:1571 | functions-signaldesk/src/schedulers/sourceDataLifecycle.ts:2070 | scripts/verification/e2e-signaldesk-local.js:1472 | scripts/verification/e2e-signaldesk-local.js:1519 | scripts/verification/e2e-signaldesk-local.js:1837 | scripts/verification/e2e-signaldesk-local.js:1839 | scripts/verification/e2e-signaldesk-local.js:1840 | scripts/verification/e2e-signaldesk-local.js:1841 | scripts/verification/test-signaldesk-fresh-lineage.js:519 | src/lib/signaldesk/workflowServer.ts:5381 | src/lib/signaldesk/workflowServer.ts:12039 | src/lib/signaldesk/workflowServer.ts:16716 | src/lib/signaldesk/workflowServer.ts:16717 | src/lib/signaldesk/workflowServer.ts:17606 | src/lib/signaldesk/workflowServer.ts:17681 | src/lib/signaldesk/workflowServer.ts:17770 | src/lib/signaldesk/workflowServer.ts:20259 | src/constants/signaldesk/database.ts:0 | functions-signaldesk/src/constants/database.ts:0","0247d3690637e38d2d0e2381c55ffe97699eaed0c3106b40d6765540ec5dc08c","3","functions-signaldesk/src/schedulers/sourceDataLifecycle.ts | scripts/verification/e2e-signaldesk-local.js | scripts/verification/test-signaldesk-fresh-lineage.js | src/lib/signaldesk/workflowServer.ts","inventory-only","","rule path observed","",""
"signaldeskStrategistMemos","SignalDesk","SIGNALDESK_COLLECTIONS.STRATEGIST_MEMOS","constant definition | index definition | read/query | reference | security-rule | transaction/batch | write","7","firestore-signaldesk.indexes.json | firestore-signaldesk.rules | scripts/verification/e2e-signaldesk-local.js | scripts/verification/test-signaldesk-workspace-contracts.ts | src/constants/signaldesk/database.ts | src/lib/signaldesk/workflowServer.ts | src/lib/signaldesk/workspaceContracts.ts","firestore-signaldesk.indexes.json:181 | firestore-signaldesk.rules:208 | scripts/verification/e2e-signaldesk-local.js:736 | scripts/verification/test-signaldesk-workspace-contracts.ts:543 | scripts/verification/test-signaldesk-workspace-contracts.ts:1001 | scripts/verification/test-signaldesk-workspace-contracts.ts:1003 | src/lib/signaldesk/workflowServer.ts:7622 | src/lib/signaldesk/workflowServer.ts:12663 | src/lib/signaldesk/workflowServer.ts:12687 | src/lib/signaldesk/workflowServer.ts:12696 | src/lib/signaldesk/workspaceContracts.ts:107 | src/lib/signaldesk/workspaceContracts.ts:1694 | src/constants/signaldesk/database.ts:0","85c0cbfcfe78489580092b6a1fac749ffcc7dc19e43807e07aa6cb40509cd81b","3","scripts/verification/e2e-signaldesk-local.js | scripts/verification/test-signaldesk-workspace-contracts.ts | src/lib/signaldesk/workflowServer.ts | src/lib/signaldesk/workspaceContracts.ts","in-progress","SignalDesk-only internal founder decision memo at one deterministic document per ISO week. The protected action derives bounded strict target, verified outcome, demand, daily-cost, provider-evaluation and active founder-approved market-pod facts. It now strict-projects and transactionally settles a change-aware weekly memo with timeline, audit and cost truth. Attribution workspace lists only the strict public projection. No MenuList tenant, customer/public output, billing, cache, Redux, SWR or local-storage path consumes this collection.","The separate SignalDesk ruleset permits browser reads only to authenticated platform identity for persisted pId=SD resources and denies every browser write. The optional week input is normalized to a Monday key. Candidate and current deterministic rows pass the product/document/schema projector before comparison or persistence; malformed or foreign rows fail closed. Initial and replay responses expose only allowlisted memo fields and never pId or updatedBy.","The writer uses one deterministic weekly point transaction. An unchanged public projection with the exact canonical stored key set returns without memo, timeline, audit or cost writes; changed or stale-shape truth is exact-replaced. Attribution workspace uses bounded updatedAt listing; the maintained weekStart/updatedAt composite is compatible with historical operational inspection. Focused operating-layer emulator coverage proves malformed input exclusion, public filtering, exact no-effect replay and stale-field removal. Shared workflow/workspace/E2E/rule/index sources retain ranged evidence, so the collection remains in-progress.","AUDIT-SD-STRATEGIST-MEMO-REPLAY-PROJECTION-001"
"signaldeskSuppressionLedger","SignalDesk","SIGNALDESK_COLLECTIONS.SUPPRESSION_LEDGER | SIGNALDESK_FUNCTIONS_COLLECTIONS.SUPPRESSION_LEDGER","constant definition | index definition | read/query | reference | security-rule | write","8","firestore-signaldesk.indexes.json | functions-signaldesk/src/constants/database.ts | scripts/verification/e2e-signaldesk-local.js | scripts/verification/test-signaldesk-fresh-lineage.js | scripts/verification/verify-signaldesk-security-rules.js | src/constants/signaldesk/database.ts | src/lib/signaldesk/webhookServer.ts | src/lib/signaldesk/workflowServer.ts","firestore-signaldesk.indexes.json:62 | scripts/verification/e2e-signaldesk-local.js:5668 | scripts/verification/e2e-signaldesk-local.js:6760 | scripts/verification/e2e-signaldesk-local.js:6768 | scripts/verification/e2e-signaldesk-local.js:6779 | scripts/verification/e2e-signaldesk-local.js:7105 | scripts/verification/e2e-signaldesk-local.js:7137 | scripts/verification/e2e-signaldesk-local.js:7246 | scripts/verification/e2e-signaldesk-local.js:9131 | scripts/verification/test-signaldesk-fresh-lineage.js:556 | scripts/verification/test-signaldesk-fresh-lineage.js:593 | scripts/verification/verify-signaldesk-security-rules.js:40 | scripts/verification/verify-signaldesk-security-rules.js:324 | src/lib/signaldesk/webhookServer.ts:805 | src/lib/signaldesk/workflowServer.ts:16962 | src/lib/signaldesk/workflowServer.ts:16966 | src/lib/signaldesk/workflowServer.ts:16968 | src/lib/signaldesk/workflowServer.ts:16970 | src/lib/signaldesk/workflowServer.ts:20324 | src/lib/signaldesk/workflowServer.ts:21408 | src/lib/signaldesk/workflowServer.ts:21563 | src/constants/signaldesk/database.ts:0 | functions-signaldesk/src/constants/database.ts:0","c1f09aa6f587ceb5bf13ed70a0dd43a2d99f2ea41a111759db4f93faa1e47d79","3","scripts/verification/e2e-signaldesk-local.js | scripts/verification/test-signaldesk-fresh-lineage.js | scripts/verification/verify-signaldesk-security-rules.js | src/lib/signaldesk/webhookServer.ts | src/lib/signaldesk/workflowServer.ts","in-progress","SignalDesk-only permanent safety authority keyed by canonical contact identity rather than tenant/store. Provider webhooks, protected founder reply capture and manual wrong-contact recording create or refresh rows in the same transaction as conversation, target, incident/pause and audit effects. Target import and every outbound export/handoff/provider send check all canonical and admitted legacy recipient aliases before contact. No MenuList tenant, customer/public DTO, billing, cache, Redux, SWR or local-storage consumer exists.","No explicit collection match exists in the separate SignalDesk ruleset, so recursive default deny blocks all browser reads and writes. Webhook replacement validates exact SD product, suppression/document ID, identity hash, channel, compatible target and created timestamp before writing. Application writers derive identity only from strict current target detail or target fallback; subsequent outbound checks run inside the owning transaction before provider admission. Safety rows deliberately outlive source-data contact/target scrubbing.","Operational admission uses deterministic point reads for email, phone/WhatsApp plus-sign and digits-only compatibility, Instagram and Messenger; no composite is needed on the hot path. The maintained identityHash/channel composite supports bounded internal inspection but no current application list query exists. Restart 966 reconciled all writer, import and outbound consumer families, canonicalization and retention behavior without a new confirmed defect. Shared workflow/webhook/rule/index/verifier files retain ranged evidence, so this row remains in-progress.",""
"signaldeskTargets","SignalDesk","SIGNALDESK_COLLECTIONS.TARGETS | SIGNALDESK_FUNCTIONS_COLLECTIONS.TARGETS","constant definition | read/query | reference | security-rule | transaction/batch | write","7","functions-signaldesk/src/constants/database.ts | functions-signaldesk/src/schedulers/sourceDataLifecycle.ts | scripts/verification/e2e-signaldesk-local.js | scripts/verification/test-signaldesk-fresh-lineage.js | scripts/verification/verify-signaldesk-security-rules.js | src/constants/signaldesk/database.ts | src/lib/signaldesk/workflowServer.ts","functions-signaldesk/src/schedulers/sourceDataLifecycle.ts:3069 | scripts/verification/e2e-signaldesk-local.js:1521 | scripts/verification/e2e-signaldesk-local.js:1695 | scripts/verification/e2e-signaldesk-local.js:1712 | scripts/verification/e2e-signaldesk-local.js:4456 | scripts/verification/e2e-signaldesk-local.js:9541 | scripts/verification/e2e-signaldesk-local.js:9594 | scripts/verification/e2e-signaldesk-local.js:9609 | scripts/verification/test-signaldesk-fresh-lineage.js:177 | scripts/verification/verify-signaldesk-security-rules.js:40 | scripts/verification/verify-signaldesk-security-rules.js:163 | scripts/verification/verify-signaldesk-security-rules.js:321 | src/lib/signaldesk/workflowServer.ts:15622 | src/lib/signaldesk/workflowServer.ts:15832 | src/lib/signaldesk/workflowServer.ts:16076 | src/lib/signaldesk/workflowServer.ts:16373 | src/lib/signaldesk/workflowServer.ts:16921 | src/lib/signaldesk/workflowServer.ts:19695 | src/lib/signaldesk/workflowServer.ts:20018 | src/lib/signaldesk/workflowServer.ts:20351 | src/lib/signaldesk/workflowServer.ts:20560 | src/lib/signaldesk/workflowServer.ts:20782 | src/lib/signaldesk/workflowServer.ts:21108 | src/lib/signaldesk/workflowServer.ts:21253 | src/lib/signaldesk/workflowServer.ts:21493 | src/constants/signaldesk/database.ts:0 | functions-signaldesk/src/constants/database.ts:0","7b8806db7ea6eb52fbb56bb6af823eb823aefe5fafe3d1bdde2852c2f0634bc0","2","functions-signaldesk/src/schedulers/sourceDataLifecycle.ts | scripts/verification/e2e-signaldesk-local.js | scripts/verification/test-signaldesk-fresh-lineage.js | scripts/verification/verify-signaldesk-security-rules.js | src/lib/signaldesk/workflowServer.ts","inventory-only","","rule path observed","",""
"signaldeskTargetSummaries","SignalDesk","SIGNALDESK_COLLECTIONS.TARGET_SUMMARIES | SIGNALDESK_FUNCTIONS_COLLECTIONS.TARGET_SUMMARIES","cache/derived-state | constant definition | delete | index definition | read/query | reference | security-rule | transaction/batch | write","12","firestore-signaldesk.indexes.json | firestore-signaldesk.rules | functions-signaldesk/src/constants/database.ts | functions-signaldesk/src/schedulers/sourceDataLifecycle.ts | scripts/verification/e2e-signaldesk-local.js | scripts/verification/test-signaldesk-fresh-lineage.js | scripts/verification/test-signaldesk-outcome-route-emulator.js | scripts/verification/test-signaldesk-target-registry-boundary.js | scripts/verification/verify-signaldesk-security-rules.js | src/constants/signaldesk/database.ts | src/lib/signaldesk/webhookServer.ts | src/lib/signaldesk/workflowServer.ts","firestore-signaldesk.indexes.json:4 | firestore-signaldesk.indexes.json:12 | firestore-signaldesk.indexes.json:20 | firestore-signaldesk.indexes.json:516 | firestore-signaldesk.indexes.json:524 | firestore-signaldesk.indexes.json:533 | firestore-signaldesk.indexes.json:542 | firestore-signaldesk.rules:69 | functions-signaldesk/src/schedulers/sourceDataLifecycle.ts:1555 | functions-signaldesk/src/schedulers/sourceDataLifecycle.ts:1876 | functions-signaldesk/src/schedulers/sourceDataLifecycle.ts:1964 | functions-signaldesk/src/schedulers/sourceDataLifecycle.ts:3922 | functions-signaldesk/src/schedulers/sourceDataLifecycle.ts:4583 | scripts/verification/e2e-signaldesk-local.js:683 | scripts/verification/e2e-signaldesk-local.js:1087 | scripts/verification/e2e-signaldesk-local.js:1099 | scripts/verification/e2e-signaldesk-local.js:1177 | scripts/verification/e2e-signaldesk-local.js:1211 | scripts/verification/e2e-signaldesk-local.js:1520 | scripts/verification/e2e-signaldesk-local.js:1653 | scripts/verification/e2e-signaldesk-local.js:1694 | scripts/verification/e2e-signaldesk-local.js:1705 | scripts/verification/e2e-signaldesk-local.js:1710 | scripts/verification/e2e-signaldesk-local.js:1811 | scripts/verification/e2e-signaldesk-local.js:1835 | scripts/verification/e2e-signaldesk-local.js:1836 | scripts/verification/e2e-signaldesk-local.js:1864 | scripts/verification/e2e-signaldesk-local.js:1871 | scripts/verification/e2e-signaldesk-local.js:1900 | scripts/verification/e2e-signaldesk-local.js:2172 | scripts/verification/e2e-signaldesk-local.js:2192 | scripts/verification/e2e-signaldesk-local.js:2234 | scripts/verification/e2e-signaldesk-local.js:2461 | scripts/verification/e2e-signaldesk-local.js:2988 | scripts/verification/e2e-signaldesk-local.js:3019 | scripts/verification/e2e-signaldesk-local.js:4253 | scripts/verification/e2e-signaldesk-local.js:4292 | scripts/verification/e2e-signaldesk-local.js:4333 | scripts/verification/e2e-signaldesk-local.js:5266 | scripts/verification/e2e-signaldesk-local.js:5374 | scripts/verification/e2e-signaldesk-local.js:5413 | scripts/verification/e2e-signaldesk-local.js:5629 | scripts/verification/e2e-signaldesk-local.js:5666 | scripts/verification/e2e-signaldesk-local.js:5736 | scripts/verification/e2e-signaldesk-local.js:5756 | scripts/verification/e2e-signaldesk-local.js:5823 | scripts/verification/e2e-signaldesk-local.js:5838 | scripts/verification/e2e-signaldesk-local.js:6809 | scripts/verification/e2e-signaldesk-local.js:6830 | scripts/verification/e2e-signaldesk-local.js:6859 | scripts/verification/e2e-signaldesk-local.js:6892 | scripts/verification/e2e-signaldesk-local.js:6934 | scripts/verification/e2e-signaldesk-local.js:6970 | scripts/verification/e2e-signaldesk-local.js:7002 | scripts/verification/e2e-signaldesk-local.js:7038 | scripts/verification/e2e-signaldesk-local.js:7049 | scripts/verification/e2e-signaldesk-local.js:7151 | scripts/verification/e2e-signaldesk-local.js:7335 | scripts/verification/e2e-signaldesk-local.js:7347 | scripts/verification/e2e-signaldesk-local.js:8849 | scripts/verification/e2e-signaldesk-local.js:8961 | scripts/verification/e2e-signaldesk-local.js:8977 | scripts/verification/e2e-signaldesk-local.js:8986 | scripts/verification/e2e-signaldesk-local.js:9197 | scripts/verification/e2e-signaldesk-local.js:9406 | scripts/verification/e2e-signaldesk-local.js:9522 | scripts/verification/e2e-signaldesk-local.js:10129 | scripts/verification/test-signaldesk-fresh-lineage.js:176 | scripts/verification/test-signaldesk-outcome-route-emulator.js:104 | scripts/verification/test-signaldesk-outcome-route-emulator.js:139 | scripts/verification/test-signaldesk-outcome-route-emulator.js:267 | scripts/verification/test-signaldesk-outcome-route-emulator.js:367 | scripts/verification/test-signaldesk-outcome-route-emulator.js:374 | scripts/verification/test-signaldesk-outcome-route-emulator.js:431 | scripts/verification/test-signaldesk-outcome-route-emulator.js:481 | scripts/verification/test-signaldesk-target-registry-boundary.js:85 | scripts/verification/test-signaldesk-target-registry-boundary.js:92 | scripts/verification/test-signaldesk-target-registry-boundary.js:94 | scripts/verification/verify-signaldesk-security-rules.js:396 | scripts/verification/verify-signaldesk-security-rules.js:10","4c006447adfad62d1ab27a27980f9ca1eadc2758dcb60bef62d9db150fe6e65f","4","functions-signaldesk/src/schedulers/sourceDataLifecycle.ts | scripts/verification/e2e-signaldesk-local.js | scripts/verification/test-signaldesk-fresh-lineage.js | scripts/verification/test-signaldesk-outcome-route-emulator.js | scripts/verification/test-signaldesk-target-registry-boundary.js | scripts/verification/verify-signaldesk-security-rules.js | src/lib/signaldesk/webhookServer.ts | src/lib/signaldesk/workflowServer.ts","inventory-only","","rule path observed","",""
"signaldeskTeamMembers","SignalDesk","SIGNALDESK_COLLECTIONS.TEAM_MEMBERS","constant definition | read/query | reference | security-rule | write","9","firestore-signaldesk.rules | scripts/verification/e2e-signaldesk-local.js | scripts/verification/test-signaldesk-access-boundary.js | scripts/verification/test-signaldesk-workspace-contracts.ts | scripts/verification/verify-signaldesk-security-rules.js | src/constants/signaldesk/database.ts | src/lib/signaldesk/access.ts | src/lib/signaldesk/workflowServer.ts | src/lib/signaldesk/workspaceContracts.ts","firestore-signaldesk.rules:9 | scripts/verification/e2e-signaldesk-local.js:318 | scripts/verification/e2e-signaldesk-local.js:3731 | scripts/verification/test-signaldesk-access-boundary.js:32 | scripts/verification/test-signaldesk-access-boundary.js:247 | scripts/verification/test-signaldesk-workspace-contracts.ts:556 | scripts/verification/verify-signaldesk-security-rules.js:405 | scripts/verification/verify-signaldesk-security-rules.js:416 | scripts/verification/verify-signaldesk-security-rules.js:87 | scripts/verification/verify-signaldesk-security-rules.js:237 | scripts/verification/verify-signaldesk-security-rules.js:248 | scripts/verification/verify-signaldesk-security-rules.js:259 | scripts/verification/verify-signaldesk-security-rules.js:267 | scripts/verification/verify-signaldesk-security-rules.js:274 | scripts/verification/verify-signaldesk-security-rules.js:282 | scripts/verification/verify-signaldesk-security-rules.js:290 | scripts/verification/verify-signaldesk-security-rules.js:298 | scripts/verification/verify-signaldesk-security-rules.js:402 | scripts/verification/verify-signaldesk-security-rules.js:403 | scripts/verification/verify-signaldesk-security-rules.js:404 | src/lib/signaldesk/access.ts:178 | src/lib/signaldesk/access.ts:182 | src/lib/signaldesk/access.ts:189 | src/lib/signaldesk/workflowServer.ts:7733 | src/lib/signaldesk/workflowServer.ts:9717 | src/lib/signaldesk/workflowServer.ts:9748 | src/lib/signaldesk/workflowServer.ts:9785 | src/lib/signaldesk/workspaceContracts.ts:108 | src/lib/signaldesk/workspaceContracts.ts:1695 | src/constants/signaldesk/database.ts:0","4f298c2d90c58ca4182d3f3717f31c28b5290b83b3a199bf49281ac672548b55","2","scripts/verification/e2e-signaldesk-local.js | scripts/verification/test-signaldesk-access-boundary.js | scripts/verification/test-signaldesk-workspace-contracts.ts | scripts/verification/verify-signaldesk-security-rules.js | src/lib/signaldesk/access.ts | src/lib/signaldesk/workflowServer.ts | src/lib/signaldesk/workspaceContracts.ts","in-progress","SignalDesk-only internal human access authority. Founder-admin protected mutations converge explicit member ID, authenticated user ID and normalized login email in one transaction, reject ambiguous/missing identities, preserve validated permissions and creation evidence, and prevent self-deactivation. Session access resolves exactly one bound active human membership; Settings workspace is the management consumer. No MenuList tenant/customer, Answerlattice, CampaignCue, Canonica, billing, public output, cache, Redux, SWR or local-storage path consumes this collection.","The separate SignalDesk ruleset denies all browser writes. Platform-admin browser reads require persisted pId=SD; ordinary members cannot read membership documents directly. The rules access helper requires an exact auth-UID document whose pId, teamMemberId, userId, active/status and human role all match. Server access independently resolves direct UID, userId and email candidates, requires exactly one document and repeats product/document/session/role/status/permission validation. Founder mutation rejects system-worker assignment and self-deactivation even when the submitted email changes.","Mutation uses deterministic point reads plus bounded userId/email identity queries inside one transaction; maintained single-field indexes support those equality queries. Exact replay now requires the complete projected authority and exact canonical stored key set, repeating no member/audit/cost write; changed or stale rows are exact-replaced. The dedicated access emulator covers malformed product/identity/role/status, duplicate bindings, system-worker denial, self-deactivation, concurrent changed identities, missing explicit updates, exact replay and stale-field removal. Shared workflow/access/rule/verifier sources retain ranged evidence, so the collection remains in-progress.","AUDIT-SD-TEAM-MEMBER-REPLAY-SHAPE-001"
"signaldeskTemplateSummaries","SignalDesk","SIGNALDESK_COLLECTIONS.TEMPLATE_SUMMARIES","constant definition | delete | read/query | reference | security-rule | write","6","firestore-signaldesk.rules | scripts/verification/e2e-signaldesk-local.js | scripts/verification/test-signaldesk-workspace-contracts.ts | src/constants/signaldesk/database.ts | src/lib/signaldesk/workflowServer.ts | src/lib/signaldesk/workspaceContracts.ts","firestore-signaldesk.rules:94 | scripts/verification/e2e-signaldesk-local.js:409 | scripts/verification/e2e-signaldesk-local.js:1128 | scripts/verification/e2e-signaldesk-local.js:1195 | scripts/verification/e2e-signaldesk-local.js:5388 | scripts/verification/e2e-signaldesk-local.js:5400 | scripts/verification/test-signaldesk-workspace-contracts.ts:571 | src/lib/signaldesk/workflowServer.ts:7578 | src/lib/signaldesk/workflowServer.ts:7603 | src/lib/signaldesk/workflowServer.ts:7628 | src/lib/signaldesk/workflowServer.ts:8274 | src/lib/signaldesk/workflowServer.ts:10902 | src/lib/signaldesk/workflowServer.ts:11056 | src/lib/signaldesk/workflowServer.ts:19683 | src/lib/signaldesk/workflowServer.ts:19729 | src/lib/signaldesk/workflowServer.ts:20032 | src/lib/signaldesk/workflowServer.ts:20063 | src/lib/signaldesk/workspaceContracts.ts:109 | src/lib/signaldesk/workspaceContracts.ts:1696 | src/constants/signaldesk/database.ts:0","c7c9f33c755f2055a9f5a9c7842fd0631faefe74df6ccf4366e8df87bbb15eed","2","scripts/verification/e2e-signaldesk-local.js | scripts/verification/test-signaldesk-workspace-contracts.ts | src/lib/signaldesk/workflowServer.ts | src/lib/signaldesk/workspaceContracts.ts","in-progress","SignalDesk-only internal outbound-template authority. The sole runtime producer is protected default seeding of one canonical current-list email template; test suites create isolated templates only for contract/adversarial cases. Dashboard/Templates/Policies workspaces list the strict public projection. Draft creation transactionally re-reads an active current template, validates approved variables and content claims, binds its fingerprint to the draft, and approval revalidates the same fingerprint before advancement. No MenuList tenant/customer, Answerlattice, CampaignCue template, billing, public output, cache, Redux, SWR or local-storage path consumes this collection.","The separate SignalDesk ruleset permits browser reads only to authenticated platform identity for persisted pId=SD resources and denies every browser write. Seed validation requires exact product/document identity, bounded content, outbound channel, status, approved variables and creation/update metadata. Draft/approval consumers use the strict product/document/schema projector and require active email authority; invalid variables, unsupported claims, stale fingerprint or deactivation fail closed.","The runtime writer uses one deterministic point document in the default-seed transaction; workspace consumers use bounded updatedAt lists and need only the automatic single-field index. Existing valid template content is preserved, but restart 981 compares raw keys with the canonical seed key set and exact-replaces stale shape. Focused seed E2E covers missing-row concurrency, stale-field removal, one repair settlement and clean concurrent replay; draft-control E2E covers non-email templates, invalid variables, exact fingerprint binding and approval after deactivation. Shared workflow/E2E/rule sources retain ranged evidence, so the collection remains in-progress.","AUDIT-SD-TEMPLATE-SEED-STALE-FIELDS-001"
"signaldeskTrustPartnerBriefs","SignalDesk","SIGNALDESK_COLLECTIONS.TRUST_PARTNER_BRIEFS","constant definition | read/query | reference | security-rule | transaction/batch | write","4","firestore-signaldesk.rules | scripts/verification/e2e-signaldesk-local.js | src/constants/signaldesk/database.ts | src/lib/signaldesk/workflowServer.ts","firestore-signaldesk.rules:323 | scripts/verification/e2e-signaldesk-local.js:10011 | scripts/verification/e2e-signaldesk-local.js:10030 | scripts/verification/e2e-signaldesk-local.js:10037 | src/lib/signaldesk/workflowServer.ts:1539 | src/lib/signaldesk/workflowServer.ts:1595 | src/lib/signaldesk/workflowServer.ts:3445 | src/lib/signaldesk/workflowServer.ts:3473 | src/lib/signaldesk/workflowServer.ts:13358 | src/lib/signaldesk/workflowServer.ts:13395 | src/constants/signaldesk/database.ts:0","d372bdfdaab15b52e5e38e7dd2eb6adeccd186bb07df05ae2226d46079752ad4","2","scripts/verification/e2e-signaldesk-local.js | src/lib/signaldesk/workflowServer.ts","in-progress","SignalDesk-only internal trust-partner briefing artifact. The protected closed-schema action requires draft.create plus configure admission and derives the authenticated SignalDesk actor. The Admin transaction requires the trust-partner rail to be enabled, current approved/active partner identity, optional approved same-partner deal authority and one active current CTA. It canonicalizes, deduplicates and sorts bounded approved/banned claim lists, rejects overlap, binds a required disclosure and bounded one-page brief, then creates one deterministic SD-bound artifact with current CTA fingerprint plus audit/timeline/cost evidence. The row is an internal review-ready artifact only; no MenuList, Answerlattice, CampaignCue, Canonica, billing, public output, cache, Redux, SWR or local-storage consumer exists.","The separate SignalDesk ruleset permits reads only to authenticated platform identity when persisted pId is SD and denies all browser writes. Workspace reads use the strict projector and log/drop malformed same-product rows. CTA authority changes paginate every brief by exact ctaId and transactionally block valid dependencies while a malformed same-product dependency aborts reconciliation; restoring CTA authority never silently reactivates a blocked brief. Partner/deal approval and CTA activity are re-read inside the create transaction.","Creation uses a deterministic SHA-256 identity over canonical claims, CTA ID, partner/deal identity, disclosure and brief content. Existing rows replay only when every persisted authority/content field, including current CTA fingerprint, still matches; conflicts fail without mutation. Dependency reconciliation queries ctaId with document-ID ordering in bounded 200-row pages; the current SignalDesk index configuration needs no composite index for that equality-plus-key traversal. Focused real Firestore coverage proves reordered-claim replay, single audit/cost effect, contradictory-claim denial, wrong-product/malformed filtering, malformed-dependency fail-closed behavior, CTA downgrade blocking and no automatic reactivation. The large workflow/E2E sources retain ranged evidence, so the collection is not yet marked reviewed.",""
"signaldeskTrustPartnerDeals","SignalDesk","SIGNALDESK_COLLECTIONS.TRUST_PARTNER_DEALS","constant definition | index definition | read/query | reference | security-rule | transaction/batch","7","firestore-signaldesk.indexes.json | firestore-signaldesk.rules | scripts/verification/e2e-signaldesk-local.js | scripts/verification/test-signaldesk-workspace-contracts.ts | src/constants/signaldesk/database.ts | src/lib/signaldesk/workflowServer.ts | src/lib/signaldesk/workspaceContracts.ts","firestore-signaldesk.indexes.json:287 | firestore-signaldesk.rules:318 | scripts/verification/e2e-signaldesk-local.js:4836 | scripts/verification/test-signaldesk-workspace-contracts.ts:581 | src/lib/signaldesk/workflowServer.ts:7720 | src/lib/signaldesk/workflowServer.ts:13158 | src/lib/signaldesk/workflowServer.ts:13224 | src/lib/signaldesk/workflowServer.ts:13357 | src/lib/signaldesk/workflowServer.ts:13468 | src/lib/signaldesk/workspaceContracts.ts:110 | src/lib/signaldesk/workspaceContracts.ts:1697 | src/constants/signaldesk/database.ts:0","d823af6f1e01fa17303e4c0a57df8b5efb92b872a04d09be9a68197e2e7f77d7","3","scripts/verification/e2e-signaldesk-local.js | scripts/verification/test-signaldesk-workspace-contracts.ts | src/lib/signaldesk/workflowServer.ts | src/lib/signaldesk/workspaceContracts.ts","inventory-only","","rule path observed","",""
"signaldeskTrustPartnerDeliverables","SignalDesk","SIGNALDESK_COLLECTIONS.TRUST_PARTNER_DELIVERABLES","constant definition | index definition | read/query | reference | security-rule | transaction/batch","7","firestore-signaldesk.indexes.json | firestore-signaldesk.rules | scripts/verification/e2e-signaldesk-local.js | scripts/verification/test-signaldesk-workspace-contracts.ts | src/constants/signaldesk/database.ts | src/lib/signaldesk/workflowServer.ts | src/lib/signaldesk/workspaceContracts.ts","firestore-signaldesk.indexes.json:295 | firestore-signaldesk.rules:328 | scripts/verification/e2e-signaldesk-local.js:2304 | scripts/verification/test-signaldesk-workspace-contracts.ts:595 | src/lib/signaldesk/workflowServer.ts:7721 | src/lib/signaldesk/workflowServer.ts:13465 | src/lib/signaldesk/workflowServer.ts:13565 | src/lib/signaldesk/workspaceContracts.ts:111 | src/lib/signaldesk/workspaceContracts.ts:1698 | src/constants/signaldesk/database.ts:0","146fd047f1022bc6aece14de44e70ad0878f1a18d56f71d833deb908131bb8bc","3","scripts/verification/e2e-signaldesk-local.js | scripts/verification/test-signaldesk-workspace-contracts.ts | src/lib/signaldesk/workflowServer.ts | src/lib/signaldesk/workspaceContracts.ts","inventory-only","","rule path observed","",""
"signaldeskTrustPartnerMetrics","SignalDesk","SIGNALDESK_COLLECTIONS.TRUST_PARTNER_METRICS","constant definition | delete | index definition | read/query | reference | security-rule | transaction/batch | write","8","firestore-signaldesk.indexes.json | firestore-signaldesk.rules | scripts/verification/e2e-signaldesk-local.js | scripts/verification/test-signaldesk-workspace-contracts.ts | scripts/verification/verify-signaldesk-runtime.js | src/constants/signaldesk/database.ts | src/lib/signaldesk/workflowServer.ts | src/lib/signaldesk/workspaceContracts.ts","firestore-signaldesk.indexes.json:303 | firestore-signaldesk.rules:333 | scripts/verification/e2e-signaldesk-local.js:2344 | scripts/verification/e2e-signaldesk-local.js:2364 | scripts/verification/test-signaldesk-workspace-contracts.ts:606 | scripts/verification/verify-signaldesk-runtime.js:2587 | src/lib/signaldesk/workflowServer.ts:7722 | src/lib/signaldesk/workflowServer.ts:13555 | src/lib/signaldesk/workflowServer.ts:13680 | src/lib/signaldesk/workspaceContracts.ts:112 | src/lib/signaldesk/workspaceContracts.ts:1699 | src/constants/signaldesk/database.ts:0","573bd9de2f4b93308859a9c382c8ecc3b2c46824fafc3c4d2f656b017764cc1f","3","scripts/verification/e2e-signaldesk-local.js | scripts/verification/test-signaldesk-workspace-contracts.ts | scripts/verification/verify-signaldesk-runtime.js | src/lib/signaldesk/workflowServer.ts | src/lib/signaldesk/workspaceContracts.ts","inventory-only","","rule path observed","",""
"signaldeskTrustPartnerNicheTests","SignalDesk","SIGNALDESK_COLLECTIONS.TRUST_PARTNER_NICHE_TESTS","constant definition | index definition | read/query | reference | security-rule","6","firestore-signaldesk.indexes.json | firestore-signaldesk.rules | scripts/verification/test-signaldesk-workspace-contracts.ts | src/constants/signaldesk/database.ts | src/lib/signaldesk/workflowServer.ts | src/lib/signaldesk/workspaceContracts.ts","firestore-signaldesk.indexes.json:278 | firestore-signaldesk.rules:313 | scripts/verification/test-signaldesk-workspace-contracts.ts:618 | src/lib/signaldesk/workflowServer.ts:7723 | src/lib/signaldesk/workflowServer.ts:13031 | src/lib/signaldesk/workflowServer.ts:13161 | src/lib/signaldesk/workflowServer.ts:13200 | src/lib/signaldesk/workflowServer.ts:13678 | src/lib/signaldesk/workspaceContracts.ts:113 | src/lib/signaldesk/workspaceContracts.ts:1700 | src/constants/signaldesk/database.ts:0","dfebf4f22d9fc1fa26cb8d2c28aac5a656a9d0bea63870591589653807439bae","3","scripts/verification/test-signaldesk-workspace-contracts.ts | src/lib/signaldesk/workflowServer.ts | src/lib/signaldesk/workspaceContracts.ts","inventory-only","","rule path observed","",""
"signaldeskTrustPartnerProfiles","SignalDesk","SIGNALDESK_COLLECTIONS.TRUST_PARTNER_PROFILES","constant definition | index definition | read/query | reference | security-rule | transaction/batch","8","firestore-signaldesk.indexes.json | firestore-signaldesk.rules | scripts/verification/e2e-signaldesk-local.js | scripts/verification/test-signaldesk-workspace-contracts.ts | scripts/verification/verify-signaldesk-security-rules.js | src/constants/signaldesk/database.ts | src/lib/signaldesk/workflowServer.ts | src/lib/signaldesk/workspaceContracts.ts","firestore-signaldesk.indexes.json:262 | firestore-signaldesk.indexes.json:270 | firestore-signaldesk.rules:308 | scripts/verification/e2e-signaldesk-local.js:2286 | scripts/verification/test-signaldesk-workspace-contracts.ts:629 | scripts/verification/verify-signaldesk-security-rules.js:10 | src/lib/signaldesk/workflowServer.ts:7529 | src/lib/signaldesk/workflowServer.ts:7724 | src/lib/signaldesk/workflowServer.ts:11630 | src/lib/signaldesk/workflowServer.ts:12945 | src/lib/signaldesk/workflowServer.ts:13041 | src/lib/signaldesk/workflowServer.ts:13159 | src/lib/signaldesk/workflowServer.ts:13186 | src/lib/signaldesk/workflowServer.ts:13356 | src/lib/signaldesk/workflowServer.ts:13467 | src/lib/signaldesk/workflowServer.ts:13564 | src/lib/signaldesk/workflowServer.ts:13675 | src/lib/signaldesk/workspaceContracts.ts:114 | src/lib/signaldesk/workspaceContracts.ts:1701 | src/constants/signaldesk/database.ts:0","676574172c782cb5f4064d5699915767ec2aca0b8f3b1b7408cb7062feab0410","3","scripts/verification/e2e-signaldesk-local.js | scripts/verification/test-signaldesk-workspace-contracts.ts | scripts/verification/verify-signaldesk-security-rules.js | src/lib/signaldesk/workflowServer.ts | src/lib/signaldesk/workspaceContracts.ts","inventory-only","","rule path observed","",""
"signaldeskTrustPartnerRenewalDecisions","SignalDesk","SIGNALDESK_COLLECTIONS.TRUST_PARTNER_RENEWAL_DECISIONS","constant definition | index definition | reference | security-rule","6","firestore-signaldesk.indexes.json | firestore-signaldesk.rules | scripts/verification/test-signaldesk-workspace-contracts.ts | src/constants/signaldesk/database.ts | src/lib/signaldesk/workflowServer.ts | src/lib/signaldesk/workspaceContracts.ts","firestore-signaldesk.indexes.json:311 | firestore-signaldesk.rules:338 | scripts/verification/test-signaldesk-workspace-contracts.ts:645 | src/lib/signaldesk/workflowServer.ts:7725 | src/lib/signaldesk/workflowServer.ts:13676 | src/lib/signaldesk/workspaceContracts.ts:115 | src/lib/signaldesk/workspaceContracts.ts:1702 | src/constants/signaldesk/database.ts:0","0e73ba38e085d62abed57643554f08ab665f5deef0b6b63a342a46f418cfda8b","3","scripts/verification/test-signaldesk-workspace-contracts.ts | src/lib/signaldesk/workflowServer.ts | src/lib/signaldesk/workspaceContracts.ts","inventory-only","","rule path observed","",""
"signaldeskVendorRuns","SignalDesk","SIGNALDESK_COLLECTIONS.VENDOR_RUNS | SIGNALDESK_FUNCTIONS_COLLECTIONS.VENDOR_RUNS","constant definition | index definition | read/query | reference | security-rule | transaction/batch | write","10","firestore-signaldesk.indexes.json | firestore-signaldesk.rules | functions-signaldesk/src/constants/database.ts | functions-signaldesk/src/schedulers/sourceDataLifecycle.ts | scripts/verification/e2e-signaldesk-local.js | scripts/verification/test-signaldesk-workspace-contracts.ts | scripts/verification/verify-signaldesk-runtime.js | src/constants/signaldesk/database.ts | src/lib/signaldesk/workflowServer.ts | src/lib/signaldesk/workspaceContracts.ts","firestore-signaldesk.indexes.json:604 | firestore-signaldesk.rules:158 | functions-signaldesk/src/schedulers/sourceDataLifecycle.ts:275 | scripts/verification/e2e-signaldesk-local.js:1934 | scripts/verification/e2e-signaldesk-local.js:4672 | scripts/verification/e2e-signaldesk-local.js:4673 | scripts/verification/e2e-signaldesk-local.js:4674 | scripts/verification/test-signaldesk-workspace-contracts.ts:655 | scripts/verification/verify-signaldesk-runtime.js:2011 | src/lib/signaldesk/workflowServer.ts:7641 | src/lib/signaldesk/workflowServer.ts:12749 | src/lib/signaldesk/workflowServer.ts:12802 | src/lib/signaldesk/workflowServer.ts:15617 | src/lib/signaldesk/workflowServer.ts:17005 | src/lib/signaldesk/workspaceContracts.ts:116 | src/lib/signaldesk/workspaceContracts.ts:1703 | src/constants/signaldesk/database.ts:0 | functions-signaldesk/src/constants/database.ts:0","db83f64466eb83e00fbbc60861351ce917f8a9bf61bd4c36cd5965150ebab0db","4","functions-signaldesk/src/schedulers/sourceDataLifecycle.ts | scripts/verification/e2e-signaldesk-local.js | scripts/verification/test-signaldesk-workspace-contracts.ts | scripts/verification/verify-signaldesk-runtime.js | src/lib/signaldesk/workflowServer.ts | src/lib/signaldesk/workspaceContracts.ts","inventory-only","","rule path observed","",""
"signaldeskWebhookEvents","SignalDesk","SIGNALDESK_COLLECTIONS.WEBHOOK_EVENTS | SIGNALDESK_FUNCTIONS_COLLECTIONS.WEBHOOK_EVENTS","constant definition | reference | security-rule","8","firestore-signaldesk.rules | functions-signaldesk/src/constants/database.ts | scripts/verification/e2e-signaldesk-local.js | scripts/verification/test-signaldesk-workspace-contracts.ts | src/constants/signaldesk/database.ts | src/lib/signaldesk/webhookServer.ts | src/lib/signaldesk/workflowServer.ts | src/lib/signaldesk/workspaceContracts.ts","firestore-signaldesk.rules:129 | scripts/verification/e2e-signaldesk-local.js:7219 | scripts/verification/e2e-signaldesk-local.js:7231 | scripts/verification/test-signaldesk-workspace-contracts.ts:668 | scripts/verification/test-signaldesk-workspace-contracts.ts:960 | scripts/verification/test-signaldesk-workspace-contracts.ts:961 | scripts/verification/test-signaldesk-workspace-contracts.ts:967 | scripts/verification/test-signaldesk-workspace-contracts.ts:969 | scripts/verification/test-signaldesk-workspace-contracts.ts:973 | src/lib/signaldesk/webhookServer.ts:597 | src/lib/signaldesk/workflowServer.ts:7664 | src/lib/signaldesk/workspaceContracts.ts:117 | src/lib/signaldesk/workspaceContracts.ts:1704 | src/constants/signaldesk/database.ts:0 | functions-signaldesk/src/constants/database.ts:0","08f0895e7f53ae63bccda8ec8190f19f78b7a709c5f7a425e0cf4d93add33458","3","scripts/verification/e2e-signaldesk-local.js | scripts/verification/test-signaldesk-workspace-contracts.ts | src/lib/signaldesk/webhookServer.ts | src/lib/signaldesk/workflowServer.ts | src/lib/signaldesk/workspaceContracts.ts","in-progress","SignalDesk-only immutable provider ingress/idempotency ledger. Authenticated bounded email, WhatsApp, Instagram, Messenger and Apify payloads normalize into deterministic provider/external-event IDs and semantic fingerprints. First processing atomically couples event state to contact/target authority, conversation/message/classification, queue, suppression, incident/pause, channel/control, cost and optional revenue-sync evidence. Exact duplicate delivery returns the stored result; changed facts conflict. No MenuList tenant, customer/public output, billing, cache, Redux, SWR or local-storage consumer exists.","The separate SignalDesk ruleset permits reads only to authenticated platform identity when pId is SD and denies every browser write. Strict event parsing requires exact product/document/provider identity, bounded status/direction/type/hash/target fields and coherent timestamps. Server signature/challenge/rate-limit validation happens before parsing or database work, and transaction-current contact/target/conversation authority is verified before any downstream write.","Ingress and duplicate replay use deterministic point documents and need no composite index. Optional interested-revenue settlement re-reads the exact event and daily-cost point row, advances only pending to updated, and is safe to retry. No unbounded event query exists in the current application workspace. Restart 967 reconciled normalization, fingerprint conflict, transactional effects, revenue follow-up, rules and current tests without a new confirmed defect. Shared webhook/rule/verifier files retain ranged evidence, so this row remains in-progress.","MLSD-WH-007 | MLSD-WH-013"
"sourceInputs","CampaignCue","CAMPAIGNCUE_COLLECTIONS.SOURCE_INPUTS","constant definition | read/query | reference | security-rule | write","5","firestore-campaigncue.rules | scripts/verification/test-campaigncue-rules.ts | scripts/verification/verify-campaigncue-runtime.js | src/constants/campaigncue/database.ts | src/lib/campaigncue/server.ts","firestore-campaigncue.rules:31 | scripts/verification/test-campaigncue-rules.ts:113 | scripts/verification/test-campaigncue-rules.ts:117 | scripts/verification/test-campaigncue-rules.ts:121 | scripts/verification/test-campaigncue-rules.ts:125 | scripts/verification/test-campaigncue-rules.ts:185 | scripts/verification/test-campaigncue-rules.ts:188 | scripts/verification/test-campaigncue-rules.ts:190 | scripts/verification/test-campaigncue-rules.ts:192 | scripts/verification/test-campaigncue-rules.ts:196 | scripts/verification/test-campaigncue-rules.ts:199 | scripts/verification/test-campaigncue-rules.ts:203 | scripts/verification/verify-campaigncue-runtime.js:1387 | scripts/verification/verify-campaigncue-runtime.js:364 | src/lib/campaigncue/server.ts:1667 | src/lib/campaigncue/server.ts:1728 | src/lib/campaigncue/server.ts:1818 | src/lib/campaigncue/server.ts:3122 | src/lib/campaigncue/server.ts:3945 | src/lib/campaigncue/server.ts:3958 | src/constants/campaigncue/database.ts:0","e518ca1cfd1c726011d3f247af3f61d1b13dc456227cb65d28cc65587c87ce25","4","scripts/verification/verify-campaigncue-runtime.js","in-progress","Dedicated CampaignCue workspace-nested bounded source record. Overview, Pattern Cue and decision authority strictly admit exact workspace source shape. Creation validates the closed source schema, then transactionally rereads current Business Brain/source snapshot/workspace/claim, creates the source, recomputes coherent facts/snapshot and commits event plus retry completion.","Current active exact-CC workspace members may read. Every browser mutation is denied; server creation uses Admin authority only after exact signed store/workspace admission and transaction-current membership/claim verification.","Bounded newest-first reads use the default createdAt single-field index and Pattern Cue filtering remains inside the admitted bounded page; exact creates and snapshot coupling require no composite index or TTL policy.","AUDIT-CAMPAIGNCUE-FIREBASE-RULES-001 | AUDIT-CC-PERSISTED-RECORD-BOUNDARY-001 | AUDIT-CC-WORKSPACE-MUTATION-AUTHORITY-IDEMPOTENCY-001"
"sourceSnapshots","CampaignCue","CAMPAIGNCUE_COLLECTIONS.SOURCE_SNAPSHOTS","constant definition | read/query | reference | security-rule | transaction/batch","3","firestore-campaigncue.rules | src/constants/campaigncue/database.ts | src/lib/campaigncue/server.ts","firestore-campaigncue.rules:26 | src/lib/campaigncue/server.ts:1112 | src/lib/campaigncue/server.ts:1615 | src/lib/campaigncue/server.ts:3541 | src/lib/campaigncue/server.ts:3956 | src/lib/campaigncue/server.ts:4177 | src/constants/campaigncue/database.ts:0","274192623ded21d90b2e5e3e2d8cf02b3413c4f873ed6a88037c5af5e59624d0","3","","reviewed","Dedicated CampaignCue workspace-nested coherent source-fact snapshot keyed by the deterministic default ID. Bootstrap and every admitted business/source mutation rebuild normalized facts and hashes from transaction-current Business Brain and prior snapshot truth, while trust-gated actions transactionally reread current snapshot truth before permitting use","Direct browser reads require current active exact-CC workspace membership; every client write is denied. Server writes use the dedicated Admin SDK after exact current store/workspace admission and commit with their originating mutation","Only deterministic exact-document access is active; no composite index, pagination or TTL policy is required","AUDIT-CC-005 | AUDIT-CAMPAIGNCUE-FIREBASE-RULES-001 | AUDIT-CC-OUTPUT-INTENT-FACT-GATE-001 | AUDIT-CC-CAMPAIGN-AUTHORITY-TOCTOU-001 | AUDIT-CC-PERSISTED-RECORD-BOUNDARY-001 | AUDIT-CC-WORKSPACE-MUTATION-AUTHORITY-IDEMPOTENCY-001"
"staffStoreAccessState","MenuList/shared","DB_COLLECTIONS.STAFF_STORE_ACCESS_STATE","constant definition | read/query | reference | transaction/batch","3","scripts/verification/test-staff-concurrency-emulator.ts | src/constants/database.ts | src/lib/staffManagement/concurrencyBoundary.ts","scripts/verification/test-staff-concurrency-emulator.ts:132 | scripts/verification/test-staff-concurrency-emulator.ts:179 | scripts/verification/test-staff-concurrency-emulator.ts:392 | src/lib/staffManagement/concurrencyBoundary.ts:223 | src/lib/staffManagement/concurrencyBoundary.ts:273 | src/lib/staffManagement/concurrencyBoundary.ts:358 | src/lib/staffManagement/concurrencyBoundary.ts:440 | src/lib/staffManagement/concurrencyBoundary.ts:593 | src/constants/database.ts:0","3c12d30f4556ca560afc13127c7c577ac6dcb0906b317787e131e21e8df73380","2","src/constants/database.ts","in-progress","MenuList tenant/store-private Admin concurrency projection at staffStoreAccessState/{tenantId}_{storeId}. The deterministic document carries exact numeric tenant/store identity, a nonnegative safe-integer revision, an Admin Firestore update timestamp and at most 500 unique active compatible {userId, role} assignments. Staff, role and platform block mutations read this same transaction-current truth before last-owner, role-in-use or assignment effects.","No explicit browser match exists, so root default deny blocks every client read and write. Authenticated API routes establish user, tenant, target-store and permission authority before Admin transactions; every state read independently requires the exact expected scope and complete closed persisted shape. The collection has no public DTO, cache, Redux, SWR or local-storage consumer.","State access uses one deterministic exact document and requires no collection index. First legacy initialization performs numeric and string tenantId equality queries, each with a 501-row overflow probe, then filters authoritative exact stores[] mappings and admits at most 500 unique assignments. Default single-field tenantId indexes suffice; no composite index, TTL or public cache invalidation applies.","AUDIT-STAFF-003 | AUDIT-STAFF-004 | AUDIT-STAFF-005 | AUDIT-STAFF-006 | AUDIT-STAFF-ACCESS-STATE-LEGACY-BOOTSTRAP-001 | AUDIT-STAFF-ACCESS-STATE-PERSISTED-BOUNDARY-001 | AUDIT-STAFF-ACCESS-STATE-UNBOUNDED-BOOTSTRAP-001"
"storeAssetTemplates","MenuList/shared","DB_COLLECTIONS.STORE_ASSET_TEMPLATES","constant definition | reference | security-rule","3","firestore.rules | src/constants/database.ts | src/lib/creative-editor/templateRegistryDal.ts","firestore.rules:105 | src/lib/creative-editor/templateRegistryDal.ts:45 | src/constants/database.ts:0","eb2495bab9457a70ca127ce9737d516bbfe91177e78d5982da745a24d81e985b","1","firestore.rules | src/constants/database.ts","in-progress","MenuList tenant/store-owned creative-template metadata at storeAssetTemplates/{tId}/{sId}/default. Explicit owner saves transactionally upsert at most 100 product/source/asset-scoped summaries; full editor documents and previews live in versioned tenant/store/template Storage paths. Exact selected-store scope, not user identity, owns the shared outlet index.","Reads and create/update require authenticated membership in both the exact tenant and store path; the default document outer shape and identities are validated and direct document deletion is denied. Matching Storage rules require the same tenant/store membership. The DAL rejects conflicting/malformed scope, applies runtime editor-document validation and proves exact tenant/store/template path ownership before reading bytes.","List/open/save/delete use one exact default document; transactions prevent concurrent lost updates and cap the array at 100. No collection query or composite index applies. Versioned Storage objects are cleaned only after metadata commit and retained on ambiguous acknowledgement.","AUDIT-CREATIVE-EDITOR-TEMPLATE-REGISTRY-CONCURRENCY-001 | AUDIT-TEMPLATE-REGISTRY-PERSISTED-SCOPE-001"
"stores","Answerlattice | CampaignCue | MenuList/shared","ANSWERLATTICE_FUNCTIONS_DB_COLLECTIONS.STORES | DB_COLLECTIONS.STORES | FUNCTIONS_DB_COLLECTIONS.STORES","cache/derived-state | constant definition | delete | index definition | read/query | reference | security-rule | transaction/batch | write","174","firestore-answerlattice.rules | firestore.indexes.json | firestore.rules | functions-answerlattice/src/answerlattice/aiCapacityReservationRecovery.ts | functions-answerlattice/src/answerlattice/chatIntelligence.ts | functions-answerlattice/src/answerlattice/contextBundleBuilder.ts | functions-answerlattice/src/constants/database.ts | functions-answerlattice/src/index.ts | functions/src/analytics/feedbackIntelligence.ts | functions/src/analytics/healthSignalsComputation.ts | functions/src/analytics/weeklyNarrative.ts | functions/src/billing/reconcileSubscriptions.ts | functions/src/constants/database.ts | functions/src/decisionBlocksScoring.ts | functions/src/logic/businessAttributeDefaults.ts | functions/src/logic/processMenuImagesJob.ts | functions/src/messaging/messagingEngine.ts | functions/src/monitoring/publishVerification.ts | functions/src/ownerNotifications/processor.ts | functions/src/schedulers/specialMenuLifecycle.ts | functions/src/triggers/operations.ts | scripts/backfill-digital-screen-private-controls.ts | scripts/backfill-outlet-slugs.ts | scripts/backfill-public-routing-project-summaries.ts | scripts/backfill-store-tenant-block-state.ts | scripts/verification/answerlattice-rule-test-fixtures.ts | scripts/verification/test-answerlattice-chat-analytics-rules.ts | scripts/verification/test-answerlattice-chat-analytics-scheduler.ts | scripts/verification/test-answerlattice-knowledge-intake-emulator.ts | scripts/verification/test-answerlattice-onboarding-provisioning-emulator.ts | scripts/verification/test-answerlattice-public-api-key-emulator.ts | scripts/verification/test-answerlattice-public-api-rules.ts | scripts/verification/test-answerlattice-staff-concurrency-emulator.ts | scripts/verification/test-answerlattice-storage-rules.ts | scripts/verification/test-answerlattice-support-search-accounting-emulator.ts | scripts/verification/test-answerlattice-widget-key-emulator.ts | scripts/verification/test-answerlattice-workspace-lifecycle-emulator.ts | scripts/verification/test-answerlattice-workspace-lifecycle-rules.ts | scripts/verification/test-answerlattice-workspace-profile-emulator.ts | scripts/verification/test-claim-account-concurrency-emulator.ts | scripts/verification/test-custom-domain-claim.ts | scripts/verification/test-force-republish-lease.ts | scripts/verification/test-growthos-transactions-emulator.ts | scripts/verification/test-maintenance-task-lease.ts | scripts/verification/test-menu-change-log-rules.ts | scripts/verification/test-owner-referral-emulator.ts | scripts/verification/test-pos-sync-secret-rules.ts | scripts/verification/test-product-subscription-scope-emulator.ts | scripts/verification/test-publish-verification-scope.ts | scripts/verification/test-special-menu-lifecycle-emulator.ts | scripts/verification/test-special-menu-lifecycle-rules.ts | scripts/verification/test-staff-concurrency-emulator.ts | scripts/verification/test-stores-summary-rules.ts | scripts/verification/test-tenant-store-scoped-rules.ts | scripts/verification/verify-answerlattice-runtime-truth.js | scripts/verification/verify-auth-security-failure-matrix.js | scripts/verification/verify-billing-entitlement-boundary.js | scripts/verification/verify-campaigncue-runtime.js | scripts/verification/verify-custom-domain-boundary.js | scripts/verification/verify-customer-app-pwa.js | scripts/verification/verify-guest-feedback-boundary.js | scripts/verification/verify-menu-extraction-pipeline.js | scripts/verification/verify-menulist-api-tenant-safety.js | scripts/verification/verify-multi-location-boundary.js | scripts/verification/verify-owner-notifications-boundary.js | scripts/verification/verify-ownership-dormant-lifecycle.js | scripts/verification/verify-platform-founder-monitor-boundary.js | scripts/verification/verify-platform-pull-api-boundary.js | scripts/verification/verify-pos-sync-boundary.js | scripts/verification/verify-public-business-truth.js | scripts/verification/verify-public-routing-summary-backfill.mjs | scripts/verification/verify-temporary-status-boundary.js | src/app/api/admin/subdomains/rename/route.ts | src/app/api/ai-menu-manager/command/route.ts | src/app/api/analytics/weekly-narrative/generate-local/route.ts | src/app/api/answerlattice/activation/summary/route.ts | src/app/api/answerlattice/hosted-help-settings/route.ts | src/app/api/answerlattice/notifications/test/route.ts | src/app/api/answerlattice/onboard/route.ts | src/app/api/answerlattice/operations/status/route.ts | src/app/api/answerlattice/widget-agent-kit/route.ts | src/app/api/answerlattice/widget-agent-packet/route.ts | src/app/api/answerlattice/widget-config/route.ts | src/app/api/answerlattice/widget-security/route.ts | src/app/api/answerlattice/workspace-profile/route.ts | src/app/api/auth/access-status/route.ts | src/app/api/auth/claim-account/route.ts | src/app/api/auth/set-claims/route.ts | src/app/api/auth/switch-store/route.ts | src/app/api/compliance/route.ts | src/app/api/domain/route.ts | src/app/api/outlets/brand-propagation/route.ts | src/app/api/outlets/create/route.ts | src/app/api/outlets/deactivate/route.ts | src/app/api/outlets/policy/route.ts | src/app/api/outlets/rename/route.ts | src/app/api/platform/entity-blocks/route.ts | src/app/api/pos-sync/deliver/route.ts | src/app/api/pos-sync/secret/route.ts | src/app/api/pos-sync/test/route.ts | src/app/api/projects/delete/route.ts | src/app/api/projects/master-job-status/route.ts | src/app/api/projects/outlet-save/route.ts | src/app/api/public/analytics/track/route.ts | src/app/api/public/create-menu/claim/route.ts | src/app/api/public/feedback/submit/route.ts | src/app/api/razorpay/create-subscription/route.ts | src/app/api/razorpay/verify-topup/route.ts | src/app/api/reseller/onboard/route.ts | src/app/api/screen/seen/route.ts | src/app/api/store/public-api-key/route.ts | src/app/api/store/temp-status/route.ts | src/app/api/tenants/name/route.ts | src/app/api/widget/config/route.ts | src/app/client/obp/BrandOBPContent.tsx | src/app/client/obp/OBPContent.tsx | src/app/client/sitemap.ts | src/components/templates/answerlattice/weeklyDigest/AnswerlatticeWeeklyDigest.tsx | src/components/templates/main-app/businessSettings/tabs/PosSyncTab.tsx | src/components/templates/platform/chatManagement/WeeklyDigest.tsx | src/components/templates/platform/tenants/index.tsx | src/constants/database.ts | src/database/answerlattice/billing.ts | src/database/growthos/server.ts | src/database/multiOutlet/propagation.ts | src/database/ops/index.ts | src/database/projects/index.ts | src/database/projects/specialMenuLifecycle.ts | src/database/publicTruthMonitor/server.ts | src/database/pwa/index.ts | src/database/stores/index.tsx | src/lib/analytics/dal.ts | src/lib/analytics/googlePropertyAccess.ts | src/lib/answerlattice/accessControl.ts | src/lib/answerlattice/aiAccounting.ts | src/lib/answerlattice/contextBundleBuilderServer.ts | src/lib/answerlattice/intakeUsageLedger.ts | src/lib/answerlattice/knowledgeIntakeApi.ts | src/lib/answerlattice/onboardingProvisioningServer.ts | src/lib/answerlattice/publicApiKeyStore.ts | src/lib/answerlattice/staffAccessServer.ts | src/lib/answerlattice/staffAccessTransactions.ts | src/lib/answerlattice/widgetConfigStore.ts | src/lib/answerlattice/widgetKeyStore.ts | src/lib/answerlattice/workspaceLifecycleServer.ts | src/lib/answerlattice/workspaceProfileServer.ts | src/lib/auth/claimAccountConcurrency.ts | src/lib/auth/index.ts | src/lib/auth/serverUserContext.ts | src/lib/billing/billingAccess.ts | src/lib/billing/productBillingServer.ts | src/lib/billing/subscriptionEntitlementSync.ts | src/lib/billing/topupSettlementServer.ts | src/lib/campaigncue/server.ts | src/lib/extraction/applyChanges.ts | src/lib/firestore/clientStoreLookup.ts | src/lib/menu-extraction/menuIntakeIdentityServer.ts | src/lib/messaging/index.ts | src/lib/multiOutlet/serverOutletPolicy.ts | src/lib/multiTenant/domainLookup.ts | src/lib/onboarding/compensateFailedOnboarding.ts | src/lib/onboarding/createTenantStore.ts | src/lib/owner-notifications/recipientResolver.ts | src/lib/ownerReferral/ownerReferralAttributionServer.ts | src/lib/ownerReferral/ownerReferralSettlementServer.ts | src/lib/permissions/server.ts | src/lib/platform/platformCounterAllocator.ts | src/lib/publicApi/auth.ts | src/lib/routing/customDomainClaim.ts | src/lib/routing/outletSlugClaim.ts | src/lib/routing/subdomainClaim.ts | src/lib/routing/subdomainOwnerScope.ts | src/lib/staffManagement/concurrencyBoundary.ts | src/lib/staffManagement/server.ts","firestore-answerlattice.rules:235 | firestore-answerlattice.rules:268 | firestore.indexes.json:3214 | firestore.indexes.json:3219 | firestore.indexes.json:3224 | firestore.indexes.json:3229 | firestore.indexes.json:3234 | firestore.indexes.json:3239 | firestore.indexes.json:3244 | firestore.indexes.json:3249 | firestore.indexes.json:3254 | firestore.rules:65 | firestore.rules:73 | firestore.rules:182 | firestore.rules:229 | firestore.rules:925 | functions-answerlattice/src/answerlattice/aiCapacityReservationRecovery.ts:137 | functions-answerlattice/src/answerlattice/chatIntelligence.ts:39 | functions-answerlattice/src/answerlattice/chatIntelligence.ts:346 | functions-answerlattice/src/answerlattice/contextBundleBuilder.ts:471 | functions-answerlattice/src/index.ts:148 | functions/src/analytics/feedbackIntelligence.ts:227 | functions/src/analytics/feedbackIntelligence.ts:261 | functions/src/analytics/healthSignalsComputation.ts:460 | functions/src/analytics/weeklyNarrative.ts:303 | functions/src/analytics/weeklyNarrative.ts:337 | functions/src/billing/reconcileSubscriptions.ts:297 | functions/src/decisionBlocksScoring.ts:2896 | functions/src/decisionBlocksScoring.ts:3191 | functions/src/decisionBlocksScoring.ts:3255 | functions/src/logic/businessAttributeDefaults.ts:172 | functions/src/logic/processMenuImagesJob.ts:727 | functions/src/messaging/messagingEngine.ts:263 | functions/src/messaging/messagingEngine.ts:268 | functions/src/monitoring/publishVerification.ts:256 | functions/src/monitoring/publishVerification.ts:341 | functions/src/monitoring/publishVerification.ts:366 | functions/src/monitoring/publishVerification.ts:537 | functions/src/ownerNotifications/processor.ts:256 | functions/src/ownerNotifications/processor.ts:262 | functions/src/schedulers/specialMenuLifecycle.ts:197 | functions/src/triggers/operations.ts:606 | scripts/backfill-digital-screen-private-controls.ts:135 | scripts/backfill-outlet-slugs.ts:187 | scripts/backfill-outlet-slugs.ts:187 | scripts/backfill-public-routing-project-summaries.ts:165 | scripts/backfill-public-routing-project-summaries.ts:165 | scripts/backfill-public-routing-project-summaries.ts:168 | scripts/backfill-public-routing-project-summaries.ts:168 | scripts/backfill-store-tenant-block-state.ts:142 | scripts/backfill-store-tenant-block-state.ts:161 | scripts/backfill-store-tenant-block-state.ts:171 | scripts/verification/answerlattice-rule-test-fixtures.ts:9 | scripts/verification/test-answerlattice-chat-analytics-rules.ts:33 | scripts/verification/test-answerlattice-chat-analytics-rules.ts:36 | scripts/verification/test-answerlattice-chat-analytics-rules.ts:39 | scripts/verification/test-answerlattice-chat-analytics-rules.ts:66 | scripts/verification/test-answerlattice-chat-analytics-rules.ts:68 | scripts/verification/test-answerlattice-chat-analytics-rules.ts:69 | scripts/verification/test-answerlattice-chat-analytics-rules.ts:70 | scripts/verification/test-answerlattice-chat-analytics-rules.ts:71 | scripts/verification/test-answerlattice-chat-analytics-rules.ts:72 | scripts/verification/test-answerlattice-chat-analytics-scheduler.ts:213 | scripts/verification/test-answerlattice-chat-analytics-scheduler.ts:214 | scripts/verification/test-answerlattice-knowledge-intake-emulator.ts:53 | scripts/verification/test-answerlattice-onboarding-provisioning-emulator.ts:51 | scripts/verification/test-answerlattice-onboarding-provisioning-emulator.ts:111 | scripts/verification/test-answerlattice-onboarding-provisioning-emulator.ts:188 | scripts/verification/test-answerlattice-onboarding-provisioning-emulator.ts:221 | scripts/verification/test-answerlattice-onboarding-provisioning-emulator.ts:293 | scripts/verification/test-answerlattice-onboarding-provisioning-emulator.ts:309 | scripts/verification/test-answerlattice-public-api-key-emulator.ts:14 | scripts/verification/test-answerlattice-public-api-rules.ts:39 | scripts/verification/test-answerlattice-public-api-rules.ts:62 | scripts/verification/test-answerlattice-public-api-rules.ts:82 | scripts/verification/test-answerlattice-public-api-rules.ts:85 | scripts/verification/test-answerlattice-public-api-rules.ts:88 | scripts/verification/test-answerlattice-public-api-rules.ts:91 | scripts/verification/test-answerlattice-public-api-rules.ts:94 | scripts/verification/test-answerlattice-public-api-rules.ts:97","f4e56c5f1da4bf4427764f3b53fb72aaebd8988d6141920521b46b0409d712ee","84","firestore.indexes.json | firestore.rules | functions-answerlattice/src/answerlattice/chatIntelligence.ts | functions-answerlattice/src/answerlattice/contextBundleBuilder.ts | functions-answerlattice/src/index.ts | functions/src/analytics/feedbackIntelligence.ts | functions/src/analytics/weeklyNarrative.ts | functions/src/logic/businessAttributeDefaults.ts | functions/src/logic/processMenuImagesJob.ts | functions/src/messaging/messagingEngine.ts | functions/src/triggers/operations.ts | scripts/backfill-digital-screen-private-controls.ts | scripts/backfill-outlet-slugs.ts | scripts/backfill-public-routing-project-summaries.ts | scripts/verification/answerlattice-rule-test-fixtures.ts | scripts/verification/test-answerlattice-chat-analytics-rules.ts | scripts/verification/test-answerlattice-chat-analytics-scheduler.ts | scripts/verification/test-answerlattice-public-api-key-emulator.ts | scripts/verification/test-answerlattice-public-api-rules.ts | scripts/verification/test-answerlattice-storage-rules.ts | scripts/verification/test-answerlattice-workspace-lifecycle-rules.ts | scripts/verification/test-custom-domain-claim.ts | scripts/verification/test-force-republish-lease.ts | scripts/verification/test-special-menu-lifecycle-emulator.ts | scripts/verification/test-special-menu-lifecycle-rules.ts | scripts/verification/verify-answerlattice-runtime-truth.js | scripts/verification/verify-auth-security-failure-matrix.js | scripts/verification/verify-billing-entitlement-boundary.js | scripts/verification/verify-campaigncue-runtime.js | scripts/verification/verify-custom-domain-boundary.js | scripts/verification/verify-customer-app-pwa.js | scripts/verification/verify-menu-extraction-pipeline.js | scripts/verification/verify-menulist-api-tenant-safety.js | scripts/verification/verify-multi-location-boundary.js | scripts/verification/verify-owner-notifications-boundary.js | scripts/verification/verify-ownership-dormant-lifecycle.js | scripts/verification/verify-platform-pull-api-boundary.js | scripts/verification/verify-public-business-truth.js | scripts/verification/verify-public-routing-summary-backfill.mjs | scripts/verification/verify-temporary-status-boundary.js | src/app/api/ai-menu-manager/command/route.ts | src/app/api/analytics/weekly-narrative/generate-local/route.ts | src/app/api/answerlattice/notifications/test/route.ts | src/app/api/answerlattice/onboard/route.ts | src/app/api/answerlattice/operations/status/route.ts | src/app/api/answerlattice/widget-config/route.ts | src/app/api/answerlattice/workspace-profile/route.ts | src/app/api/domain/route.ts | src/app/api/outlets/brand-propagation/route.ts | src/app/api/outlets/rename/route.ts | src/app/api/platform/entity-blocks/route.ts | src/app/api/pos-sync/test/route.ts | src/app/api/projects/master-job-status/route.ts | src/app/api/projects/outlet-save/route.ts | src/app/api/public/create-menu/claim/route.ts | src/app/api/screen/seen/route.ts | src/app/api/store/temp-status/route.ts | src/app/api/widget/config/route.ts | src/app/client/obp/BrandOBPContent.tsx | src/app/client/obp/OBPContent.tsx | src/app/client/sitemap.ts | src/components/templates/answerlattice/weeklyDigest/AnswerlatticeWeeklyDigest.tsx | src/components/templates/platform/chatManagement/WeeklyDigest.tsx | src/components/templates/platform/tenants/index.tsx | src/constants/database.ts | src/database/multiOutlet/propagation.ts | src/database/ops/index.ts | src/database/pwa/index.ts | src/database/stores/index.tsx | src/lib/analytics/dal.ts | src/lib/answerlattice/accessControl.ts | src/lib/answerlattice/contextBundleBuilderServer.ts | src/lib/answerlattice/publicApiKeyStore.ts | src/lib/answerlattice/staffAccessServer.ts | src/lib/answerlattice/staffAccessTransactions.ts | src/lib/auth/index.ts | src/lib/auth/serverUserContext.ts | src/lib/billing/billingAccess.ts | src/lib/extraction/applyChanges.ts | src/lib/firestore/clientStoreLookup.ts | src/lib/menu-extraction/menuIntakeIdentityServer.ts | src/lib/multiTenant/domainLookup.ts | src/lib/onboarding/compensateFailedOnboarding.ts | src/lib/onboarding/createTenantStore.ts | src/lib/permissions/server.ts | src/lib/platform/platformCounterAllocator.ts | src/lib/routing/customDomainClaim.ts | src/lib/routing/outletSlugClaim.ts | src/lib/routing/subdomainClaim.ts | src/lib/staffManagement/server.ts","inventory-only","","rule path observed","",""
"subdomainRenameLog","MenuList/shared","DB_COLLECTIONS.SUBDOMAIN_RENAME_LOG","constant definition | delete | read/query | security-rule | transaction/batch | write","4","firestore.rules | scripts/verification/test-tenant-store-scoped-rules.ts | src/app/api/admin/subdomains/rename/route.ts | src/constants/database.ts","firestore.rules:1139 | scripts/verification/test-tenant-store-scoped-rules.ts:264 | scripts/verification/test-tenant-store-scoped-rules.ts:265 | scripts/verification/test-tenant-store-scoped-rules.ts:272 | scripts/verification/test-tenant-store-scoped-rules.ts:153 | src/app/api/admin/subdomains/rename/route.ts:257 | src/constants/database.ts:0","31f0c274fce8349f819020848035c22469f08568ab9cde8f7fdcbe48eb02b87f","2","firestore.rules | src/constants/database.ts","in-progress","MenuList global server-only legal/support evidence at subdomainRenameLog/{autoId}. The platform-authenticated Admin rename route is the sole producer. Each transaction writes exact tenant/store identity, old/new public host, rename/redirect timestamps, bounded reason and owner acknowledgement reference, operator email, and the same exact actor document ID used by request admission and limiter partitioning. No browser, public DTO, cache, Redux, SWR, local-storage, job, queue, webhook or billing consumer exists.","An explicit root rule denies every browser read, query, create, update and delete, including authenticated owner and platform clients. Only the platform-authenticated Node/Admin route writes the ledger after bounded validation and transaction-current store ownership verification. The tenant/store emulator proves owner and platform-client read/write/delete denial.","The sole producer writes an auto-ID document in the same transaction as canonical store, summary and subdomain-claim truth. No first-party collection query or reader exists, so no composite or single-field index is required. Retention is intentionally indefinite legal/support evidence; no TTL applies.","AUDIT-SUBDOMAIN-RENAME-ACTOR-LEDGER-001"
"subscription_payments","MenuList/shared","DB_COLLECTIONS.SUBSCRIPTION_PAYMENTS | FUNCTIONS_DB_COLLECTIONS.SUBSCRIPTION_PAYMENTS","constant definition","2","functions/src/constants/database.ts | src/constants/database.ts","src/constants/database.ts:0 | functions/src/constants/database.ts:0","79e417042c5149899b0f739c7eb964e648ee159860eff837ef43d5ac1c5d604f","1","src/constants/database.ts","in-progress","Reserved legacy MenuList billing collection name only; active immutable billing history uses payment_transactions and no reader, writer, provider handler, route, job or migration references this namespace","No explicit client rule path; root default deny applies. Any future financial activation requires exact product/tenant/store ownership, idempotency and immutable-ledger review","No active query or document exists and no composite index or TTL policy is required. The unrelated retired camel-case subscriptionPayments index was removed in restart 800","AUDIT-SUBSCRIPTION-PAYMENTS-STALE-INDEX-001"
"subscriptions","Answerlattice | MenuList/shared","ANSWERLATTICE_FUNCTIONS_DB_COLLECTIONS.SUBSCRIPTIONS | DB_COLLECTIONS.SUBSCRIPTIONS | FUNCTIONS_DB_COLLECTIONS.SUBSCRIPTIONS","cache/derived-state | constant definition | delete | index definition | read/query | reference | security-rule | transaction/batch | write","55","firestore-answerlattice.indexes.json | firestore-answerlattice.rules | firestore.indexes.json | firestore.rules | functions-answerlattice/src/answerlattice/aiCapacityReservationRecovery.ts | functions-answerlattice/src/constants/database.ts | functions/src/billing/reconcileSubscriptions.ts | functions/src/constants/database.ts | functions/src/messaging/messagingEngine.ts | functions/src/schedulers/aiCapacityReservationRecovery.ts | functions/src/schedulers/founderMonitorSnapshot.ts | functions/src/schedulers/menulistMaintenanceScheduler.ts | scripts/backfill-billing-record-product-identity.ts | scripts/backfill-founder-revenue-read-model.ts | scripts/verification/test-ai-capacity-reservation-emulator.ts | scripts/verification/test-answerlattice-billing-rules.ts | scripts/verification/test-answerlattice-knowledge-intake-emulator.ts | scripts/verification/test-answerlattice-onboarding-provisioning-emulator.ts | scripts/verification/test-answerlattice-support-search-accounting-emulator.ts | scripts/verification/test-answerlattice-workspace-lifecycle-contracts.ts | scripts/verification/test-answerlattice-workspace-lifecycle-emulator.ts | scripts/verification/test-claim-account-concurrency-emulator.ts | scripts/verification/test-image-batch-item-concurrency-emulator.ts | scripts/verification/test-owner-referral-emulator.ts | scripts/verification/test-product-subscription-scope-emulator.ts | scripts/verification/test-reseller-confirm-payment-emulator.ts | scripts/verification/test-reseller-onboarding-billing-emulator.ts | scripts/verification/verify-answerlattice-runtime-truth.js | scripts/verification/verify-billing-entitlement-boundary.js | scripts/verification/verify-platform-founder-monitor-boundary.js | src/app/api/answerlattice/activation/summary/route.ts | src/app/api/razorpay/create-subscription/route.ts | src/app/api/razorpay/verify-topup/route.ts | src/app/api/reseller/add-location-capacity/route.ts | src/app/api/reseller/clients/route.ts | src/app/api/reseller/renew/route.ts | src/constants/database.ts | src/database/answerlattice/billing.ts | src/database/publicTruthMonitor/server.ts | src/database/reseller/server.ts | src/database/subscriptions/index.ts | src/database/subscriptions/server.ts | src/lib/ai/capacityCheck.ts | src/lib/answerlattice/aiAccounting.ts | src/lib/answerlattice/intakeUsageLedger.ts | src/lib/answerlattice/knowledgeIntakeApi.ts | src/lib/answerlattice/onboardingProvisioningServer.ts | src/lib/answerlattice/workspaceLifecycleContracts.ts | src/lib/answerlattice/workspaceLifecycleServer.ts | src/lib/auth/claimAccountConcurrency.ts | src/lib/billing/productBillingServer.ts | src/lib/billing/subscriptionEntitlementSync.ts | src/lib/billing/topupSettlementServer.ts | src/lib/ownerReferral/ownerReferralAttributionServer.ts | src/lib/ownerReferral/ownerReferralSettlementServer.ts","firestore-answerlattice.indexes.json:896 | firestore-answerlattice.indexes.json:934 | firestore-answerlattice.rules:281 | firestore.indexes.json:357 | firestore.indexes.json:379 | firestore.indexes.json:401 | firestore.indexes.json:545 | firestore.indexes.json:567 | firestore.indexes.json:589 | firestore.indexes.json:611 | firestore.indexes.json:623 | firestore.indexes.json:1501 | firestore.indexes.json:1527 | firestore.indexes.json:1537 | firestore.indexes.json:1547 | firestore.rules:577 | functions-answerlattice/src/answerlattice/aiCapacityReservationRecovery.ts:136 | functions/src/billing/reconcileSubscriptions.ts:237 | functions/src/billing/reconcileSubscriptions.ts:476 | functions/src/messaging/messagingEngine.ts:495 | functions/src/messaging/messagingEngine.ts:564 | functions/src/schedulers/aiCapacityReservationRecovery.ts:99 | functions/src/schedulers/founderMonitorSnapshot.ts:242 | functions/src/schedulers/menulistMaintenanceScheduler.ts:2049 | functions/src/schedulers/menulistMaintenanceScheduler.ts:2357 | functions/src/schedulers/menulistMaintenanceScheduler.ts:2439 | scripts/backfill-billing-record-product-identity.ts:20 | scripts/backfill-founder-revenue-read-model.ts:621 | scripts/verification/test-ai-capacity-reservation-emulator.ts:23 | scripts/verification/test-answerlattice-billing-rules.ts:82 | scripts/verification/test-answerlattice-billing-rules.ts:97 | scripts/verification/test-answerlattice-billing-rules.ts:105 | scripts/verification/test-answerlattice-billing-rules.ts:115 | scripts/verification/test-answerlattice-billing-rules.ts:142 | scripts/verification/test-answerlattice-billing-rules.ts:156 | scripts/verification/test-answerlattice-billing-rules.ts:187 | scripts/verification/test-answerlattice-billing-rules.ts:192 | scripts/verification/test-answerlattice-billing-rules.ts:196 | scripts/verification/test-answerlattice-billing-rules.ts:198 | scripts/verification/test-answerlattice-billing-rules.ts:203 | scripts/verification/test-answerlattice-billing-rules.ts:223 | scripts/verification/test-answerlattice-billing-rules.ts:244 | scripts/verification/test-answerlattice-billing-rules.ts:254 | scripts/verification/test-answerlattice-billing-rules.ts:263 | scripts/verification/test-answerlattice-billing-rules.ts:300 | scripts/verification/test-answerlattice-billing-rules.ts:307 | scripts/verification/test-answerlattice-billing-rules.ts:310 | scripts/verification/test-answerlattice-billing-rules.ts:331 | scripts/verification/test-answerlattice-billing-rules.ts:334 | scripts/verification/test-answerlattice-billing-rules.ts:338 | scripts/verification/test-answerlattice-billing-rules.ts:341 | scripts/verification/test-answerlattice-billing-rules.ts:350 | scripts/verification/test-answerlattice-billing-rules.ts:223 | scripts/verification/test-answerlattice-billing-rules.ts:254 | scripts/verification/test-answerlattice-billing-rules.ts:263 | scripts/verification/test-answerlattice-billing-rules.ts:300 | scripts/verification/test-answerlattice-billing-rules.ts:310 | scripts/verification/test-answerlattice-billing-rules.ts:341 | scripts/verification/test-answerlattice-billing-rules.ts:350 | scripts/verification/test-answerlattice-knowledge-intake-emulator.ts:63 | scripts/verification/test-answerlattice-knowledge-intake-emulator.ts:323 | scripts/verification/test-answerlattice-knowledge-intake-emulator.ts:335 | scripts/verification/test-answerlattice-knowledge-intake-emulator.ts:433 | scripts/verification/test-answerlattice-knowledge-intake-emulator.ts:448 | scripts/verification/test-answerlattice-knowledge-intake-emulator.ts:464 | scripts/verification/test-answerlattice-knowledge-intake-emulator.ts:502 | scripts/verification/test-answerlattice-knowledge-intake-emulator.ts:511 | scripts/verification/test-answerlattice-knowledge-intake-emulator.ts:518 | scripts/verification/test-answerlattice-knowledge-intake-emulator.ts:556 | scripts/verification/test-answerlattice-onboarding-provisioning-emulator.ts:187 | scripts/verification/test-answerlattice-onboarding-provisioning-emulator.ts:223 | scripts/verification/test-answerlattice-onboarding-provisioning-emulator.ts:241 | scripts/verification/test-answerlattice-onboarding-provisioning-emulator.ts:256 | scripts/verification/test-answerlattice-onboarding-provisioning-emulator.ts:268 | scripts/verification/test-answerlattice-support-search-accounting-emulator.ts:51 | scripts/verification/test-answerlattice-support-search-accounting-emulator.ts:90 | scripts/verification/test-answerlattice-support-search-accounting-emulator.ts:96 | scripts/verification/test-answerlattice-support-search-accounting-emulator.ts:102 | scripts/verification/test-answerlattice-support-search-accounting-emulator.ts:117 | scripts/verification/test-answerlattice-support-search-accounting-emulator.ts:129","707a0fd1f72980fa87bd957bc04ea277ef99a8f6a7bcdc092a83678df7d9cf80","48","firestore.indexes.json | firestore.rules | functions/src/messaging/messagingEngine.ts | functions/src/schedulers/menulistMaintenanceScheduler.ts | scripts/verification/verify-answerlattice-runtime-truth.js | scripts/verification/verify-billing-entitlement-boundary.js | src/constants/database.ts","in-progress","Product-local server-owned billing and entitlement truth. All 55 current producer, consumer, rule, index, migration and verifier sources were directly reviewed through restart 847. Signed subscription webhooks require one exact provider subscription ID plus exactly one product-local document before claim; zero matches retry and conflicting/dual ownership fails before side effects. Global Functions consumers use exact dual-product and agreeing positive-safe-integer tenant/store aliases before provider access, lifecycle delivery, entitlement mutation, credit recovery or monitoring joins. Every bounded fallback constrains product and both scope alias pairs before its limit. Current writers are create-only or transaction-current, reprove exact product/workspace authority, use safe-integer financial/credit evidence and preserve idempotent operation identity. Server grace expiry retains its originally admitted scope, entitlement sync proves target-store ownership in the same transaction, stale checkout cleanup revalidates complete current intent, reseller/referral/account-claim replays reject ambiguous aliases, and Answerlattice intake accounting rejects coercible arithmetic. Client provider/billing state is sequence-fenced by exact workspace scope, and MenuList server/browser/website admission requires exact MenuList session identity.","Shared rules require both exact ML aliases plus present, agreeing tenant/store aliases and current MenuList tenant/store for MenuList reads, or both exact AL aliases plus present, agreeing tenant/store aliases/current Answerlattice workspace/billing permission for Answerlattice reads; dedicated Answerlattice rules enforce the same AL contract. All browser writes are denied and focused emulators reject same-scope foreign-product, conflicting-alias and incomplete-query access","Product-prefixed composites cover owner active/paused/pending selection with both tenant/store alias pairs, entitlement, reconciliation, paid-cycle expiry, reseller lists and Founder Monitor. Shared and dedicated index files also define the six-field product/scope equality composite used by bounded Answerlattice activation/license/intake/server fallbacks. A guarded dry-run migration can complete only explicit single-ML-alias legacy rows; remote rule/index deployment and live legacy-shape counts remain unverified","AUDIT-BILLING-RESOURCE-PRODUCT-ISOLATION-001 | AUDIT-BILLING-CLIENT-MUTATION-SURFACE-001 | AUDIT-AL-ACTIVATION-SUBSCRIPTION-STARVATION-001 | AUDIT-AI-CAPACITY-EMULATOR-CREDENTIAL-001 | AUDIT-AL-ONBOARDING-SUBSCRIPTION-PRODUCT-COLLISION-001 | AUDIT-ONBOARD-PERSISTED-SUBSCRIPTION-IDENTITY-001 | AUDIT-BILLING-CLIENT-SCOPE-RACE-001 | AUDIT-BILLING-MOBILE-SCOPE-RACE-001 | AUDIT-MENULIST-ENTITLEMENT-SUBSCRIPTION-SCOPE-001 | AUDIT-WEBSITE-PRICING-SUBSCRIPTION-SCOPE-RACE-001 | AUDIT-BILLING-SESSION-PRODUCT-SCOPE-001 | AUDIT-WEBSITE-PURCHASE-INTENT-RUNTIME-001 | AUDIT-BILLING-TRANSACTION-SCOPE-ALIAS-001 | AUDIT-BILLING-WRITER-SCOPE-ALIAS-001 | AUDIT-BILLING-SECONDARY-CONSUMER-SCOPE-ALIAS-001 | AUDIT-BILLING-FUNCTIONS-SCOPE-ALIAS-001 | AUDIT-BILLING-BOUNDED-FALLBACK-SCOPE-ALIAS-001 | AUDIT-AI-CAPACITY-SUBSCRIPTION-SCOPE-ALIAS-001 | AUDIT-BILLING-TOPUP-SNAPSHOT-SCOPE-001 | AUDIT-BILLING-WEBHOOK-PRODUCT-RESOLUTION-001 | AUDIT-BILLING-WEBHOOK-SUBSCRIPTION-OWNERSHIP-001 | AUDIT-BILLING-PROVIDER-SUBSCRIPTION-SCALAR-001 | AUDIT-BILLING-REPLACEMENT-EVIDENCE-001 | AUDIT-BILLING-CHECKOUT-RECOVERY-IDENTITY-001 | AUDIT-BILLING-UPGRADE-INTENT-001 | AUDIT-BILLING-CREDIT-RESET-SCALAR-001 | AUDIT-AI-CREDIT-SCALAR-001 | AUDIT-ANSWERLATTICE-AI-CREDIT-SCALAR-001 | AUDIT-ANSWERLATTICE-SUPPORT-SEARCH-RESERVATION-001 | AUDIT-OWNER-REFERRAL-ATTRIBUTION-SCALAR-001 | AUDIT-OWNER-NOTIFICATION-STORE-ALIAS-SCOPE-001 | AUDIT-SUBSCRIPTION-SERVER-SCOPE-RACE-001 | AUDIT-SUBSCRIPTION-ENTITLEMENT-STORE-REASSIGNMENT-001 | AUDIT-ANSWERLATTICE-INTAKE-CREDIT-SCALAR-001 | AUDIT-CLAIM-ACCOUNT-SCOPE-ALIASES-001 | AUDIT-RESELLER-ONBOARDING-REPLAY-SCOPE-001 | AUDIT-BILLING-PENDING-CHECKOUT-CLEANUP-RACE-001 | AUDIT-LEGACY-PROJECT-SCOPE-ALIASES-001"
"supportTickets","Answerlattice | MenuList/shared","DB_COLLECTIONS.SUPPORT_TICKETS | FUNCTIONS_DB_COLLECTIONS.SUPPORT_TICKETS","constant definition | delete | index definition | read/query | reference | security-rule | transaction/batch | write","24","firestore-answerlattice.indexes.json | firestore-answerlattice.rules | firestore.indexes.json | firestore.rules | functions/src/constants/database.ts | functions/src/schedulers/founderMonitorSnapshot.ts | scripts/verification/test-answerlattice-ontology-contracts.ts | scripts/verification/test-answerlattice-ticket-rules.ts | scripts/verification/test-answerlattice-widget-escalation-emulator.ts | scripts/verification/test-answerlattice-workspace-lifecycle-contracts.ts | scripts/verification/verify-answerlattice-runtime-truth.js | scripts/verification/verify-help-center-boundary.js | scripts/verification/verify-menulist-api-tenant-safety.js | scripts/verification/verify-platform-founder-monitor-boundary.js | scripts/verification/verify-ticket-notification-boundary.js | src/app/api/notifications/send/route.ts | src/components/templates/platform/supportTickets/TicketActions.tsx | src/components/templates/platform/supportTickets/TicketDetailView.tsx | src/constants/database.ts | src/database/tickets/index.ts | src/lib/answerlattice/productSurfaceContentServer.ts | src/lib/answerlattice/widgetEscalationServer.ts | src/lib/answerlattice/workspaceLifecycleContracts.ts | src/lib/answerlattice/workspaceLifecycleServer.ts","firestore-answerlattice.indexes.json:710 | firestore-answerlattice.indexes.json:736 | firestore-answerlattice.indexes.json:758 | firestore-answerlattice.indexes.json:776 | firestore-answerlattice.indexes.json:790 | firestore-answerlattice.indexes.json:804 | firestore-answerlattice.indexes.json:2065 | firestore-answerlattice.indexes.json:2070 | firestore-answerlattice.indexes.json:2075 | firestore-answerlattice.indexes.json:2080 | firestore-answerlattice.rules:259 | firestore.indexes.json:661 | firestore.indexes.json:687 | firestore.indexes.json:709 | firestore.indexes.json:727 | firestore.indexes.json:741 | firestore.indexes.json:759 | firestore.indexes.json:2000 | firestore.indexes.json:3279 | firestore.indexes.json:3284 | firestore.indexes.json:3289 | firestore.indexes.json:3294 | firestore.rules:857 | functions/src/schedulers/founderMonitorSnapshot.ts:498 | scripts/verification/test-answerlattice-ontology-contracts.ts:228 | scripts/verification/test-answerlattice-ticket-rules.ts:104 | scripts/verification/test-answerlattice-ticket-rules.ts:116 | scripts/verification/test-answerlattice-ticket-rules.ts:121 | scripts/verification/test-answerlattice-ticket-rules.ts:126 | scripts/verification/test-answerlattice-ticket-rules.ts:141 | scripts/verification/test-answerlattice-ticket-rules.ts:146 | scripts/verification/test-answerlattice-ticket-rules.ts:153 | scripts/verification/test-answerlattice-ticket-rules.ts:171 | scripts/verification/test-answerlattice-ticket-rules.ts:172 | scripts/verification/test-answerlattice-ticket-rules.ts:173 | scripts/verification/test-answerlattice-ticket-rules.ts:174 | scripts/verification/test-answerlattice-ticket-rules.ts:175 | scripts/verification/test-answerlattice-ticket-rules.ts:176 | scripts/verification/test-answerlattice-ticket-rules.ts:177 | scripts/verification/test-answerlattice-ticket-rules.ts:183 | scripts/verification/test-answerlattice-ticket-rules.ts:205 | scripts/verification/test-answerlattice-ticket-rules.ts:209 | scripts/verification/test-answerlattice-ticket-rules.ts:215 | scripts/verification/test-answerlattice-ticket-rules.ts:278 | scripts/verification/test-answerlattice-ticket-rules.ts:279 | scripts/verification/test-answerlattice-widget-escalation-emulator.ts:73 | scripts/verification/test-answerlattice-widget-escalation-emulator.ts:73 | scripts/verification/test-answerlattice-widget-escalation-emulator.ts:103 | scripts/verification/test-answerlattice-widget-escalation-emulator.ts:103 | scripts/verification/test-answerlattice-workspace-lifecycle-contracts.ts:6 | scripts/verification/test-answerlattice-workspace-lifecycle-contracts.ts:179 | scripts/verification/verify-answerlattice-runtime-truth.js:10067 | scripts/verification/verify-answerlattice-runtime-truth.js:3613 | scripts/verification/verify-answerlattice-runtime-truth.js:3629 | scripts/verification/verify-help-center-boundary.js:213 | scripts/verification/verify-menulist-api-tenant-safety.js:6199 | scripts/verification/verify-platform-founder-monitor-boundary.js:88 | scripts/verification/verify-ticket-notification-boundary.js:29 | src/app/api/notifications/send/route.ts:103 | src/components/templates/platform/supportTickets/TicketActions.tsx:40 | src/components/templates/platform/supportTickets/TicketDetailView.tsx:58 | src/database/tickets/index.ts:51 | src/lib/answerlattice/productSurfaceContentServer.ts:182 | src/lib/answerlattice/widgetEscalationServer.ts:118 | src/lib/answerlattice/workspaceLifecycleContracts.ts:32 | src/lib/answerlattice/workspaceLifecycleContracts.ts:68 | src/lib/answerlattice/workspaceLifecycleServer.ts:20 | src/constants/database.ts:0 | functions/src/constants/database.ts:0","bd3db653708d1bd859eaa08e1b2bcc43b277c7f0a2fe69904069ccee04d94c3a","11","firestore.indexes.json | firestore.rules | scripts/verification/test-answerlattice-ticket-rules.ts | scripts/verification/verify-answerlattice-runtime-truth.js | scripts/verification/verify-menulist-api-tenant-safety.js | scripts/verification/verify-ticket-notification-boundary.js | src/app/api/notifications/send/route.ts | src/components/templates/platform/supportTickets/TicketActions.tsx | src/components/templates/platform/supportTickets/TicketDetailView.tsx | src/constants/database.ts | src/database/tickets/index.ts | src/lib/answerlattice/productSurfaceContentServer.ts | src/lib/answerlattice/widgetEscalationServer.ts","inventory-only","","rule path observed","",""
"systemAlerts","MenuList/shared","DB_COLLECTIONS.SYSTEM_ALERTS | FUNCTIONS_DB_COLLECTIONS.SYSTEM_ALERTS","constant definition | index definition | read/query | reference | security-rule | transaction/batch | write","14","firestore.indexes.json | firestore.rules | functions/src/constants/database.ts | functions/src/monitoring/alerts.ts | functions/src/schedulers/menulistMaintenanceScheduler.ts | scripts/verification/test-system-alert-contract-emulator.ts | scripts/verification/verify-internal-ops-flow-boundary.js | scripts/verification/verify-platform-notifications-boundary.js | src/app/api/ops/messaging-onboarding/route.ts | src/app/api/ops/platform-notifications/route.ts | src/app/api/platform/cost-posture/route.ts | src/constants/database.ts | src/database/ops/index.ts | src/lib/ops/alerts.ts","firestore.indexes.json:1375 | firestore.indexes.json:1389 | firestore.rules:1148 | functions/src/monitoring/alerts.ts:27 | functions/src/monitoring/alerts.ts:27 | functions/src/monitoring/alerts.ts:112 | functions/src/schedulers/menulistMaintenanceScheduler.ts:913 | functions/src/schedulers/menulistMaintenanceScheduler.ts:1981 | scripts/verification/test-system-alert-contract-emulator.ts:67 | scripts/verification/test-system-alert-contract-emulator.ts:67 | scripts/verification/test-system-alert-contract-emulator.ts:101 | scripts/verification/test-system-alert-contract-emulator.ts:101 | scripts/verification/verify-internal-ops-flow-boundary.js:122 | scripts/verification/verify-platform-notifications-boundary.js:128 | src/app/api/ops/messaging-onboarding/route.ts:242 | src/app/api/ops/platform-notifications/route.ts:279 | src/app/api/ops/platform-notifications/route.ts:290 | src/app/api/ops/platform-notifications/route.ts:299 | src/app/api/ops/platform-notifications/route.ts:323 | src/app/api/platform/cost-posture/route.ts:455 | src/database/ops/index.ts:103 | src/database/ops/index.ts:208 | src/database/ops/index.ts:103 | src/database/ops/index.ts:208 | src/lib/ops/alerts.ts:23 | src/lib/ops/alerts.ts:23 | src/lib/ops/alerts.ts:90 | src/constants/database.ts:0 | functions/src/constants/database.ts:0","e6cd1ce1d8cbab186c31b29dde74070cca22c063a0948ed8dfb71e64053bd526","5","firestore.indexes.json | firestore.rules | functions/src/schedulers/menulistMaintenanceScheduler.ts | scripts/verification/verify-internal-ops-flow-boundary.js | scripts/verification/verify-platform-notifications-boundary.js | src/app/api/ops/platform-notifications/route.ts | src/app/api/platform/cost-posture/route.ts | src/constants/database.ts | src/database/ops/index.ts","in-progress","MenuList global operational alert event family. Current Cloud Functions producers use one canonical Admin writer that derives trigger cooldown, transactionally admits a deterministic current/previous bucket, persists a complete classified alert with 90-day expiry and performs best-effort muted delivery only for the winning write. Current Next.js/Admin producers use the same shape and atomic create, with deterministic document IDs on replay-sensitive payment/manual actions. Platform-only server routes read bounded recent/detail windows and transactionally acknowledge or record manual handoff. Messaging Onboarding and cost-posture routes consume bounded private projections; no public DTO, tenant owner surface, cache, Redux, SWR or local storage receives raw alert documents.","The explicit /systemAlerts/{docId} rule permits reads only to authenticated current platform administrators and denies every browser write. Next.js platform routes independently require withAuth platform admission, fail-closed rate limiting and a current persisted platform-user row before Admin reads/actions. Functions writers are Admin-only and derive tenant/store scope from server-owned pipeline context rather than a trusted client header. The complete shared rules file and several large aggregate consumers remain in-progress, so the collection is not marked fully reviewed.","Active composites are limited to severity/acknowledged/timestamp for unresolved-critical escalation and metadata.subsystem/timestamp for the bounded Messaging Onboarding monitor. The retired uncoupled store-active reader and check-then-add title cooldown were removed with their two unused tenant/store composites. Generic platform/cost readers use bounded timestamp ordering. Current documents carry expiresAt and daily leased timestamp cleanup handles legacy rows; guarded TTL activation is locally declared but QA/production policy remains unverified.","AUDIT-SYSTEM-ALERT-CRITICAL-CONTRACT-001 | AUDIT-SYSTEM-ALERT-COOLDOWN-RACE-001"
"systemErrors","MenuList/shared","DB_COLLECTIONS.SYSTEM_ERRORS | FUNCTIONS_DB_COLLECTIONS.SYSTEM_ERRORS","constant definition | read/query | security-rule | transaction/batch","3","firestore.rules | functions/src/constants/database.ts | functions/src/monitoring/errorTracking.ts","firestore.rules:1166 | functions/src/monitoring/errorTracking.ts:153 | functions/src/constants/database.ts:0","c2ec8eb1c5c30eac9959b3d7db55028e3fee25aae97813d68209219a3aa6f36c","2","firestore.rules","in-progress","MenuList global Admin-only operational error evidence. The sole active caller records a bounded stable failure code when platform alert creation fails. Scope aliases are normalized to non-empty bounded tenant/store identifiers, and SHA-256 of exact scope/type/code selects one opaque document. An exact-document transaction resets the count for a new one-hour window or increments the current window, refreshes timestamp and 30-day expiry, and marks recurrence unresolved. A critical first occurrence may create one separate system alert. No browser, public DTO, cache, Redux, SWR, local-storage, billing, queue or webhook consumer reads systemErrors.","The explicit /systemErrors/{docId} rule denies every browser read and write. Only MenuList Cloud Functions Admin code writes the collection after local bounded projection; no request tenant header or browser-selected document ID reaches this path. The complete shared rules file remains in-progress, so the collection cannot yet be marked reviewed despite this exact rule branch and runtime trace.","Active writes and reads use one exact deterministic document inside a transaction and require no index. The prior compound recent-error query and unreachable unbounded summary query are removed rather than adding indexes. The writer refreshes expiresAt on every occurrence; the guarded TTL setup includes systemErrors, but remote QA/production TTL activation remains operator verification evidence.","AUDIT-SYSTEM-ERROR-DEDUPE-RACE-001"
"systemHealth","MenuList/shared","DB_COLLECTIONS.SYSTEM_HEALTH | FUNCTIONS_DB_COLLECTIONS.SYSTEM_HEALTH","constant definition | read/query | reference | security-rule | transaction/batch | write","7","firestore.rules | functions/src/constants/database.ts | functions/src/messagingOnboarding/healthMonitor.ts | functions/src/schedulers/menulistMaintenanceScheduler.ts | scripts/verification/test-maintenance-task-lease.ts | src/app/api/ops/messaging-onboarding/route.ts | src/constants/database.ts","firestore.rules:1153 | functions/src/messagingOnboarding/healthMonitor.ts:157 | functions/src/messagingOnboarding/healthMonitor.ts:196 | functions/src/schedulers/menulistMaintenanceScheduler.ts:2200 | scripts/verification/test-maintenance-task-lease.ts:48 | scripts/verification/test-maintenance-task-lease.ts:48 | scripts/verification/test-maintenance-task-lease.ts:107 | scripts/verification/test-maintenance-task-lease.ts:107 | src/app/api/ops/messaging-onboarding/route.ts:86 | src/constants/database.ts:0 | functions/src/constants/database.ts:0","c70d0c50603ffab26fe69a0c301459154814113e72e72bf2dd3e8fef1474e486","4","firestore.rules | functions/src/schedulers/menulistMaintenanceScheduler.ts | src/constants/database.ts","in-progress","MenuList Admin-only operational health family. The maintenance scheduler exact-replaces the singleton billing state; Messaging Onboarding transactionally claims one mutable control row with an opaque lease ID, then atomically exact-replaces the deterministic hourly snapshot and settles control only while that lease remains current. Stale workers cannot publish, release a replacement lease or emit alerts. The protected platform ops API consumes the current snapshot by validated control pointer. No generic per-store support-health writer remains.","The explicit systemHealth rule denies every browser read and write. All writers use the MenuList Admin SDK; the sole active app reader is a platform-role protected server route that uses Admin only after rate limiting and current persisted platform-user authorization.","All systemHealth operations are exact document reads/writes or a control transaction and require no collection index. Billing/Messaging source sample queries use indexes on their respective source collections. No active generic report TTL shape remains.","AUDIT-BILLING-HEALTH-MERGE-001 | AUDIT-COLLECTION-HEALTH-RETIRED-PRODUCER-METADATA-001 | AUDIT-MESSAGING-HEALTH-TYPE-001 | AUDIT-MSG-OPS-HEALTH-READ-MODEL-001 | AUDIT-MESSAGING-HEALTH-SNAPSHOT-REPLACEMENT-001 | AUDIT-MESSAGING-HEALTH-ALERT-ISOLATION-001 | AUDIT-MESSAGING-HEALTH-LEASE-OWNERSHIP-001"
"systemTelemetry","MenuList/shared","DB_COLLECTIONS.SYSTEM_TELEMETRY | FUNCTIONS_DB_COLLECTIONS.SYSTEM_TELEMETRY","constant definition | reference | security-rule | write","4","firestore.rules | functions/src/constants/database.ts | functions/src/telemetry/logger.ts | scripts/verification/test-menu-drift-metrics-replacement-emulator.ts","firestore.rules:1162 | functions/src/telemetry/logger.ts:15 | functions/src/telemetry/logger.ts:15 | functions/src/telemetry/logger.ts:77 | functions/src/telemetry/logger.ts:127 | scripts/verification/test-menu-drift-metrics-replacement-emulator.ts:35 | scripts/verification/test-menu-drift-metrics-replacement-emulator.ts:35 | scripts/verification/test-menu-drift-metrics-replacement-emulator.ts:36 | scripts/verification/test-menu-drift-metrics-replacement-emulator.ts:36 | functions/src/constants/database.ts:0","8d75e303f475393601d6cb1072e59fab44586f391a4bd5e9d5470557337b7782","3","firestore.rules","in-progress","MenuList global Admin-only operational telemetry. Active Menu Drift execution writes one daily summary document keyed by UTC date: actual nested function result maps retain the latest bounded status/runtime sample per function and atomic counters accumulate daily success/failure/skipped executions and total runtime. A separate discriminator-prefixed daily MOL cost document exact-replaces the latest bounded reads/writes/runtime/store/item/error sample. Dormant feedback and weekly narrative modules can call the same execution writer if explicitly reactivated, but no current deployed entry point reaches them. No browser, public DTO, cache, Redux, SWR, local-storage, billing, queue or webhook consumer reads the collection.","The explicit /systemTelemetry/{docId} rule denies every browser read and write. Only MenuList Cloud Functions Admin code writes the collection. Writer names and cost fields are source-owned constants/results rather than request-derived tenant scope; the namespace is global operational evidence and contains no owner-facing or public truth. The complete shared rules file remains in-progress, so this collection cannot yet be marked reviewed.","Both active document families use deterministic exact document IDs and require no collection index. Unreachable today/range/health reader APIs were removed because they cast mixed cost/execution documents to one incompatible shape and the range query had no active consumer. Daily summary merge uses nested maps and atomic increments; daily MOL cost uses exact replacement to prune unknown fields. Both writers emit expiresAt at the canonical 90-day boundary and the guarded MenuList TTL setup includes systemTelemetry; remote QA/production field-policy activation remains operator-verification evidence.","AUDIT-SYSTEM-TELEMETRY-WRITE-CONTRACT-001"
"telemetry","MenuList/shared","DB_COLLECTIONS.TELEMETRY","constant definition","1","src/constants/database.ts","src/constants/database.ts:0","69a82cdef01570d409e863d3bcb52e6ac7bd0bf4d5053224fe0f54ffeaa953c8","0","src/constants/database.ts","in-progress","Reserved legacy MenuList telemetry collection name only; active observability uses applicationLogs, errorLogs, scheduler logs and product-specific compact state","No explicit client rule path; root default deny applies. Any future activation requires bounded data minimization, ownership and retention review","No active query, document or retention path exists; no index or TTL policy is justified",""
"tenants","Answerlattice | MenuList/shared","DB_COLLECTIONS.TENANTS | FUNCTIONS_DB_COLLECTIONS.TENANTS","cache/derived-state | constant definition | delete | read/query | reference | security-rule | transaction/batch | write","71","firestore.rules | functions/src/analytics/feedbackIntelligence.ts | functions/src/analytics/weeklyNarrative.ts | functions/src/constants/database.ts | functions/src/messaging/messagingEngine.ts | functions/src/monitoring/publishVerification.ts | functions/src/ownerNotifications/processor.ts | scripts/backfill-store-tenant-block-state.ts | scripts/verification/test-answerlattice-onboarding-provisioning-emulator.ts | scripts/verification/test-answerlattice-workspace-lifecycle-emulator.ts | scripts/verification/test-answerlattice-workspace-lifecycle-rules.ts | scripts/verification/test-claim-account-concurrency-emulator.ts | scripts/verification/test-force-republish-lease.ts | scripts/verification/test-messaging-owner-claim-emulator.ts | scripts/verification/test-publish-verification-scope.ts | scripts/verification/test-reseller-owner-claim-emulator.ts | scripts/verification/test-stores-summary-rules.ts | scripts/verification/test-tenant-store-scoped-rules.ts | scripts/verification/verify-auth-security-failure-matrix.js | scripts/verification/verify-billing-entitlement-boundary.js | scripts/verification/verify-guest-feedback-boundary.js | scripts/verification/verify-menu-extraction-pipeline.js | scripts/verification/verify-menulist-api-tenant-safety.js | scripts/verification/verify-multi-location-boundary.js | scripts/verification/verify-owner-notifications-boundary.js | scripts/verification/verify-platform-pull-api-boundary.js | scripts/verification/verify-pos-sync-boundary.js | scripts/verification/verify-public-business-truth.js | scripts/verification/verify-temporary-status-boundary.js | src/app/api/auth/access-status/route.ts | src/app/api/auth/claim-account/route.ts | src/app/api/auth/switch-store/route.ts | src/app/api/domain/route.ts | src/app/api/outlets/brand-propagation/route.ts | src/app/api/outlets/create/route.ts | src/app/api/outlets/deactivate/route.ts | src/app/api/outlets/policy/route.ts | src/app/api/outlets/rename/route.ts | src/app/api/platform/entity-blocks/route.ts | src/app/api/pos-sync/secret/route.ts | src/app/api/projects/delete/route.ts | src/app/api/projects/outlet-save/route.ts | src/app/api/public/analytics/track/route.ts | src/app/api/public/create-menu/claim/route.ts | src/app/api/public/feedback/submit/route.ts | src/app/api/screen/seen/route.ts | src/app/api/store/public-api-key/route.ts | src/app/api/store/temp-status/route.ts | src/app/api/tenants/name/route.ts | src/components/templates/platform/tenants/index.tsx | src/constants/database.ts | src/database/multiOutlet/index.ts | src/database/multiOutlet/propagation.ts | src/database/publicTruthMonitor/server.ts | src/database/stores/index.tsx | src/database/subscriptions/index.ts | src/database/subscriptions/server.ts | src/database/tenants/index.tsx | src/lib/answerlattice/onboardingProvisioningServer.ts | src/lib/answerlattice/workspaceLifecycleServer.ts | src/lib/auth/claimAccountConcurrency.ts | src/lib/auth/index.ts | src/lib/auth/serverUserContext.ts | src/lib/firestore/clientStoreLookup.ts | src/lib/messaging/index.ts | src/lib/multiTenant/domainLookup.ts | src/lib/onboarding/compensateFailedOnboarding.ts | src/lib/onboarding/createTenantStore.ts | src/lib/owner-notifications/recipientResolver.ts | src/lib/platform/platformCounterAllocator.ts | src/lib/publicApi/auth.ts","firestore.rules:65 | firestore.rules:73 | firestore.rules:146 | functions/src/analytics/feedbackIntelligence.ts:252 | functions/src/analytics/weeklyNarrative.ts:328 | functions/src/messaging/messagingEngine.ts:267 | functions/src/monitoring/publishVerification.ts:255 | functions/src/monitoring/publishVerification.ts:340 | functions/src/monitoring/publishVerification.ts:367 | functions/src/monitoring/publishVerification.ts:538 | functions/src/ownerNotifications/processor.ts:261 | scripts/backfill-store-tenant-block-state.ts:183 | scripts/verification/test-answerlattice-onboarding-provisioning-emulator.ts:50 | scripts/verification/test-answerlattice-onboarding-provisioning-emulator.ts:110 | scripts/verification/test-answerlattice-onboarding-provisioning-emulator.ts:220 | scripts/verification/test-answerlattice-onboarding-provisioning-emulator.ts:292 | scripts/verification/test-answerlattice-workspace-lifecycle-emulator.ts:32 | scripts/verification/test-answerlattice-workspace-lifecycle-rules.ts:47 | scripts/verification/test-answerlattice-workspace-lifecycle-rules.ts:98 | scripts/verification/test-answerlattice-workspace-lifecycle-rules.ts:99 | scripts/verification/test-answerlattice-workspace-lifecycle-rules.ts:101 | scripts/verification/test-answerlattice-workspace-lifecycle-rules.ts:117 | scripts/verification/test-answerlattice-workspace-lifecycle-rules.ts:118 | scripts/verification/test-answerlattice-workspace-lifecycle-rules.ts:142 | scripts/verification/test-claim-account-concurrency-emulator.ts:30 | scripts/verification/test-claim-account-concurrency-emulator.ts:152 | scripts/verification/test-force-republish-lease.ts:28 | scripts/verification/test-force-republish-lease.ts:28 | scripts/verification/test-force-republish-lease.ts:31 | scripts/verification/test-force-republish-lease.ts:31 | scripts/verification/test-force-republish-lease.ts:33 | scripts/verification/test-force-republish-lease.ts:33 | scripts/verification/test-messaging-owner-claim-emulator.ts:44 | scripts/verification/test-messaging-owner-claim-emulator.ts:64 | scripts/verification/test-messaging-owner-claim-emulator.ts:86 | scripts/verification/test-messaging-owner-claim-emulator.ts:102 | scripts/verification/test-publish-verification-scope.ts:34 | scripts/verification/test-publish-verification-scope.ts:34 | scripts/verification/test-publish-verification-scope.ts:35 | scripts/verification/test-publish-verification-scope.ts:35 | scripts/verification/test-reseller-owner-claim-emulator.ts:27 | scripts/verification/test-reseller-owner-claim-emulator.ts:39 | scripts/verification/test-reseller-owner-claim-emulator.ts:56 | scripts/verification/test-stores-summary-rules.ts:228 | scripts/verification/test-stores-summary-rules.ts:262 | scripts/verification/test-stores-summary-rules.ts:279 | scripts/verification/test-stores-summary-rules.ts:293 | scripts/verification/test-stores-summary-rules.ts:406 | scripts/verification/test-stores-summary-rules.ts:478 | scripts/verification/test-stores-summary-rules.ts:478 | scripts/verification/test-tenant-store-scoped-rules.ts:13 | scripts/verification/test-tenant-store-scoped-rules.ts:13 | scripts/verification/test-tenant-store-scoped-rules.ts:52 | scripts/verification/test-tenant-store-scoped-rules.ts:284 | scripts/verification/test-tenant-store-scoped-rules.ts:287 | scripts/verification/test-tenant-store-scoped-rules.ts:302 | scripts/verification/verify-auth-security-failure-matrix.js:4658 | scripts/verification/verify-auth-security-failure-matrix.js:4679 | scripts/verification/verify-billing-entitlement-boundary.js:1483 | scripts/verification/verify-billing-entitlement-boundary.js:1483 | scripts/verification/verify-guest-feedback-boundary.js:149 | scripts/verification/verify-menu-extraction-pipeline.js:2123 | scripts/verification/verify-menu-extraction-pipeline.js:2184 | scripts/verification/verify-menulist-api-tenant-safety.js:123 | scripts/verification/verify-menulist-api-tenant-safety.js:545 | scripts/verification/verify-menulist-api-tenant-safety.js:562 | scripts/verification/verify-menulist-api-tenant-safety.js:1841 | scripts/verification/verify-menulist-api-tenant-safety.js:1909 | scripts/verification/verify-menulist-api-tenant-safety.js:1942 | scripts/verification/verify-menulist-api-tenant-safety.js:2386 | scripts/verification/verify-menulist-api-tenant-safety.js:2433 | scripts/verification/verify-menulist-api-tenant-safety.js:3748 | scripts/verification/verify-menulist-api-tenant-safety.js:3785 | scripts/verification/verify-menulist-api-tenant-safety.js:3893 | scripts/verification/verify-multi-location-boundary.js:315 | scripts/verification/verify-owner-notifications-boundary.js:373 | scripts/verification/verify-owner-notifications-boundary.js:386 | scripts/verification/verify-owner-notifications-boundary.js:498 | scripts/verification/verify-owner-notifications-boundary.js:565 | scripts/verification/verify-platform-pull-api-boundary.js:211","7222f1bd5ffb676fa9e83413600d9e4f8a1a0e847538fcd4db8d8492083b222e","34","firestore.rules | functions/src/analytics/feedbackIntelligence.ts | functions/src/analytics/weeklyNarrative.ts | functions/src/messaging/messagingEngine.ts | scripts/verification/test-answerlattice-workspace-lifecycle-rules.ts | scripts/verification/test-force-republish-lease.ts | scripts/verification/test-messaging-owner-claim-emulator.ts | scripts/verification/test-reseller-owner-claim-emulator.ts | scripts/verification/verify-auth-security-failure-matrix.js | scripts/verification/verify-billing-entitlement-boundary.js | scripts/verification/verify-menu-extraction-pipeline.js | scripts/verification/verify-menulist-api-tenant-safety.js | scripts/verification/verify-multi-location-boundary.js | scripts/verification/verify-owner-notifications-boundary.js | scripts/verification/verify-platform-pull-api-boundary.js | scripts/verification/verify-public-business-truth.js | scripts/verification/verify-temporary-status-boundary.js | src/app/api/domain/route.ts | src/app/api/outlets/brand-propagation/route.ts | src/app/api/outlets/rename/route.ts | src/app/api/platform/entity-blocks/route.ts | src/app/api/projects/outlet-save/route.ts | src/app/api/public/create-menu/claim/route.ts | src/app/api/screen/seen/route.ts | src/app/api/store/temp-status/route.ts | src/components/templates/platform/tenants/index.tsx | src/constants/database.ts | src/database/multiOutlet/propagation.ts | src/database/stores/index.tsx | src/database/tenants/index.tsx | src/lib/auth/index.ts | src/lib/auth/serverUserContext.ts | src/lib/firestore/clientStoreLookup.ts | src/lib/multiTenant/domainLookup.ts | src/lib/onboarding/compensateFailedOnboarding.ts | src/lib/onboarding/createTenantStore.ts | src/lib/platform/platformCounterAllocator.ts","inventory-only","","rule path observed","",""
"testImageBatchAccounting","MenuList/shared","","read/query | reference | write","1","scripts/verification/test-image-batch-item-concurrency-emulator.ts","scripts/verification/test-image-batch-item-concurrency-emulator.ts:361 | scripts/verification/test-image-batch-item-concurrency-emulator.ts:409 | scripts/verification/test-image-batch-item-concurrency-emulator.ts:418 | scripts/verification/test-image-batch-item-concurrency-emulator.ts:435","3c22a449b5ee2d705731ac33d63523c94084862b77fe3a7c5a6cf66e6174ffa5","1","","reviewed","Firestore-emulator-only root collection used as an Admin accounting operation reference; it is not a production collection, constant, route, query or deployed persistence contract","The test uses Admin SDK emulator access only; no production rule path exists and root default deny would block browser access","Exact test document transactions and cleanup only; no production index or TTL policy applies","AUDIT-COLLECTION-CATALOG-LITERAL-PATH-OMISSION-001 | AUDIT-IMAGE-BATCH-EMULATOR-SCOPE-ALIAS-001"
"textSuggestions","MenuList/shared","AI_OPERATIONS_COLLECTIONS.TEXT_SUGGESTIONS","constant definition","1","src/constants/database.ts","src/constants/database.ts:0","7f733feb4a816fb36c9ec92a4f0734fb3872b6bb0d38fffb674918c0a30298de","0","src/constants/database.ts","in-progress","Reserved legacy MenuList AI-operation collection name only; active text generation accounts through scoped operation ledgers rather than this standalone collection","No explicit client rule path; root default deny applies. Any future activation requires a new scoped ownership and runtime-validation review","No active query, document or retention path exists; no index or TTL policy is justified",""
"todos","MenuList/shared","DB_COLLECTIONS.TODOS","constant definition | delete | read/query | security-rule | write","4","firestore.rules | scripts/verification/test-tenant-store-scoped-rules.ts | scripts/verification/test-todo-rules.ts | src/constants/database.ts","firestore.rules:711 | scripts/verification/test-tenant-store-scoped-rules.ts:13 | scripts/verification/test-todo-rules.ts:22 | scripts/verification/test-todo-rules.ts:47 | scripts/verification/test-todo-rules.ts:52 | scripts/verification/test-todo-rules.ts:62 | scripts/verification/test-todo-rules.ts:63 | src/constants/database.ts:0","e6a001afef1e47bb2d8f2a67428823bb1d6caf8855a812d53c2d4121bf39e72f","2","firestore.rules | src/constants/database.ts","in-progress","Retired MenuList tenant/store-scoped task compatibility rows at todos/{tId}/{sId}/{todoId}. No active DAL, component, hook, reducer, route, job, screen, barrel, cache, Redux, SWR, local-storage or public DTO consumes or writes the namespace. Historical rows remain directly readable only to authenticated members whose exact tenant and store claims match the nested path.","Browser reads require authenticated exact tenant and store membership. Every create, update and delete is denied, including tenant administrators; the focused emulator proves historical own-store read, foreign denial and all owner mutations denial. The broad tenant/store suite reconfirms own/mapped-store and foreign isolation. The complete shared rules file remains in-progress, so this row cannot yet be marked reviewed.","No active query or writer exists. The removed DAL's unbounded user/assignee OR query is absent, so no composite index, pagination cursor or cache applies. No TTL/migration/delete is performed; historical rows remain recoverable while new orphan data cannot grow.","AUDIT-TODO-DAL-RUNTIME-CONTRACT-001 | AUDIT-ORPHAN-GENERIC-TODOS-PERSISTENCE-001"
"todosMetadata","MenuList/shared","DB_COLLECTIONS.TODOS_METADATA","constant definition | delete | read/query | security-rule | write","4","firestore.rules | scripts/verification/test-tenant-store-scoped-rules.ts | scripts/verification/test-todo-rules.ts | src/constants/database.ts","firestore.rules:719 | scripts/verification/test-tenant-store-scoped-rules.ts:13 | scripts/verification/test-todo-rules.ts:27 | scripts/verification/test-todo-rules.ts:48 | scripts/verification/test-todo-rules.ts:65 | src/constants/database.ts:0","f5f6e801ae1a490662103992cb7184ed58327719bd0c199cf21dbaa4071a3f26","2","firestore.rules | src/constants/database.ts","in-progress","Retired MenuList tenant/store-scoped Todos configuration compatibility row at todosMetadata/data/{tId}/{sId}. No active DAL or owner/runtime consumer remains. Historical status/tag configuration stays directly readable only to authenticated exact tenant/store members and is not public truth.","Browser reads require authenticated exact tenant and store membership; every create, merge, update and delete is denied. The focused emulator seeds the legacy row under disabled rules, proves own-store compatibility read, foreign denial, merge denial and delete denial. The complete shared rules file remains in-progress, so this row cannot yet be marked reviewed.","Access is one exact compatibility document and needs no index. The removed DAL/config merger is absent; no cache, pagination, TTL, migration or public invalidation applies. Historical rows are retained without accepting new parallel configuration truth.","AUDIT-TODO-DAL-RUNTIME-CONTRACT-001 | AUDIT-ORPHAN-GENERIC-TODOS-PERSISTENCE-001"
"topups","Answerlattice | MenuList/shared","DB_COLLECTIONS.TOPUPS","constant definition | delete | index definition | read/query | reference | security-rule | transaction/batch | write","10","firestore.indexes.json | firestore.rules | scripts/backfill-founder-revenue-read-model.ts | scripts/verification/test-answerlattice-billing-rules.ts | scripts/verification/test-product-subscription-scope-emulator.ts | scripts/verification/verify-billing-entitlement-boundary.js | scripts/verification/verify-owner-referral.ts | src/app/api/razorpay/verify-topup/route.ts | src/constants/database.ts | src/lib/billing/topupSettlementServer.ts","firestore.indexes.json:3034 | firestore.rules:614 | scripts/backfill-founder-revenue-read-model.ts:635 | scripts/verification/test-answerlattice-billing-rules.ts:88 | scripts/verification/test-answerlattice-billing-rules.ts:133 | scripts/verification/test-answerlattice-billing-rules.ts:149 | scripts/verification/test-answerlattice-billing-rules.ts:174 | scripts/verification/test-answerlattice-billing-rules.ts:200 | scripts/verification/test-answerlattice-billing-rules.ts:201 | scripts/verification/test-answerlattice-billing-rules.ts:336 | scripts/verification/test-answerlattice-billing-rules.ts:337 | scripts/verification/test-answerlattice-billing-rules.ts:339 | scripts/verification/test-product-subscription-scope-emulator.ts:54 | scripts/verification/test-product-subscription-scope-emulator.ts:91 | scripts/verification/test-product-subscription-scope-emulator.ts:97 | scripts/verification/test-product-subscription-scope-emulator.ts:106 | scripts/verification/verify-billing-entitlement-boundary.js:965 | scripts/verification/verify-owner-referral.ts:428 | src/app/api/razorpay/verify-topup/route.ts:253 | src/lib/billing/topupSettlementServer.ts:94 | src/lib/billing/topupSettlementServer.ts:171 | src/constants/database.ts:0","8964ec902c93d781a97f162534c48670856bf216cb23f52bed7b80ee5cc6f7d4","6","firestore.indexes.json | firestore.rules | scripts/verification/verify-billing-entitlement-boundary.js | src/constants/database.ts","in-progress","Product-local server-owned immutable Razorpay order snapshot keyed by normalized order ID. Authenticated creation uses transaction create semantics; an exact pending replay preserves the original timestamp, while paid, foreign or conflicting collisions are rejected unchanged. Verify and signed webhook settlement require complete agreeing product, tenant, store, billing-store and pack identity, re-read the transaction-current exact-dual product subscription, preserve the frozen billing store, guard safe-integer balances and apply credits once. Answerlattice store-summary writes use only the admitted transaction-current identity/credit projection. Browser access is limited to current exact MenuList tenant/store/product reads; Answerlattice top-ups remain server-only","Shared rules require both exact ML aliases plus present, agreeing tenant/store aliases and current MenuList tenant/store for reads, and deny all browser writes. Focused shared-rules emulation proves exact ML access and rejects conflicting scope, same-scope foreign-product and incomplete-product reads","Owner list admission is product/scope constrained; create and settlement use exact document reads and transactions. Historical alias-less or incomplete-scope rows are not inferred or mutated, and no active owner history depends on them","AUDIT-BILLING-TOPUP-CURRENT-SUBSCRIPTION-001 | AUDIT-BILLING-RESOURCE-PRODUCT-ISOLATION-001 | AUDIT-BILLING-TOPUP-SNAPSHOT-SCOPE-001 | AUDIT-ANSWERLATTICE-TOPUP-MIRROR-CURRENT-STATE-001"
"trustReports","CampaignCue","CAMPAIGNCUE_COLLECTIONS.TRUST_REPORTS","constant definition | reference | security-rule | write","3","firestore-campaigncue.rules | src/constants/campaigncue/database.ts | src/lib/campaigncue/server.ts","firestore-campaigncue.rules:51 | src/lib/campaigncue/server.ts:2808 | src/lib/campaigncue/server.ts:3164 | src/constants/campaigncue/database.ts:0","69a9db0986bcce817800edea325862eda806feddbef31fbb78798577d104e882","3","","reviewed","Dedicated CampaignCue workspace-nested trust report created with a campaign pack from one coherent bounded decision-authority snapshot. Campaign creation transactionally rehashes workspace, business, sources, assets, locations, schedules, campaigns and analytics before writing the report, campaign, event, summary and replay claim","Direct browser reads require current active exact-CC workspace membership; every client write is denied. Creation uses dedicated Admin authority after exact session/store/workspace and retry admission","Runtime writes and replays by server-generated exact document ID; no list query, composite index or TTL policy is required","AUDIT-CAMPAIGNCUE-FIREBASE-RULES-001 | AUDIT-CC-CAMPAIGN-CREATE-SCHEMA-001 | AUDIT-CC-CAMPAIGN-AUTHORITY-TOCTOU-001 | AUDIT-CC-PERSISTED-RECORD-BOUNDARY-001"
"usageLedger","CampaignCue","CAMPAIGNCUE_COLLECTIONS.USAGE_LEDGER","constant definition | security-rule","2","firestore-campaigncue.rules | src/constants/campaigncue/database.ts","firestore-campaigncue.rules:76 | src/constants/campaigncue/database.ts:0","489b606e865568cbce4ec88f72221b94ccc00ed62f03d27a8cd9412b7377e3b1","2","","reviewed","Reserved CampaignCue workspace usage-ledger identity only; no billing, quota, producer, consumer, query, route or deployed document contract exists","Only active durable CampaignCue workspace members with exact CC/tenant/store scope may read future server-owned rows; every client write is denied","No active query, composite index or TTL policy exists or is justified","AUDIT-CAMPAIGNCUE-FIREBASE-RULES-001 | AUDIT-CC-CLIENT-WORKSPACE-MEMBERSHIP-001"
"users","Answerlattice | MenuList/shared | SignalDesk","ANSWERLATTICE_FUNCTIONS_DB_COLLECTIONS.USERS | DB_COLLECTIONS.USERS | FUNCTIONS_DB_COLLECTIONS.USERS","cache/derived-state | constant definition | delete | index definition | read/query | reference | security-rule | transaction/batch | write","68","firestore-answerlattice.indexes.json | firestore.indexes.json | firestore.rules | functions-answerlattice/src/answerlattice/chatAnalyticsAggregation.ts | functions-answerlattice/src/callableAuth.ts | functions-answerlattice/src/constants/database.ts | functions/src/constants/database.ts | functions/src/decisionBlocksScoring.ts | functions/src/messagingOnboarding/sessionEngine.ts | functions/src/monitoring/publishVerification.ts | scripts/verification/e2e-signaldesk-local.js | scripts/verification/test-answerlattice-chat-analytics-scheduler.ts | scripts/verification/test-answerlattice-onboarding-provisioning-emulator.ts | scripts/verification/test-answerlattice-ontology-contracts.ts | scripts/verification/test-answerlattice-staff-concurrency-emulator.ts | scripts/verification/test-answerlattice-workspace-lifecycle-emulator.ts | scripts/verification/test-claim-account-concurrency-emulator.ts | scripts/verification/test-current-platform-user-emulator.ts | scripts/verification/test-force-republish-lease.ts | scripts/verification/test-messaging-inbound-queue-emulator.ts | scripts/verification/test-messaging-owner-claim-emulator.ts | scripts/verification/test-messaging-session-concurrency-emulator.ts | scripts/verification/test-onboarding-user-concurrency-emulator.ts | scripts/verification/test-phone-otp-transaction-emulator.ts | scripts/verification/test-publish-verification-scope.ts | scripts/verification/test-reseller-owner-claim-emulator.ts | scripts/verification/test-reseller-profile-admission-emulator.ts | scripts/verification/test-signaldesk-access-boundary.js | scripts/verification/test-staff-concurrency-emulator.ts | scripts/verification/verify-answerlattice-runtime-truth.js | scripts/verification/verify-auth-security-failure-matrix.js | scripts/verification/verify-menulist-api-tenant-safety.js | scripts/verification/verify-messaging-onboarding-monitor-boundary.js | scripts/verification/verify-multi-location-boundary.js | scripts/verification/verify-reseller-dashboard-boundary.js | src/app/api/answerlattice/onboard/route.ts | src/app/api/answerlattice/platform/workspace-lifecycle/route.ts | src/app/api/answerlattice/platform/workspaces/route.ts | src/app/api/auth/access-status/route.ts | src/app/api/auth/change-password/route.ts | src/app/api/auth/claim-account/route.ts | src/app/api/auth/set-claims/route.ts | src/app/api/outlets/create/route.ts | src/app/api/platform/entity-blocks/route.ts | src/app/api/reseller/manage/route.ts | src/app/api/reseller/onboard/route.ts | src/constants/database.ts | src/database/reseller/server.ts | src/database/users/index.ts | src/lib/answerlattice/accessControl.ts | src/lib/answerlattice/onboardingProvisioningServer.ts | src/lib/answerlattice/staffAccessBridge.ts | src/lib/answerlattice/staffAccessServer.ts | src/lib/answerlattice/staffAccessTransactions.ts | src/lib/answerlattice/workspaceLifecycleServer.ts | src/lib/auth/claimAccountConcurrency.ts | src/lib/auth/currentPlatformUser.ts | src/lib/auth/phoneOtp.ts | src/lib/auth/serverUserContext.ts | src/lib/messaging-onboarding/messagingOwnerClaim.ts | src/lib/messaging-onboarding/publish.ts | src/lib/multiOutlet/serverStoreAccess.ts | src/lib/onboarding/compensateFailedOnboarding.ts | src/lib/onboarding/createTenantStore.ts | src/lib/reseller/resellerOwnerClaim.ts | src/lib/staffManagement/concurrencyBoundary.ts | src/lib/staffManagement/server.ts | src/lib/userProfile/server.ts","firestore-answerlattice.indexes.json:4 | firestore.indexes.json:4 | firestore.rules:83 | functions-answerlattice/src/answerlattice/chatAnalyticsAggregation.ts:166 | functions-answerlattice/src/callableAuth.ts:51 | functions/src/decisionBlocksScoring.ts:999 | functions/src/messagingOnboarding/sessionEngine.ts:662 | functions/src/monitoring/publishVerification.ts:257 | functions/src/monitoring/publishVerification.ts:342 | functions/src/monitoring/publishVerification.ts:368 | functions/src/monitoring/publishVerification.ts:539 | scripts/verification/e2e-signaldesk-local.js:3716 | scripts/verification/test-answerlattice-chat-analytics-scheduler.ts:47 | scripts/verification/test-answerlattice-chat-analytics-scheduler.ts:47 | scripts/verification/test-answerlattice-chat-analytics-scheduler.ts:48 | scripts/verification/test-answerlattice-chat-analytics-scheduler.ts:48 | scripts/verification/test-answerlattice-chat-analytics-scheduler.ts:172 | scripts/verification/test-answerlattice-chat-analytics-scheduler.ts:172 | scripts/verification/test-answerlattice-chat-analytics-scheduler.ts:183 | scripts/verification/test-answerlattice-chat-analytics-scheduler.ts:183 | scripts/verification/test-answerlattice-onboarding-provisioning-emulator.ts:55 | scripts/verification/test-answerlattice-onboarding-provisioning-emulator.ts:112 | scripts/verification/test-answerlattice-onboarding-provisioning-emulator.ts:222 | scripts/verification/test-answerlattice-onboarding-provisioning-emulator.ts:294 | scripts/verification/test-answerlattice-onboarding-provisioning-emulator.ts:310 | scripts/verification/test-answerlattice-ontology-contracts.ts:228 | scripts/verification/test-answerlattice-staff-concurrency-emulator.ts:69 | scripts/verification/test-answerlattice-staff-concurrency-emulator.ts:118 | scripts/verification/test-answerlattice-staff-concurrency-emulator.ts:429 | scripts/verification/test-answerlattice-staff-concurrency-emulator.ts:471 | scripts/verification/test-answerlattice-staff-concurrency-emulator.ts:501 | scripts/verification/test-answerlattice-staff-concurrency-emulator.ts:580 | scripts/verification/test-answerlattice-staff-concurrency-emulator.ts:611 | scripts/verification/test-answerlattice-staff-concurrency-emulator.ts:664 | scripts/verification/test-answerlattice-staff-concurrency-emulator.ts:693 | scripts/verification/test-answerlattice-staff-concurrency-emulator.ts:723 | scripts/verification/test-answerlattice-staff-concurrency-emulator.ts:753 | scripts/verification/test-answerlattice-staff-concurrency-emulator.ts:782 | scripts/verification/test-answerlattice-staff-concurrency-emulator.ts:825 | scripts/verification/test-answerlattice-staff-concurrency-emulator.ts:843 | scripts/verification/test-answerlattice-staff-concurrency-emulator.ts:864 | scripts/verification/test-answerlattice-workspace-lifecycle-emulator.ts:34 | scripts/verification/test-answerlattice-workspace-lifecycle-emulator.ts:36 | scripts/verification/test-claim-account-concurrency-emulator.ts:19 | scripts/verification/test-claim-account-concurrency-emulator.ts:171 | scripts/verification/test-claim-account-concurrency-emulator.ts:189 | scripts/verification/test-current-platform-user-emulator.ts:17 | scripts/verification/test-current-platform-user-emulator.ts:17 | scripts/verification/test-current-platform-user-emulator.ts:30 | scripts/verification/test-current-platform-user-emulator.ts:30 | scripts/verification/test-current-platform-user-emulator.ts:90 | scripts/verification/test-current-platform-user-emulator.ts:90 | scripts/verification/test-force-republish-lease.ts:30 | scripts/verification/test-force-republish-lease.ts:30 | scripts/verification/test-force-republish-lease.ts:35 | scripts/verification/test-force-republish-lease.ts:35 | scripts/verification/test-messaging-inbound-queue-emulator.ts:98 | scripts/verification/test-messaging-inbound-queue-emulator.ts:401 | scripts/verification/test-messaging-owner-claim-emulator.ts:30 | scripts/verification/test-messaging-owner-claim-emulator.ts:136 | scripts/verification/test-messaging-session-concurrency-emulator.ts:472 | scripts/verification/test-messaging-session-concurrency-emulator.ts:480 | scripts/verification/test-messaging-session-concurrency-emulator.ts:486 | scripts/verification/test-onboarding-user-concurrency-emulator.ts:25 | scripts/verification/test-phone-otp-transaction-emulator.ts:148 | scripts/verification/test-phone-otp-transaction-emulator.ts:184 | scripts/verification/test-phone-otp-transaction-emulator.ts:201 | scripts/verification/test-phone-otp-transaction-emulator.ts:224 | scripts/verification/test-phone-otp-transaction-emulator.ts:245 | scripts/verification/test-phone-otp-transaction-emulator.ts:249 | scripts/verification/test-publish-verification-scope.ts:37 | scripts/verification/test-publish-verification-scope.ts:37 | scripts/verification/test-reseller-owner-claim-emulator.ts:15 | scripts/verification/test-reseller-profile-admission-emulator.ts:22 | scripts/verification/test-signaldesk-access-boundary.js:33 | scripts/verification/test-staff-concurrency-emulator.ts:46 | scripts/verification/test-staff-concurrency-emulator.ts:82 | scripts/verification/test-staff-concurrency-emulator.ts:100 | scripts/verification/test-staff-concurrency-emulator.ts:131 | scripts/verification/test-staff-concurrency-emulator.ts:178","6dfffe0a54e11952d0721eef1effb26cec88f77f499adb23f68a98afc31d3aa9","29","firestore.indexes.json | firestore.rules | functions-answerlattice/src/answerlattice/chatAnalyticsAggregation.ts | functions-answerlattice/src/callableAuth.ts | functions/src/messagingOnboarding/sessionEngine.ts | scripts/verification/e2e-signaldesk-local.js | scripts/verification/test-answerlattice-chat-analytics-scheduler.ts | scripts/verification/test-current-platform-user-emulator.ts | scripts/verification/test-force-republish-lease.ts | scripts/verification/test-messaging-inbound-queue-emulator.ts | scripts/verification/test-messaging-owner-claim-emulator.ts | scripts/verification/test-messaging-session-concurrency-emulator.ts | scripts/verification/test-onboarding-user-concurrency-emulator.ts | scripts/verification/test-reseller-owner-claim-emulator.ts | scripts/verification/test-reseller-profile-admission-emulator.ts | scripts/verification/test-signaldesk-access-boundary.js | scripts/verification/verify-answerlattice-runtime-truth.js | scripts/verification/verify-auth-security-failure-matrix.js | scripts/verification/verify-menulist-api-tenant-safety.js | scripts/verification/verify-messaging-onboarding-monitor-boundary.js | scripts/verification/verify-multi-location-boundary.js | scripts/verification/verify-reseller-dashboard-boundary.js | src/app/api/answerlattice/onboard/route.ts | src/app/api/platform/entity-blocks/route.ts | src/constants/database.ts | src/database/users/index.ts | src/lib/answerlattice/accessControl.ts | src/lib/answerlattice/staffAccessServer.ts | src/lib/answerlattice/staffAccessTransactions.ts | src/lib/auth/currentPlatformUser.ts | src/lib/auth/serverUserContext.ts | src/lib/messaging-onboarding/messagingOwnerClaim.ts | src/lib/messaging-onboarding/publish.ts | src/lib/multiOutlet/serverStoreAccess.ts | src/lib/onboarding/compensateFailedOnboarding.ts | src/lib/onboarding/createTenantStore.ts | src/lib/reseller/resellerOwnerClaim.ts | src/lib/staffManagement/server.ts | src/lib/userProfile/server.ts","in-progress","Product-local identity and access documents under the same collection name in separate MenuList, Answerlattice and SignalDesk Firebase projects. Restart 983 directly traces the MenuList staff-create family: authenticated owner/platform authority resolves an exact tenant/store, normalized optional login email, role and store mapping; Firebase Auth identity and Firestore user/access-state truth are coupled through deterministic UID documents, transaction-current store assignments and compensation after failed first persistence. Existing-email verification or store assignment now proceeds only when the bounded query proves exactly one persisted email authority. Other owner, onboarding, phone, reseller, Answerlattice workspace and SignalDesk access producers/consumers retain prior or inventory evidence, so this multi-family collection is not globally closed.","Each product uses its own Firebase project/ruleset. The reviewed MenuList server mutation uses Admin SDK only after withAuth, bounded input validation, rate limiting, exact session actor, tenant/store permission and current store/role validation; client user reads/writes remain governed by the MenuList users rule family. The two-row email overflow branch fails before Auth or Firestore effects and logs no email value. Answerlattice and SignalDesk user/access rules are separate and are not inferred from this MenuList review.","MenuList staff email admission uses one exact normalized-email equality query capped at two documents as an overflow probe; the default single-field email index suffices. Staff user persistence is a deterministic UID point create/update coupled to deterministic per-store access-state documents. Other user queries and product-local indexes remain represented across 68 current source relationships and require direct reverse review. No public output or Next cache is derived directly from the reviewed create path; active browser staff lists are refreshed through the existing staff client/state flow.","AUDIT-STAFF-EMAIL-AUTHORITY-AMBIGUITY-001"
"usersSchedules","MenuList/shared","DB_COLLECTIONS.USERS_SCHEDULES","constant definition","1","src/constants/database.ts","src/constants/database.ts:0","fa1613c496e6c6405c00d2db233b2bd810e11cf1efce9f959bb361d16518292a","0","src/constants/database.ts","in-progress","Reserved legacy MenuList staff-scheduling collection name only; current staff management has no reader, writer, query, route, job or persisted schedule contract","No explicit client rule path; root default deny applies. Any future scheduling activation requires an exact tenant/store/user rules and concurrency review","No active query, document or retention path exists; no index or TTL policy is justified",""
"weeklyDigests","MenuList/shared","DB_COLLECTIONS.WEEKLY_DIGESTS","constant definition","1","src/constants/database.ts","src/constants/database.ts:0","86b4a6e18687d3443d205b7d64baf1f3d5c49ac3dd927ada02756f02f732ba7f","0","src/constants/database.ts","in-progress","Reserved legacy MenuList weekly-summary collection name only; current MenuList analytics and Answerlattice deterministic insights use separate active contracts","No explicit client rule path; root default deny applies. Any future activation requires product-specific ownership and private-output review","No active query, document or retention path exists; no index or TTL policy is justified",""
